"unique.id","temp","nit","salt","block","carbon.added","mic","plate","well","rep","mu","peak.RFU","time","n.points"
"b1.t14.p1.w1",14,1000,0,1,TRUE,"6",1,1,1,0.750624882990206,3955,5.93387731481481,10
"b1.t14.p1.w13",14,1000,0,1,TRUE,"12",1,13,3,0.166533554470617,2685,1.06311342592593,3
"b1.t14.p1.w18",14,1000,0,1,TRUE,"7",1,18,1,0.587238448594159,1053,5.93387731481481,10
"b1.t14.p1.w20",14,1000,0,1,TRUE,"all",1,20,2,0.615785083659735,1305,4.93763888888889,9
"b1.t14.p1.w25",14,1000,0,1,TRUE,"14",1,25,1,0.621006099708073,1300,5.93387731481481,10
"b1.t14.p1.w26",14,1000,0,1,TRUE,"14",1,26,3,0.606294002498509,1175,5.93387731481481,10
"b1.t14.p1.w30",14,1000,0,1,TRUE,"7",1,30,2,0.649109257997783,1228,5.93387731481481,10
"b1.t14.p1.w31",14,1000,0,1,TRUE,"12",1,31,2,0.110091578809199,1371,1.06311342592593,3
"b1.t14.p1.w32",14,1000,0,1,TRUE,"3",1,32,3,0.33590948207789,1199,2.99891203703704,7
"b1.t14.p1.w33",14,1000,0,1,TRUE,"4",1,33,3,0.632574770756169,1768,5.93387731481481,10
"b1.t14.p1.w34",14,1000,0,1,TRUE,"all",1,34,3,0.629294174687719,1281,5.93387731481481,10
"b1.t14.p1.w37",14,1000,0,1,TRUE,"10",1,37,1,0.607553867029008,1214,5.93387731481481,10
"b1.t14.p1.w39",14,1000,0,1,TRUE,"5",1,39,2,0.636944385081904,1391,5.93387731481481,10
"b1.t14.p1.w4",14,1000,0,1,TRUE,"2",1,4,3,0.0658858041700033,1344,1.06311342592593,3
"b1.t14.p1.w43",14,1000,0,1,TRUE,"3",1,43,2,0.736308559128439,2470,5.93387731481481,10
"b1.t14.p1.w45",14,1000,0,1,TRUE,"4",1,45,1,0.627890627324554,1278,5.93387731481481,10
"b1.t14.p1.w46",14,1000,0,1,TRUE,"6",1,46,3,0.642983292583976,1184,5.93387731481481,10
"b1.t14.p1.w5",14,1000,0,1,TRUE,"8",1,5,2,0.631188655269405,1697,5.93387731481481,10
"b1.t14.p1.w51",14,1000,0,1,TRUE,"11",1,51,3,0.355511628659186,241,4.08880787037037,8
"b1.t14.p1.w52",14,1000,0,1,TRUE,"8",1,52,1,0.408429678669394,1204,2.99891203703704,7
"b1.t14.p1.w53",14,1000,0,1,TRUE,"13",1,53,3,0.627910196839198,1444,5.93387731481481,10
"b1.t14.p1.w55",14,1000,0,1,TRUE,"10",1,55,2,0.598237015755542,1249,5.93387731481481,10
"b1.t14.p1.w58",14,1000,0,1,TRUE,"4",1,58,2,0.215266661954641,1428,1.06311342592593,3
"b1.t14.p2.w101",14,1000,0,1,TRUE,"15",2,101,2,0.414978426232348,1160,1.06538194444444,3
"b1.t14.p2.w102",14,1000,0,1,TRUE,"2",2,102,1,0.710705188772177,1376,5.93599537037037,10
"b1.t14.p2.w103",14,1000,0,1,TRUE,"5",2,103,3,0.635383388730387,1062,5.93599537037037,10
"b1.t14.p2.w105",14,1000,0,1,TRUE,"14",2,105,2,0.598849725486803,1165,5.93599537037037,10
"b1.t14.p2.w106",14,1000,0,1,TRUE,"15",2,106,1,0.686308167704611,1062,4.94009259259259,9
"b1.t14.p2.w110",14,1000,0,1,TRUE,"13",2,110,2,0.693541047413085,1347,4.94009259259259,9
"b1.t14.p2.w112",14,1000,0,1,TRUE,"all",2,112,1,0.60512565283484,1540,5.93599537037037,10
"b1.t14.p2.w113",14,1000,0,1,TRUE,"1",2,113,3,0.641461399663743,1300,5.93599537037037,10
"b1.t14.p2.w115",14,1000,0,1,TRUE,"1",2,115,2,0.641422268143107,1017,5.93599537037037,10
"b1.t14.p2.w116",14,1000,0,1,TRUE,"6",2,116,2,0.659270429671876,1074,5.93599537037037,10
"b1.t14.p2.w119",14,1000,0,1,TRUE,"5",2,119,1,0.608077253102513,1261,5.93599537037037,10
"b1.t14.p2.w120",14,1000,0,1,TRUE,"9",2,120,2,0.64163644015312,1558,5.93599537037037,10
"b1.t14.p2.w64",14,1000,0,1,TRUE,"8",2,64,3,0.797937414334251,1273,4.94009259259259,9
"b1.t14.p2.w65",14,1000,0,1,TRUE,"12",2,65,1,0.714862257207768,1442,4.94009259259259,9
"b1.t14.p2.w67",14,1000,0,1,TRUE,"11",2,67,2,0.462387456448703,392,4.94009259259259,9
"b1.t14.p2.w69",14,1000,0,1,TRUE,"15",2,69,3,0.702143604184876,1607,4.94009259259259,9
"b1.t14.p2.w71",14,1000,0,1,TRUE,"none",2,71,2,0.34658320940488,1370,1.06538194444444,3
"b1.t14.p2.w74",14,1000,0,1,TRUE,"2",2,74,2,0.672530993000839,1191,4.94009259259259,9
"b1.t14.p2.w76",14,1000,0,1,TRUE,"10",2,76,3,0.748179328817424,1484,4.94009259259259,9
"b1.t14.p2.w78",14,1000,0,1,TRUE,"none",2,78,1,0.625734145559543,1395,5.93599537037037,10
"b1.t14.p2.w85",14,1000,0,1,TRUE,"9",2,85,1,0.589941934638135,1062,5.93599537037037,10
"b1.t14.p2.w86",14,1000,0,1,TRUE,"3",2,86,1,0.663332403359938,1793,5.93599537037037,10
"b1.t14.p2.w90",14,1000,0,1,TRUE,"1",2,90,1,0.636792543318106,1511,5.93599537037037,10
"b1.t14.p2.w91",14,1000,0,1,TRUE,"none",2,91,3,0.612359577110971,1802,5.93599537037037,10
"b1.t14.p2.w92",14,1000,0,1,TRUE,"13",2,92,1,0.583467796844362,974,5.93599537037037,10
"b1.t14.p2.w93",14,1000,0,1,TRUE,"7",2,93,3,0.634793958092515,1028,5.93599537037037,10
"b1.t14.p2.w95",14,1000,0,1,TRUE,"11",2,95,1,0.421889540667605,345,4.08658564814815,8
"b1.t14.p2.w99",14,1000,0,1,TRUE,"9",2,99,3,0.605279602459209,1197,5.93599537037037,10
"b1.t20.p1.w1",20,1000,0,1,TRUE,"2",1,1,1,1.13537445161807,1639,2.93166666666667,7
"b1.t20.p1.w12",20,1000,0,1,TRUE,"15",1,12,2,0.996258324469946,1866,2.93166666666667,7
"b1.t20.p1.w13",20,1000,0,1,TRUE,"4",1,13,2,1.07689202516278,1737,2.93166666666667,7
"b1.t20.p1.w17",20,1000,0,1,TRUE,"6",1,17,2,1.15786810586964,1495,2.93166666666667,7
"b1.t20.p1.w18",20,1000,0,1,TRUE,"11",1,18,1,0.481411991829093,124,0.997453703703704,3
"b1.t20.p1.w19",20,1000,0,1,TRUE,"15",1,19,3,1.08936510604398,1948,2.93166666666667,7
"b1.t20.p1.w20",20,1000,0,1,TRUE,"9",1,20,2,1.00460644600433,1700,1.79569444444444,5
"b1.t20.p1.w3",20,1000,0,1,TRUE,"none",1,3,1,1.15117149543861,2420,2.93166666666667,7
"b1.t20.p1.w30",20,1000,0,1,TRUE,"1",1,30,2,0.892727766982363,1454,1.79569444444444,5
"b1.t20.p1.w31",20,1000,0,1,TRUE,"none",1,31,3,1.09879621171741,2266,2.93166666666667,7
"b1.t20.p1.w33",20,1000,0,1,TRUE,"10",1,33,1,1.15974828629796,1438,2.93166666666667,7
"b1.t20.p1.w36",20,1000,0,1,TRUE,"6",1,36,1,1.04061782653424,1290,2.93166666666667,7
"b1.t20.p1.w37",20,1000,0,1,TRUE,"11",1,37,3,0.598941201528133,115,2.12670138888889,6
"b1.t20.p1.w38",20,1000,0,1,TRUE,"2",1,38,3,1.10891934929789,1423,2.93166666666667,7
"b1.t20.p1.w39",20,1000,0,1,TRUE,"14",1,39,3,1.09268009837383,1726,1.79569444444444,5
"b1.t20.p1.w45",20,1000,0,1,TRUE,"8",1,45,1,1.12375195843145,1352,2.93166666666667,7
"b1.t20.p1.w47",20,1000,0,1,TRUE,"none",1,47,2,1.06008979432841,1496,1.79569444444444,5
"b1.t20.p1.w48",20,1000,0,1,TRUE,"4",1,48,3,1.14989410075254,1528,2.93166666666667,7
"b1.t20.p1.w49",20,1000,0,1,TRUE,"all",1,49,3,1.02201712323298,591,2.12670138888889,6
"b1.t20.p1.w50",20,1000,0,1,TRUE,"1",1,50,1,1.19751589277054,1761,2.93166666666667,7
"b1.t20.p1.w51",20,1000,0,1,TRUE,"7",1,51,1,1.15830836662803,1598,2.93166666666667,7
"b1.t20.p1.w54",20,1000,0,1,TRUE,"12",1,54,3,1.01739971954423,1964,4.03009259259259,8
"b1.t20.p1.w55",20,1000,0,1,TRUE,"1",1,55,3,1.15091632654374,1799,2.93166666666667,7
"b1.t20.p1.w57",20,1000,0,1,TRUE,"9",1,57,1,0.944422252818124,1528,1.79569444444444,5
"b1.t20.p1.w58",20,1000,0,1,TRUE,"5",1,58,2,1.05087617322983,1703,2.93166666666667,7
"b1.t20.p1.w8",20,1000,0,1,TRUE,"14",1,8,2,1.09945280459857,1863,2.93166666666667,7
"b1.t20.p1.w9",20,1000,0,1,TRUE,"6",1,9,3,1.05454026601832,1664,1.79569444444444,5
"b1.t20.p2.w102",20,1000,0,1,TRUE,"15",2,102,1,1.19727531301924,2239,2.93383101851852,7
"b1.t20.p2.w106",20,1000,0,1,TRUE,"13",2,106,1,1.17825145175914,1596,2.93383101851852,7
"b1.t20.p2.w113",20,1000,0,1,TRUE,"7",2,113,3,1.20929100140026,1841,2.93383101851852,7
"b1.t20.p2.w115",20,1000,0,1,TRUE,"14",2,115,1,0.624587633149334,1688,0.999965277777778,3
"b1.t20.p2.w116",20,1000,0,1,TRUE,"4",2,116,1,1.15246560890041,1458,2.93383101851852,7
"b1.t20.p2.w117",20,1000,0,1,TRUE,"12",2,117,1,1.11991139430486,1775,2.93383101851852,7
"b1.t20.p2.w120",20,1000,0,1,TRUE,"8",2,120,2,1.1926149829747,2177,2.93383101851852,7
"b1.t20.p2.w63",20,1000,0,1,TRUE,"all",2,63,2,0.901050274260073,632,2.1287962962963,6
"b1.t20.p2.w64",20,1000,0,1,TRUE,"2",2,64,2,1.22973009213951,1720,2.93383101851852,7
"b1.t20.p2.w65",20,1000,0,1,TRUE,"13",2,65,3,1.17109358995637,1421,2.93383101851852,7
"b1.t20.p2.w69",20,1000,0,1,TRUE,"7",2,69,2,1.07984733189315,1399,2.93383101851852,7
"b1.t20.p2.w70",20,1000,0,1,TRUE,"3",2,70,1,1.10727283865699,1803,2.93383101851852,7
"b1.t20.p2.w71",20,1000,0,1,TRUE,"3",2,71,2,1.02773677445494,2090,4.03222222222222,9
"b1.t20.p2.w76",20,1000,0,1,TRUE,"all",2,76,1,0.913307603737598,586,2.93383101851852,7
"b1.t20.p2.w77",20,1000,0,1,TRUE,"12",2,77,2,1.22253184217585,1891,2.93383101851852,7
"b1.t20.p2.w78",20,1000,0,1,TRUE,"8",2,78,3,1.11243435226508,1776,2.93383101851852,7
"b1.t20.p2.w80",20,1000,0,1,TRUE,"3",2,80,3,1.21373642751803,1935,2.93383101851852,7
"b1.t20.p2.w81",20,1000,0,1,TRUE,"13",2,81,2,1.1561525084309,1667,2.93383101851852,7
"b1.t20.p2.w88",20,1000,0,1,TRUE,"5",2,88,3,1.14300535080484,1754,2.93383101851852,7
"b1.t20.p2.w92",20,1000,0,1,TRUE,"9",2,92,3,1.16272998698404,1898,2.93383101851852,8
"b1.t20.p2.w93",20,1000,0,1,TRUE,"10",2,93,3,1.12387284110328,1799,2.93383101851852,7
"b1.t20.p2.w94",20,1000,0,1,TRUE,"10",2,94,2,1.20793432721947,1959,2.93383101851852,7
"b1.t20.p2.w96",20,1000,0,1,TRUE,"11",2,96,2,0.691351523969117,129,1.79825231481481,5
"b1.t20.p2.w99",20,1000,0,1,TRUE,"5",2,99,1,1.21538069966675,2088,2.93383101851852,7
"b1.t25.p1.w1",25,1000,0,1,TRUE,"all",1,1,3,1.25904923686829,1052,0.991921296296296,3
"b1.t25.p1.w13",25,1000,0,1,TRUE,"10",1,13,3,1.70595260007819,2730,2.11513888888889,6
"b1.t25.p1.w14",25,1000,0,1,TRUE,"11",1,14,2,1.05831510035106,262,1.78746527777778,5
"b1.t25.p1.w16",25,1000,0,1,TRUE,"12",1,16,2,1.65349524349468,2348,2.11513888888889,6
"b1.t25.p1.w18",25,1000,0,1,TRUE,"5",1,18,1,1.70070050072699,2366,2.11513888888889,6
"b1.t25.p1.w2",25,1000,0,1,TRUE,"11",1,2,3,1.22458284280017,389,1.78746527777778,5
"b1.t25.p1.w20",25,1000,0,1,TRUE,"all",1,20,2,1.58419317917516,1007,2.11513888888889,6
"b1.t25.p1.w22",25,1000,0,1,TRUE,"9",1,22,1,1.70055992237529,2398,2.11513888888889,6
"b1.t25.p1.w26",25,1000,0,1,TRUE,"11",1,26,1,0.972357705465758,257,0.991921296296296,3
"b1.t25.p1.w30",25,1000,0,1,TRUE,"13",1,30,2,1.66054827488242,1978,2.11513888888889,6
"b1.t25.p1.w31",25,1000,0,1,TRUE,"3",1,31,1,1.77036878207524,3113,2.11513888888889,6
"b1.t25.p1.w33",25,1000,0,1,TRUE,"4",1,33,2,1.85048332641614,2363,2.11513888888889,6
"b1.t25.p1.w34",25,1000,0,1,TRUE,"1",1,34,2,1.83497527912588,2186,2.11513888888889,6
"b1.t25.p1.w35",25,1000,0,1,TRUE,"14",1,35,2,1.91247151216169,2612,2.11513888888889,6
"b1.t25.p1.w42",25,1000,0,1,TRUE,"all",1,42,1,1.62915976083279,953,2.11513888888889,6
"b1.t25.p1.w46",25,1000,0,1,TRUE,"13",1,46,3,1.23958866285405,1147,0.991921296296296,3
"b1.t25.p1.w47",25,1000,0,1,TRUE,"7",1,47,2,1.74120387851223,2545,2.11513888888889,6
"b1.t25.p1.w48",25,1000,0,1,TRUE,"none",1,48,3,1.63808102407073,2478,2.11513888888889,6
"b1.t25.p1.w51",25,1000,0,1,TRUE,"8",1,51,2,1.81261306171675,2808,2.11513888888889,6
"b1.t25.p1.w53",25,1000,0,1,TRUE,"15",1,53,3,1.81783982551777,2763,2.11513888888889,6
"b1.t25.p1.w54",25,1000,0,1,TRUE,"none",1,54,2,1.81292444298997,2570,2.11513888888889,6
"b1.t25.p1.w55",25,1000,0,1,TRUE,"none",1,55,1,1.82483542315892,2578,2.11513888888889,6
"b1.t25.p1.w58",25,1000,0,1,TRUE,"1",1,58,1,1.81432746079927,2591,2.11513888888889,6
"b1.t25.p1.w60",25,1000,0,1,TRUE,"15",1,60,2,1.85828807108399,3058,2.11513888888889,6
"b1.t25.p1.w8",25,1000,0,1,TRUE,"9",1,8,2,1.74711787601185,2330,2.11513888888889,6
"b1.t25.p1.w9",25,1000,0,1,TRUE,"14",1,9,1,1.66792244755919,2717,2.11513888888889,6
"b1.t25.p2.w101",25,1000,0,1,TRUE,"7",2,101,1,1.68345597376269,2302,2.11729166666667,6
"b1.t25.p2.w103",25,1000,0,1,TRUE,"15",2,103,1,1.58065829353938,2113,2.11729166666667,6
"b1.t25.p2.w105",25,1000,0,1,TRUE,"2",2,105,1,1.77118589926084,2920,2.11729166666667,6
"b1.t25.p2.w106",25,1000,0,1,TRUE,"8",2,106,1,1.60397690332811,2892,2.11729166666667,6
"b1.t25.p2.w114",25,1000,0,1,TRUE,"10",2,114,2,1.75707687544334,2456,2.11729166666667,6
"b1.t25.p2.w118",25,1000,0,1,TRUE,"2",2,118,2,1.62376650915564,2131,2.11729166666667,6
"b1.t25.p2.w120",25,1000,0,1,TRUE,"5",2,120,3,1.5052718915294,2315,2.11729166666667,6
"b1.t25.p2.w61",25,1000,0,1,TRUE,"10",2,61,1,1.76677859738873,2601,2.11729166666667,6
"b1.t25.p2.w64",25,1000,0,1,TRUE,"1",2,64,3,1.87979503047173,2776,2.11729166666667,6
"b1.t25.p2.w67",25,1000,0,1,TRUE,"13",2,67,1,1.57033315723641,1656,2.11729166666667,6
"b1.t25.p2.w72",25,1000,0,1,TRUE,"4",2,72,3,1.85998354660127,2972,2.11729166666667,6
"b1.t25.p2.w74",25,1000,0,1,TRUE,"5",2,74,2,1.82306941971204,2667,2.11729166666667,6
"b1.t25.p2.w80",25,1000,0,1,TRUE,"2",2,80,3,1.77455726902155,2132,2.11729166666667,6
"b1.t25.p2.w81",25,1000,0,1,TRUE,"6",2,81,2,1.41011460750252,2074,0.994074074074074,3
"b1.t25.p2.w82",25,1000,0,1,TRUE,"3",2,82,2,1.74439169580278,2609,2.11729166666667,6
"b1.t25.p2.w84",25,1000,0,1,TRUE,"4",2,84,1,1.66596595143088,2249,2.11729166666667,6
"b1.t25.p2.w89",25,1000,0,1,TRUE,"12",2,89,1,1.71196839121164,2791,2.11729166666667,6
"b1.t25.p2.w90",25,1000,0,1,TRUE,"14",2,90,3,1.63647714124277,2662,2.11729166666667,6
"b1.t25.p2.w91",25,1000,0,1,TRUE,"6",2,91,1,1.77780648939771,2462,2.11729166666667,6
"b1.t25.p2.w92",25,1000,0,1,TRUE,"6",2,92,3,1.32201223530913,2203,0.994074074074074,3
"b1.t25.p2.w93",25,1000,0,1,TRUE,"9",2,93,3,1.52597400441424,2152,0.994074074074074,3
"b1.t25.p2.w94",25,1000,0,1,TRUE,"8",2,94,3,1.70035107018044,2460,2.11729166666667,6
"b1.t25.p2.w98",25,1000,0,1,TRUE,"3",2,98,3,1.59530939169399,2373,2.11729166666667,6
"b1.t25.p2.w99",25,1000,0,1,TRUE,"7",2,99,3,1.21545778113363,2503,0.994074074074074,3
"b1.t30.p1.w1",30,1,0,1,TRUE,"all",1,1,1,-0.142866686560503,40,7.70672453703704,9
"b1.t30.p1.w10",30,25,0,1,TRUE,"11",1,10,1,0.235188409824806,62,1.45543981481481,3
"b1.t30.p1.w11",30,10,0,1,TRUE,"2",1,11,1,0.772665500760879,129,1.45543981481481,3
"b1.t30.p1.w13",30,25,0,1,TRUE,"13",1,13,3,0.608775244476181,100,1.45543981481481,3
"b1.t30.p1.w16",30,1000,2.67,1,TRUE,"13",1,16,3,0.729497333047132,2223,2.4690625,5
"b1.t30.p1.w18",30,1000,0,1,TRUE,"2",1,18,3,1.72900876924861,3084,1.78086805555556,4
"b1.t30.p1.w19",30,1000,4,1,TRUE,"1",1,19,2,0.31853948941246,152,1.78086805555556,4
"b1.t30.p1.w20",30,100,0,1,TRUE,"12",1,20,2,1.49457225217479,858,1.78086805555556,4
"b1.t30.p1.w21",30,5,0,1,TRUE,"14",1,21,2,0.355096788332061,97,1.45543981481481,3
"b1.t30.p1.w23",30,50,0,1,TRUE,"all",1,23,1,0.11857181699654,60,1.45543981481481,3
"b1.t30.p1.w24",30,1000,2.67,1,TRUE,"8",1,24,3,0.623063749925343,840,2.4690625,5
"b1.t30.p1.w25",30,10,0,1,TRUE,"11",1,25,2,0.0873922071049934,68,1.45543981481481,3
"b1.t30.p1.w26",30,1000,0,1,TRUE,"10",1,26,3,1.76101163963388,5206,1.78086805555556,4
"b1.t30.p1.w28",30,25,0,1,TRUE,"7",1,28,3,0.945313115684755,180,1.45543981481481,3
"b1.t30.p1.w29",30,1000,12,1,TRUE,"9",1,29,3,-0.154795347787897,31,7.70672453703704,9
"b1.t30.p1.w30",30,1000,10.67,1,TRUE,"13",1,30,3,1.76433095716905,2917,1.78086805555556,4
"b1.t30.p1.w31",30,1000,9.33,1,TRUE,"14",1,31,2,0.0241925550010571,38,2.4690625,4
"b1.t30.p1.w32",30,5,0,1,TRUE,"3",1,32,3,0.199953818162412,67,1.45543981481481,3
"b1.t30.p1.w33",30,1000,6.67,1,TRUE,"6",1,33,3,0.249869603001991,59,1.78086805555556,3
"b1.t30.p1.w34",30,1000,5.33,1,TRUE,"5",1,34,2,0.278339776691694,99,1.78086805555556,4
"b1.t30.p1.w36",30,1000,9.33,1,TRUE,"4",1,36,3,0.190592285898974,55,1.78086805555556,3
"b1.t30.p1.w37",30,1000,1.33,1,TRUE,"15",1,37,3,1.08414478506867,4690,1.78086805555556,4
"b1.t30.p1.w39",30,1000,4,1,TRUE,"15",1,39,2,0.406422065990308,127,1.45543981481481,3
"b1.t30.p1.w4",30,50,0,1,TRUE,"4",1,4,3,0.857941913568222,209,1.78086805555556,4
"b1.t30.p1.w40",30,400,0,1,TRUE,"11",1,40,2,0.279623257339633,145,1.45543981481481,3
"b1.t30.p1.w43",30,1,0,1,TRUE,"2",1,43,3,-0.133847391779387,32,8.5265625,10
"b1.t30.p1.w44",30,50,0,1,TRUE,"none",1,44,3,1.12853585353775,452,1.78086805555556,4
"b1.t30.p1.w45",30,5,0,1,TRUE,"none",1,45,2,0.165942422576036,68,1.45543981481481,3
"b1.t30.p1.w46",30,25,0,1,TRUE,"3",1,46,2,0.942457287542299,167,1.45543981481481,3
"b1.t30.p1.w49",30,1000,6.67,1,TRUE,"1",1,49,2,0.198551389122807,77,2.4690625,5
"b1.t30.p1.w50",30,10,0,1,TRUE,"9",1,50,2,0.747941674356222,112,1.45543981481481,3
"b1.t30.p1.w51",30,1000,12,1,TRUE,"15",1,51,3,-0.158133128873772,33,8.5265625,10
"b1.t30.p1.w52",30,25,0,1,TRUE,"2",1,52,1,0.917416264064378,188,1.45543981481481,3
"b1.t30.p1.w55",30,1,0,1,TRUE,"10",1,55,1,-0.0791144445546251,40,1.45543981481481,3
"b1.t30.p1.w6",30,0,0,1,TRUE,"3",1,6,1,-0.076052839739217,28,8.5265625,10
"b1.t30.p1.w60",30,1000,2.67,1,TRUE,"2",1,60,1,0.892891049744567,1191,2.4690625,5
"b1.t30.p1.w9",30,25,0,1,TRUE,"15",1,9,2,1.03847448965087,200,1.45543981481481,3
"b1.t30.p10.w542",30,1000,5.33,1,TRUE,"3",10,542,2,0.344113002665675,62,1.4772337962963,3
"b1.t30.p10.w543",30,25,0,1,TRUE,"3",10,543,1,1.10404584821748,216,0.897013888888889,3
"b1.t30.p10.w544",30,1000,4,1,TRUE,"10",10,544,1,0.300676953587008,73,1.4772337962963,3
"b1.t30.p10.w545",30,0,0,1,TRUE,"2",10,545,2,-0.183474769162161,30,8.55515046296296,11
"b1.t30.p10.w546",30,1000,8,1,TRUE,"15",10,546,3,0.0598920283280802,29,1.4772337962963,3
"b1.t30.p10.w548",30,1000,5.33,1,TRUE,"8",10,548,2,0.282741287593319,73,1.4772337962963,3
"b1.t30.p10.w549",30,700,0,1,TRUE,"15",10,549,3,1.43748582590125,3040,1.4772337962963,3
"b1.t30.p10.w550",30,1000,10.67,1,TRUE,"9",10,550,3,-0.148363989841538,24,8.55515046296296,11
"b1.t30.p10.w558",30,400,0,1,TRUE,"2",10,558,3,1.76053702843528,1906,1.8003125,4
"b1.t30.p10.w559",30,1000,2.67,1,TRUE,"12",10,559,1,0.595367664548061,1396,1.8003125,5
"b1.t30.p10.w560",30,1000,1.33,1,TRUE,"7",10,560,1,1.20528400710076,4519,1.8003125,5
"b1.t30.p10.w563",30,1,0,1,TRUE,"13",10,563,3,-0.0925908040471962,38,1.4772337962963,3
"b1.t30.p10.w564",30,1000,9.33,1,TRUE,"9",10,564,3,0.125789962677641,25,1.4772337962963,3
"b1.t30.p10.w565",30,1000,6.67,1,TRUE,"12",10,565,3,0.0991111041446193,40,1.4772337962963,3
"b1.t30.p10.w566",30,50,0,1,TRUE,"4",10,566,2,0.76601273171245,277,0.897013888888889,3
"b1.t30.p10.w570",30,1000,0,1,TRUE,"8",10,570,3,1.5967810137497,3630,1.8003125,5
"b1.t30.p10.w572",30,1000,0,1,TRUE,"14",10,572,1,1.69932216081087,4438,2.488125,6
"b1.t30.p10.w574",30,1000,2.67,1,TRUE,"4",10,574,1,0.551403242297138,1141,1.8003125,5
"b1.t30.p10.w576",30,1000,2.67,1,TRUE,"2",10,576,3,0.583722610292077,1920,1.4772337962963,3
"b1.t30.p10.w578",30,5,0,1,TRUE,"12",10,578,3,0.391198852949869,80,0.897013888888889,3
"b1.t30.p10.w579",30,1000,2.67,1,TRUE,"none",10,579,3,0.525519670108846,1210,0.897013888888889,3
"b1.t30.p10.w580",30,1000,6.67,1,TRUE,"all",10,580,1,0.143317365566425,61,1.4772337962963,3
"b1.t30.p10.w582",30,25,0,1,TRUE,"2",10,582,3,0.68404554316019,250,0.897013888888889,3
"b1.t30.p10.w583",30,1000,2.67,1,TRUE,"11",10,583,3,0.254341255714317,89,1.4772337962963,3
"b1.t30.p10.w587",30,1000,5.33,1,TRUE,"1",10,587,3,0.386451860064032,136,1.4772337962963,3
"b1.t30.p10.w590",30,5,0,1,TRUE,"2",10,590,2,0.0134840838865061,55,0.897013888888889,3
"b1.t30.p10.w591",30,1000,1.33,1,TRUE,"14",10,591,3,1.08289787431334,4522,1.8003125,5
"b1.t30.p10.w592",30,700,0,1,TRUE,"2",10,592,3,1.67121387922742,1671,1.4772337962963,3
"b1.t30.p10.w594",30,10,0,1,TRUE,"12",10,594,1,0.606110223426676,74,0.897013888888889,3
"b1.t30.p10.w595",30,1000,0,1,TRUE,"13",10,595,1,1.58110483565469,2076,1.8003125,5
"b1.t30.p10.w596",30,1000,1.33,1,TRUE,"11",10,596,3,0.823541573493092,252,1.4772337962963,4
"b1.t30.p10.w600",30,50,0,1,TRUE,"3",10,600,1,0.796207895495012,401,0.897013888888889,3
"b1.t30.p11.w601",30,1000,1.33,1,TRUE,"6",11,601,3,1.143549002067,4435,1.47956018518519,4
"b1.t30.p11.w602",30,25,0,1,TRUE,"11",11,602,3,0.899717989870509,139,0.899189814814815,3
"b1.t30.p11.w603",30,1000,8,1,TRUE,"10",11,603,2,0.0460287961631187,33,1.47956018518519,3
"b1.t30.p11.w604",30,100,0,1,TRUE,"all",11,604,3,1.26722791904935,219,0.899189814814815,3
"b1.t30.p11.w605",30,10,0,1,TRUE,"3",11,605,1,0.842231437988712,80,0.899189814814815,3
"b1.t30.p11.w606",30,1000,9.33,1,TRUE,"2",11,606,1,0.0605653740853755,41,2.49032407407407,5
"b1.t30.p11.w607",30,100,0,1,TRUE,"all",11,607,2,1.06219669260564,230,0.899189814814815,3
"b1.t30.p11.w608",30,1000,9.33,1,TRUE,"7",11,608,2,0.141254509185214,38,1.47956018518519,3
"b1.t30.p11.w609",30,1000,0,1,TRUE,"14",11,609,2,1.6360558928401,4237,1.80246527777778,5
"b1.t30.p11.w615",30,100,0,1,TRUE,"2",11,615,1,1.53800686607746,487,1.47956018518519,4
"b1.t30.p11.w616",30,1000,0,1,TRUE,"10",11,616,2,1.68428902796148,4720,1.80246527777778,5
"b1.t30.p11.w617",30,10,0,1,TRUE,"8",11,617,1,0.684409638506924,87,0.899189814814815,3
"b1.t30.p11.w618",30,10,0,1,TRUE,"all",11,618,2,0.476768984325056,74,0.899189814814815,3
"b1.t30.p11.w619",30,1000,6.67,1,TRUE,"all",11,619,3,0.201653711833084,74,1.47956018518519,3
"b1.t30.p11.w620",30,1000,9.33,1,TRUE,"all",11,620,2,0.0677285814914402,44,3.59265046296296,6
"b1.t30.p11.w621",30,1000,4,1,TRUE,"13",11,621,1,0.421283900250952,110,1.47956018518519,3
"b1.t30.p11.w626",30,1000,5.33,1,TRUE,"10",11,626,3,0.3060463020932,80,1.47956018518519,3
"b1.t30.p11.w627",30,5,0,1,TRUE,"11",11,627,3,0.378191228272203,69,0.899189814814815,3
"b1.t30.p11.w628",30,25,0,1,TRUE,"12",11,628,2,1.32199170027615,222,0.899189814814815,3
"b1.t30.p11.w630",30,700,0,1,TRUE,"13",11,630,2,1.6579866997916,1681,1.80246527777778,5
"b1.t30.p11.w633",30,1000,6.67,1,TRUE,"3",11,633,2,0.338460462282839,62,1.47956018518519,3
"b1.t30.p11.w634",30,1000,5.33,1,TRUE,"9",11,634,1,0.29830840563996,57,1.47956018518519,3
"b1.t30.p11.w636",30,400,0,1,TRUE,"8",11,636,1,1.58677000598237,1914,1.47956018518519,4
"b1.t30.p11.w640",30,1000,10.67,1,TRUE,"10",11,640,3,-0.0720729028860259,27,1.47956018518519,3
"b1.t30.p11.w642",30,1,0,1,TRUE,"none",11,642,3,-0.104944950606233,32,8.55819444444444,11
"b1.t30.p11.w643",30,1000,12,1,TRUE,"5",11,643,1,-0.103576065545962,30,1.47956018518519,3
"b1.t30.p11.w644",30,1,0,1,TRUE,"5",11,644,3,-0.0994320193186073,45,1.47956018518519,3
"b1.t30.p11.w645",30,1000,8,1,TRUE,"14",11,645,2,0.145333081902804,39,1.47956018518519,3
"b1.t30.p11.w647",30,0,0,1,TRUE,"1",11,647,2,-0.143290601450925,38,1.47956018518519,3
"b1.t30.p11.w648",30,1000,5.33,1,TRUE,"9",11,648,3,0.385546786974827,78,1.47956018518519,3
"b1.t30.p11.w653",30,1000,4,1,TRUE,"3",11,653,2,0.308703864759427,115,1.47956018518519,3
"b1.t30.p11.w654",30,1000,12,1,TRUE,"3",11,654,3,-0.150380227330411,29,1.47956018518519,3
"b1.t30.p11.w657",30,25,0,1,TRUE,"14",11,657,2,1.08233349574344,254,0.899189814814815,3
"b1.t30.p11.w658",30,700,0,1,TRUE,"14",11,658,2,1.59298824652758,3600,1.47956018518519,3
"b1.t30.p11.w659",30,1000,9.33,1,TRUE,"2",11,659,3,0.127710234506503,41,1.80246527777778,4
"b1.t30.p12.w664",30,1,0,1,TRUE,"13",12,664,1,-0.133564155884207,37,1.48196759259259,3
"b1.t30.p12.w665",30,1000,4,1,TRUE,"4",12,665,2,0.404801371365573,134,1.48196759259259,3
"b1.t30.p12.w672",30,1000,9.33,1,TRUE,"15",12,672,1,0.111239192804231,42,1.48196759259259,3
"b1.t30.p12.w674",30,5,0,1,TRUE,"5",12,674,2,0.344608414876627,77,0.901331018518518,3
"b1.t30.p12.w675",30,1000,4,1,TRUE,"15",12,675,1,0.575225382778847,155,1.48196759259259,3
"b1.t30.p12.w677",30,1000,4,1,TRUE,"5",12,677,1,0.487552890432226,164,1.48196759259259,3
"b1.t30.p12.w684",30,5,0,1,TRUE,"15",12,684,1,0.482621652668397,64,0.901331018518518,3
"b1.t30.p12.w685",30,400,0,1,TRUE,"6",12,685,1,1.1884700228373,2714,1.80471064814815,4
"b1.t30.p12.w690",30,1000,12,1,TRUE,"none",12,690,1,-0.110540077822093,27,2.49268518518519,5
"b1.t30.p12.w691",30,1000,6.67,1,TRUE,"4",12,691,3,0.204492408162662,94,1.48196759259259,3
"b1.t30.p12.w692",30,400,0,1,TRUE,"13",12,692,1,0.924943629560361,1469,1.48196759259259,3
"b1.t30.p12.w696",30,0,0,1,TRUE,"1",12,696,1,-0.0218612333269171,33,1.48196759259259,3
"b1.t30.p12.w698",30,100,0,1,TRUE,"6",12,698,2,1.04138529107296,555,1.48196759259259,4
"b1.t30.p12.w699",30,1000,6.67,1,TRUE,"8",12,699,2,0.152804263188319,52,1.48196759259259,3
"b1.t30.p12.w702",30,100,0,1,TRUE,"8",12,702,1,1.12135963826556,613,1.80471064814815,5
"b1.t30.p12.w703",30,1000,0,1,TRUE,"4",12,703,3,1.26952215104434,2256,2.49268518518519,6
"b1.t30.p12.w705",30,5,0,1,TRUE,"8",12,705,3,0.19297301236482,66,1.48196759259259,3
"b1.t30.p12.w709",30,0,0,1,TRUE,"5",12,709,3,-0.142450087624854,44,8.56061342592593,11
"b1.t30.p12.w713",30,1000,4,1,TRUE,"9",12,713,1,0.424214839325205,173,1.48196759259259,3
"b1.t30.p12.w714",30,1000,10.67,1,TRUE,"all",12,714,1,-0.00325159358215282,43,2.49268518518519,5
"b1.t30.p12.w716",30,5,0,1,TRUE,"14",12,716,1,0.182215146225801,61,1.48196759259259,3
"b1.t30.p12.w717",30,1000,5.33,1,TRUE,"13",12,717,3,0.363191516632765,114,1.48196759259259,3
"b1.t30.p12.w720",30,1,0,1,TRUE,"1",12,720,3,-0.118065515271808,47,1.48196759259259,3
"b1.t30.p13.w721",30,1000,10.67,1,TRUE,"7",13,721,3,-0.0506259260480992,31,1.48428240740741,3
"b1.t30.p13.w722",30,1000,12,1,TRUE,"3",13,722,2,-0.191090427671813,33,8.56303240740741,11
"b1.t30.p13.w723",30,1000,1.33,1,TRUE,"5",13,723,2,0.821442161943807,4286,1.48428240740741,3
"b1.t30.p13.w724",30,1000,5.33,1,TRUE,"3",13,724,1,0.348433812043506,115,1.48428240740741,3
"b1.t30.p13.w727",30,10,0,1,TRUE,"6",13,727,3,0.418331710290658,59,0.903460648148148,3
"b1.t30.p13.w728",30,50,0,1,TRUE,"14",13,728,3,0.926741267706541,271,1.48428240740741,4
"b1.t30.p13.w729",30,400,0,1,TRUE,"2",13,729,1,1.37689880949187,1503,1.806875,5
"b1.t30.p13.w733",30,1,0,1,TRUE,"9",13,733,2,-0.142409383817477,49,1.48428240740741,3
"b1.t30.p13.w738",30,1000,0,1,TRUE,"none",13,738,1,1.39850292591578,3514,1.48428240740741,3
"b1.t30.p13.w739",30,50,0,1,TRUE,"14",13,739,2,1.04351168268002,299,0.903460648148148,3
"b1.t30.p13.w741",30,1000,12,1,TRUE,"none",13,741,2,-0.0484301472267081,32,1.48428240740741,3
"b1.t30.p13.w742",30,0,0,1,TRUE,"7",13,742,1,-0.190713261389335,46,7.73229166666667,10
"b1.t30.p13.w749",30,1000,8,1,TRUE,"1",13,749,1,0.0619245920473889,39,2.49482638888889,5
"b1.t30.p13.w750",30,1,0,1,TRUE,"1",13,750,1,-0.0304314756834517,58,0.903460648148148,3
"b1.t30.p13.w751",30,1,0,1,TRUE,"12",13,751,1,0.0059510055023945,43,1.48428240740741,3
"b1.t30.p13.w756",30,0,0,1,TRUE,"3",13,756,2,-0.0879378646278618,49,4.58804398148148,7
"b1.t30.p13.w757",30,1000,10.67,1,TRUE,"12",13,757,1,-0.04202774917206,24,1.48428240740741,3
"b1.t30.p13.w761",30,1,0,1,TRUE,"14",13,761,1,0.10982323424046,53,0.903460648148148,3
"b1.t30.p13.w763",30,1000,6.67,1,TRUE,"9",13,763,3,0.322318547063456,98,1.806875,4
"b1.t30.p13.w766",30,1000,10.67,1,TRUE,"8",13,766,1,0.0304806662684693,37,2.49482638888889,5
"b1.t30.p13.w771",30,1000,4,1,TRUE,"6",13,771,1,0.342201869113827,237,1.48428240740741,3
"b1.t30.p13.w772",30,1,0,1,TRUE,"6",13,772,2,-0.220152410670595,51,8.56303240740741,11
"b1.t30.p13.w775",30,700,0,1,TRUE,"none",13,775,3,1.19338986680353,3003,1.48428240740741,3
"b1.t30.p13.w779",30,1000,9.33,1,TRUE,"11",13,779,3,-0.207412841392261,35,3.59689814814815,6
"b1.t30.p14.w783",30,1000,9.33,1,TRUE,"none",14,783,1,0.156240023303233,28,1.48681712962963,3
"b1.t30.p14.w785",30,1,0,1,TRUE,"10",14,785,3,-0.184742247348905,41,8.56548611111111,11
"b1.t30.p14.w787",30,1000,0,1,TRUE,"15",14,787,2,1.60748571721244,3789,1.80918981481481,4
"b1.t30.p14.w789",30,1000,1.33,1,TRUE,"1",14,789,2,1.35544106555563,2754,2.49699074074074,6
"b1.t30.p14.w790",30,1000,0,1,TRUE,"1",14,790,1,1.55164411828406,4357,2.49699074074074,6
"b1.t30.p14.w793",30,5,0,1,TRUE,"10",14,793,1,0.407864988605057,79,0.905601851851852,3
"b1.t30.p14.w794",30,1000,2.67,1,TRUE,"15",14,794,1,0.502559193974179,1469,1.80918981481481,5
"b1.t30.p14.w796",30,100,0,1,TRUE,"11",14,796,3,1.29475157749263,457,1.48681712962963,3
"b1.t30.p14.w799",30,50,0,1,TRUE,"15",14,799,3,0.907165321033864,295,0.905601851851852,3
"b1.t30.p14.w800",30,0,0,1,TRUE,"14",14,800,2,-0.0145176137386494,42,7.73445601851852,10
"b1.t30.p14.w801",30,1000,5.33,1,TRUE,"13",14,801,2,0.290796766525322,87,1.48681712962963,3
"b1.t30.p14.w802",30,1,0,1,TRUE,"11",14,802,3,-0.0174307250078089,57,1.48681712962963,3
"b1.t30.p14.w806",30,1000,0,1,TRUE,"12",14,806,3,1.5408857759803,3775,2.49699074074074,6
"b1.t30.p14.w807",30,1,0,1,TRUE,"8",14,807,2,-0.0318567365787544,28,1.48681712962963,3
"b1.t30.p14.w808",30,1000,6.67,1,TRUE,"none",14,808,3,0.218028248826722,73,1.48681712962963,3
"b1.t30.p14.w810",30,1,0,1,TRUE,"1",14,810,2,-0.0998545492816495,59,1.48681712962963,3
"b1.t30.p14.w812",30,1000,9.33,1,TRUE,"4",14,812,2,0.110330511175562,46,3.59899305555556,6
"b1.t30.p14.w813",30,400,0,1,TRUE,"5",14,813,1,1.1848134564615,1753,1.48681712962963,3
"b1.t30.p14.w815",30,1000,9.33,1,TRUE,"12",14,815,2,0.00507940950836196,29,1.80918981481481,4
"b1.t30.p14.w816",30,1000,10.67,1,TRUE,"4",14,816,3,0.0165999775444299,34,2.49699074074074,5
"b1.t30.p14.w818",30,1000,6.67,1,TRUE,"all",14,818,2,0.190419176628022,64,1.48681712962963,3
"b1.t30.p14.w819",30,1,0,1,TRUE,"12",14,819,3,-0.0372941022028264,50,1.48681712962963,3
"b1.t30.p14.w822",30,1000,5.33,1,TRUE,"7",14,822,2,0.403923858613806,98,1.48681712962963,3
"b1.t30.p14.w824",30,1000,2.67,1,TRUE,"9",14,824,3,0.518905857056719,1234,1.48681712962963,3
"b1.t30.p14.w827",30,1000,2.67,1,TRUE,"4",14,827,2,0.493935747831524,249,1.48681712962963,3
"b1.t30.p14.w828",30,10,0,1,TRUE,"15",14,828,2,0.61207073857604,104,0.905601851851852,3
"b1.t30.p14.w829",30,1000,8,1,TRUE,"3",14,829,3,-0.11662769131446,31,1.80918981481481,4
"b1.t30.p14.w830",30,400,0,1,TRUE,"none",14,830,1,1.28304425358871,1812,1.80918981481481,5
"b1.t30.p14.w831",30,5,0,1,TRUE,"2",14,831,3,0.235424689456505,57,0.905601851851852,3
"b1.t30.p14.w832",30,1,0,1,TRUE,"2",14,832,1,-0.137345988195055,46,1.48681712962963,3
"b1.t30.p15.w841",30,10,0,1,TRUE,"1",15,841,3,0.187483428492138,63,1.48907407407407,3
"b1.t30.p15.w842",30,1000,0,1,TRUE,"all",15,842,1,1.82542066999389,1362,1.81137731481481,4
"b1.t30.p15.w844",30,1000,5.33,1,TRUE,"14",15,844,1,0.292896634911531,73,1.81137731481481,4
"b1.t30.p15.w845",30,1000,1.33,1,TRUE,"12",15,845,1,1.04505222361223,4668,1.48907407407407,3
"b1.t30.p15.w846",30,25,0,1,TRUE,"8",15,846,1,0.666545564181205,189,0.907731481481482,3
"b1.t30.p15.w848",30,700,0,1,TRUE,"8",15,848,1,1.55301198194464,3353,2.49917824074074,5
"b1.t30.p15.w849",30,25,0,1,TRUE,"3",15,849,3,0.594496210002712,179,0.907731481481482,3
"b1.t30.p15.w851",30,5,0,1,TRUE,"11",15,851,1,-0.177223281256632,60,1.48907407407407,3
"b1.t30.p15.w852",30,1000,9.33,1,TRUE,"1",15,852,2,0.19682243591384,56,1.81137731481481,4
"b1.t30.p15.w853",30,1000,2.67,1,TRUE,"11",15,853,2,0.395910434882011,119,1.48907407407407,3
"b1.t30.p15.w854",30,1000,0,1,TRUE,"3",15,854,3,1.50469485600958,3892,2.49917824074074,6
"b1.t30.p15.w855",30,400,0,1,TRUE,"4",15,855,1,1.21509362478108,1994,1.48907407407407,3
"b1.t30.p15.w859",30,1,0,1,TRUE,"15",15,859,2,-0.0027180573167872,75,8.5678587962963,11
"b1.t30.p15.w860",30,400,0,1,TRUE,"10",15,860,2,1.22294373137066,1860,1.48907407407407,3
"b1.t30.p15.w862",30,700,0,1,TRUE,"3",15,862,2,0.943039532413221,2665,1.48907407407407,3
"b1.t30.p15.w864",30,1,0,1,TRUE,"15",15,864,1,-0.0336906018358236,60,1.48907407407407,3
"b1.t30.p15.w868",30,1000,5.33,1,TRUE,"2",15,868,1,0.425650949111644,170,1.81137731481481,4
"b1.t30.p15.w869",30,1000,10.67,1,TRUE,"7",15,869,2,-0.0502145574238781,28,1.48907407407407,3
"b1.t30.p15.w870",30,400,0,1,TRUE,"10",15,870,1,1.02230219288741,1964,1.48907407407407,3
"b1.t30.p15.w871",30,700,0,1,TRUE,"11",15,871,1,0.948853408138508,433,1.48907407407407,3
"b1.t30.p15.w872",30,1,0,1,TRUE,"3",15,872,1,-0.136999632501843,46,1.48907407407407,3
"b1.t30.p15.w876",30,1000,6.67,1,TRUE,"2",15,876,1,0.382641918761017,94,1.48907407407407,3
"b1.t30.p15.w877",30,25,0,1,TRUE,"1",15,877,2,0.634374997605743,144,1.48907407407407,3
"b1.t30.p15.w879",30,1000,6.67,1,TRUE,"14",15,879,3,-0.03369061930374,18,1.48907407407407,3
"b1.t30.p15.w881",30,1,0,1,TRUE,"7",15,881,2,-0.103830709179756,44,1.48907407407407,3
"b1.t30.p15.w882",30,10,0,1,TRUE,"9",15,882,1,0.35827822292278,90,0.907731481481482,3
"b1.t30.p15.w884",30,1000,2.67,1,TRUE,"none",15,884,2,0.601245536800848,652,1.48907407407407,3
"b1.t30.p15.w885",30,100,0,1,TRUE,"4",15,885,3,0.840226533191132,497,1.81137731481481,5
"b1.t30.p15.w889",30,1000,5.33,1,TRUE,"5",15,889,3,0.288636488833016,65,1.48907407407407,3
"b1.t30.p15.w890",30,1000,10.67,1,TRUE,"12",15,890,3,-0.0754911057919875,26,1.81137731481481,4
"b1.t30.p15.w894",30,1000,6.67,1,TRUE,"1",15,894,3,0.25833134685472,72,1.48907407407407,3
"b1.t30.p15.w895",30,1000,1.33,1,TRUE,"8",15,895,3,0.838552938775839,4074,1.48907407407407,3
"b1.t30.p15.w896",30,1000,9.33,1,TRUE,"all",15,896,1,-0.0453059776117991,33,3.60115740740741,6
"b1.t30.p15.w898",30,10,0,1,TRUE,"7",15,898,2,0.40285724325273,92,0.907731481481482,3
"b1.t30.p15.w899",30,1000,12,1,TRUE,"5",15,899,3,-0.187918444234634,30,8.5678587962963,11
"b1.t30.p15.w900",30,1000,5.33,1,TRUE,"15",15,900,1,0.205827162616165,69,1.48907407407407,3
"b1.t30.p16.w904",30,700,0,1,TRUE,"7",16,904,1,1.55967490875136,3406,1.81356481481481,4
"b1.t30.p16.w906",30,1000,2.67,1,TRUE,"14",16,906,3,0.534104874688961,826,1.49135416666667,3
"b1.t30.p16.w907",30,1000,12,1,TRUE,"7",16,907,2,-0.0454980293242624,18,2.50142361111111,5
"b1.t30.p16.w911",30,10,0,1,TRUE,"7",16,911,1,0.428652665363617,100,0.909872685185185,3
"b1.t30.p16.w913",30,400,0,1,TRUE,"1",16,913,3,1.60297355557144,1863,1.81356481481481,4
"b1.t30.p16.w914",30,1000,10.67,1,TRUE,"3",16,914,2,-0.137153942520665,31,2.50142361111111,5
"b1.t30.p16.w915",30,1000,4,1,TRUE,"2",16,915,3,-0.150244865436956,20,8.57041666666667,11
"b1.t30.p16.w916",30,1000,10.67,1,TRUE,"1",16,916,3,0.0671039642342977,33,1.49135416666667,3
"b1.t30.p16.w917",30,1000,0,1,TRUE,"7",16,917,1,1.6189381771623,3838,2.50142361111111,5
"b1.t30.p16.w918",30,1000,4,1,TRUE,"12",16,918,1,0.468950462912698,131,1.49135416666667,3
"b1.t30.p16.w919",30,400,0,1,TRUE,"1",16,919,2,-0.126749566018358,22,6.64137731481481,9
"b1.t30.p16.w924",30,1000,8,1,TRUE,"none",16,924,3,0.0677678955717389,40,1.49135416666667,3
"b1.t30.p16.w925",30,400,0,1,TRUE,"5",16,925,2,1.5760596718671,2012,1.81356481481481,5
"b1.t30.p16.w927",30,1000,4,1,TRUE,"8",16,927,2,0.276690935601356,92,1.49135416666667,3
"b1.t30.p16.w928",30,1000,4,1,TRUE,"7",16,928,2,0.329454194149919,108,1.49135416666667,3
"b1.t30.p16.w929",30,1000,5.33,1,TRUE,"1",16,929,2,0.207887868443895,139,1.49135416666667,3
"b1.t30.p16.w930",30,1000,0,1,TRUE,"9",16,930,3,1.43141727172733,3558,2.50142361111111,5
"b1.t30.p16.w931",30,0,0,1,TRUE,"1",16,931,3,-0.262137149868741,42,8.57041666666667,11
"b1.t30.p16.w933",30,1000,1.33,1,TRUE,"8",16,933,1,0.929232944474333,4287,1.49135416666667,3
"b1.t30.p16.w936",30,1,0,1,TRUE,"none",16,936,2,-0.142741511039363,47,8.57041666666667,11
"b1.t30.p16.w937",30,0,0,1,TRUE,"11",16,937,3,-0.163091191162208,42,8.57041666666667,11
"b1.t30.p16.w939",30,1000,4,1,TRUE,"14",16,939,3,0.48460641599451,146,1.49135416666667,3
"b1.t30.p16.w940",30,1000,1.33,1,TRUE,"15",16,940,1,1.01145068316455,4892,1.81356481481481,4
"b1.t30.p16.w942",30,1,0,1,TRUE,"8",16,942,3,-0.118216557029951,58,1.49135416666667,3
"b1.t30.p16.w943",30,1000,12,1,TRUE,"14",16,943,1,0.0227008699901994,25,1.49135416666667,3
"b1.t30.p16.w944",30,5,0,1,TRUE,"8",16,944,1,0.254496724388607,73,0.909872685185185,3
"b1.t30.p16.w945",30,5,0,1,TRUE,"none",16,945,1,-0.0155141928136431,77,1.49135416666667,3
"b1.t30.p16.w946",30,100,0,1,TRUE,"none",16,946,2,1.24933321809634,710,1.49135416666667,3
"b1.t30.p16.w948",30,700,0,1,TRUE,"8",16,948,3,1.06865996812447,3338,1.49135416666667,3
"b1.t30.p16.w950",30,1000,1.33,1,TRUE,"none",16,950,3,0.78556697461042,4983,1.49135416666667,3
"b1.t30.p16.w957",30,1000,0,1,TRUE,"3",16,957,2,1.47401211045187,4084,1.81356481481481,4
"b1.t30.p16.w959",30,5,0,1,TRUE,"14",16,959,3,0.149957495141435,88,0.909872685185185,3
"b1.t30.p17.w1000",30,400,0,1,TRUE,"6",17,1000,2,0.7861513057567,1834,1.49378472222222,3
"b1.t30.p17.w1001",30,700,0,1,TRUE,"15",17,1001,1,1.27567994754703,4958,2.50369212962963,6
"b1.t30.p17.w1008",30,50,0,1,TRUE,"11",17,1008,3,0.480824867774453,110,1.49378472222222,3
"b1.t30.p17.w1010",30,5,0,1,TRUE,"13",17,1010,1,0.166597370031372,174,0.912002314814815,3
"b1.t30.p17.w1011",30,50,0,1,TRUE,"all",17,1011,3,0.474559133160693,236,0.912002314814815,3
"b1.t30.p17.w1014",30,1000,12,1,TRUE,"5",17,1014,2,-0.0740478890144967,26,2.50369212962963,5
"b1.t30.p17.w1020",30,1000,6.67,1,TRUE,"11",17,1020,2,0.254346449760527,73,1.88184027777778,4
"b1.t30.p17.w961",30,1000,10.67,1,TRUE,"12",17,961,2,-0.109472965192474,29,1.49378472222222,3
"b1.t30.p17.w962",30,700,0,1,TRUE,"4",17,962,2,0.596156628678171,275,1.49378472222222,3
"b1.t30.p17.w963",30,1000,8,1,TRUE,"6",17,963,3,0.0667833321366864,38,1.88184027777778,4
"b1.t30.p17.w967",30,25,0,1,TRUE,"1",17,967,1,0.961812564597896,648,1.49378472222222,3
"b1.t30.p17.w970",30,1000,10.67,1,TRUE,"11",17,970,2,0.0420265493527761,34,2.50369212962963,5
"b1.t30.p17.w971",30,1000,8,1,TRUE,"none",17,971,1,0.0374461179192471,36,1.88184027777778,4
"b1.t30.p17.w974",30,1000,1.33,1,TRUE,"3",17,974,1,0.775200438761736,5172,1.49378472222222,3
"b1.t30.p17.w977",30,1000,8,1,TRUE,"1",17,977,2,0.145274472388143,69,1.49378472222222,3
"b1.t30.p17.w979",30,0,0,1,TRUE,"12",17,979,1,0.25107663476296,196,0.912002314814815,3
"b1.t30.p17.w980",30,10,0,1,TRUE,"2",17,980,2,0.484041464132265,150,0.912002314814815,3
"b1.t30.p17.w981",30,1000,9.33,1,TRUE,"10",17,981,3,-0.0433163839766446,32,1.49378472222222,3
"b1.t30.p17.w983",30,1000,8,1,TRUE,"5",17,983,1,0.0757576767832801,38,1.49378472222222,3
"b1.t30.p17.w984",30,25,0,1,TRUE,"14",17,984,1,0.901894055359356,268,0.912002314814815,3
"b1.t30.p17.w985",30,100,0,1,TRUE,"13",17,985,2,1.2049097063818,765,1.49378472222222,3
"b1.t30.p17.w987",30,1000,8,1,TRUE,"3",17,987,2,0.197573136867635,67,1.49378472222222,3
"b1.t30.p17.w988",30,1000,1.33,1,TRUE,"14",17,988,2,0.913140090298338,4726,1.49378472222222,3
"b1.t30.p17.w991",30,1000,2.67,1,TRUE,"6",17,991,2,0.512021143827344,1733,1.49378472222222,3
"b1.t30.p17.w992",30,700,0,1,TRUE,"6",17,992,1,0.941585786924167,4682,1.49378472222222,3
"b1.t30.p17.w995",30,10,0,1,TRUE,"none",17,995,2,0.560357303745432,246,0.912002314814815,3
"b1.t30.p17.w996",30,1000,4,1,TRUE,"11",17,996,3,0.333076044487192,80,1.49378472222222,3
"b1.t30.p17.w997",30,1000,2.67,1,TRUE,"15",17,997,2,0.655150948372808,1688,2.50369212962963,5
"b1.t30.p17.w998",30,1000,8,1,TRUE,"3",17,998,1,0.165298568208219,41,1.88184027777778,4
"b1.t30.p18.w1024",30,1000,2.67,1,TRUE,"14",18,1024,1,0.422478049184255,434,1.49609953703704,3
"b1.t30.p18.w1026",30,1000,1.33,1,TRUE,"6",18,1026,2,0.858824007718699,4057,1.49609953703704,3
"b1.t30.p18.w1027",30,50,0,1,TRUE,"5",18,1027,3,1.1593579111815,632,1.49609953703704,3
"b1.t30.p18.w1028",30,0,0,1,TRUE,"all",18,1028,1,-0.172976780119749,28,8.57778935185185,11
"b1.t30.p18.w1030",30,10,0,1,TRUE,"1",18,1030,1,0.590081072556134,146,1.49609953703704,3
"b1.t30.p18.w1031",30,1000,5.33,1,TRUE,"13",18,1031,1,0.303872908654463,90,1.88399305555556,4
"b1.t30.p18.w1032",30,1000,12,1,TRUE,"8",18,1032,2,-0.107025023098256,25,1.88399305555556,4
"b1.t30.p18.w1034",30,1000,10.67,1,TRUE,"5",18,1034,3,-0.185319489725265,32,7.74300925925926,10
"b1.t30.p18.w1037",30,50,0,1,TRUE,"3",18,1037,2,1.169253454715,615,1.88399305555556,4
"b1.t30.p18.w1038",30,1000,6.67,1,TRUE,"15",18,1038,1,0.129845074811516,55,1.88399305555556,4
"b1.t30.p18.w1039",30,1000,9.33,1,TRUE,"15",18,1039,2,-0.0881533413248198,37,1.88399305555556,4
"b1.t30.p18.w1041",30,1000,12,1,TRUE,"12",18,1041,1,-0.153285897346163,30,1.88399305555556,4
"b1.t30.p18.w1042",30,1,0,1,TRUE,"all",18,1042,2,-0.22694872108079,48,8.57778935185185,11
"b1.t30.p18.w1044",30,1000,6.67,1,TRUE,"3",18,1044,3,0.138290385128711,49,1.88399305555556,4
"b1.t30.p18.w1045",30,25,0,1,TRUE,"6",18,1045,2,0.724061641668604,275,0.914282407407407,3
"b1.t30.p18.w1047",30,1000,4,1,TRUE,"1",18,1047,1,0.422381409395828,193,1.49609953703704,3
"b1.t30.p18.w1050",30,10,0,1,TRUE,"4",18,1050,2,0.762636039669484,134,1.49609953703704,3
"b1.t30.p18.w1052",30,700,0,1,TRUE,"12",18,1052,1,1.53895272077045,3648,1.88399305555556,4
"b1.t30.p18.w1053",30,1000,0,1,TRUE,"13",18,1053,2,1.52863463831662,1959,1.88399305555556,4
"b1.t30.p18.w1055",30,1000,1.33,1,TRUE,"9",18,1055,1,0.795484196051814,3963,1.49609953703704,3
"b1.t30.p18.w1056",30,1000,9.33,1,TRUE,"14",18,1056,3,-0.0843312791042114,30,1.49609953703704,3
"b1.t30.p18.w1060",30,1000,1.33,1,TRUE,"13",18,1060,2,0.782753951533107,12266,1.49609953703704,3
"b1.t30.p18.w1061",30,1000,8,1,TRUE,"2",18,1061,1,0.0313597754197596,35,2.50596064814815,5
"b1.t30.p18.w1062",30,1000,4,1,TRUE,"2",18,1062,2,0.411626055007707,198,1.49609953703704,3
"b1.t30.p18.w1066",30,5,0,1,TRUE,"5",18,1066,3,0.321807762943256,76,1.49609953703704,3
"b1.t30.p18.w1068",30,1000,6.67,1,TRUE,"12",18,1068,1,0.00452716006359627,34,2.50596064814815,5
"b1.t30.p18.w1070",30,1000,10.67,1,TRUE,"3",18,1070,1,-0.0894126984724652,24,2.50596064814815,5
"b1.t30.p18.w1071",30,50,0,1,TRUE,"5",18,1071,1,1.11833969236233,504,1.88399305555556,4
"b1.t30.p18.w1072",30,100,0,1,TRUE,"1",18,1072,2,1.1638139206551,863,1.49609953703704,3
"b1.t30.p18.w1074",30,1,0,1,TRUE,"6",18,1074,3,-0.0104997652864542,51,1.49609953703704,3
"b1.t30.p18.w1075",30,1000,5.33,1,TRUE,"7",18,1075,1,0.246580050224914,72,1.88399305555556,4
"b1.t30.p18.w1076",30,1000,10.67,1,TRUE,"7",18,1076,1,-0.179100512471701,32,8.57778935185185,11
"b1.t30.p18.w1077",30,0,0,1,TRUE,"9",18,1077,2,-0.133731492028297,29,7.74300925925926,10
"b1.t30.p18.w1079",30,5,0,1,TRUE,"2",18,1079,1,0.404333925152338,78,1.49609953703704,3
"b1.t30.p18.w1080",30,1000,0,1,TRUE,"6",18,1080,2,1.68492132945302,5329,1.88399305555556,4
"b1.t30.p19.w1082",30,5,0,1,TRUE,"7",19,1082,3,0.242380984250238,54,1.4984837962963,3
"b1.t30.p19.w1084",30,700,0,1,TRUE,"1",19,1084,2,1.60719716821125,1707,1.88607638888889,4
"b1.t30.p19.w1087",30,700,0,1,TRUE,"11",19,1087,3,1.68989277088548,758,1.4984837962963,3
"b1.t30.p19.w1088",30,5,0,1,TRUE,"9",19,1088,1,0.117872222940135,47,1.4984837962963,3
"b1.t30.p19.w1089",30,1000,2.67,1,TRUE,"none",19,1089,1,0.595418807840001,579,1.4984837962963,3
"b1.t30.p19.w1093",30,1000,10.67,1,TRUE,"5",19,1093,2,-0.187837346074502,26,8.58028935185185,11
"b1.t30.p19.w1094",30,1000,0,1,TRUE,"none",19,1094,2,1.52246813493961,3603,2.50824074074074,5
"b1.t30.p19.w1095",30,1000,0,1,TRUE,"13",19,1095,3,1.56028122716236,3087,1.88607638888889,4
"b1.t30.p19.w1097",30,0,0,1,TRUE,"2",19,1097,3,-0.199995412710021,36,8.58028935185185,11
"b1.t30.p19.w1100",30,1000,9.33,1,TRUE,"12",19,1100,1,-0.101573358258859,28,1.88607638888889,4
"b1.t30.p19.w1105",30,1000,1.33,1,TRUE,"8",19,1105,2,1.0534897334235,4689,1.88607638888889,4
"b1.t30.p19.w1107",30,25,0,1,TRUE,"9",19,1107,2,0.877320685591233,188,1.4984837962963,3
"b1.t30.p19.w1108",30,1000,2.67,1,TRUE,"all",19,1108,2,0.710477063362291,243,1.4984837962963,3
"b1.t30.p19.w1110",30,1000,10.67,1,TRUE,"6",19,1110,3,-0.217172636215923,28,8.58028935185185,11
"b1.t30.p19.w1112",30,700,0,1,TRUE,"all",19,1112,2,1.75576622114627,1915,1.88607638888889,4
"b1.t30.p19.w1114",30,1000,4,1,TRUE,"8",19,1114,3,0.339213609189345,122,1.4984837962963,3
"b1.t30.p19.w1121",30,1000,5.33,1,TRUE,"6",19,1121,2,0.162107899578894,62,1.4984837962963,3
"b1.t30.p19.w1126",30,1000,12,1,TRUE,"2",19,1126,2,-0.19866586810842,28,8.58028935185185,11
"b1.t30.p19.w1127",30,50,0,1,TRUE,"5",19,1127,2,0.916684070158831,542,1.4984837962963,3
"b1.t30.p19.w1128",30,1000,2.67,1,TRUE,"13",19,1128,2,0.669784184090966,1349,2.50824074074074,5
"b1.t30.p19.w1131",30,1000,1.33,1,TRUE,"11",19,1131,2,0.782357711701725,233,1.4984837962963,3
"b1.t30.p19.w1132",30,1000,2.67,1,TRUE,"12",19,1132,3,0.470102416878524,333,1.4984837962963,3
"b1.t30.p19.w1133",30,1000,9.33,1,TRUE,"none",19,1133,2,-0.0746951475642302,29,2.50824074074074,5
"b1.t30.p19.w1134",30,700,0,1,TRUE,"4",19,1134,3,1.60374823379929,3417,1.88607638888889,4
"b1.t30.p19.w1135",30,1000,6.67,1,TRUE,"8",19,1135,3,0.0473613275899372,32,1.4984837962963,3
"b1.t30.p19.w1136",30,5,0,1,TRUE,"4",19,1136,3,0.240482077559221,68,1.4984837962963,3
"b1.t30.p19.w1137",30,100,0,1,TRUE,"1",19,1137,3,1.07731226438774,446,1.4984837962963,3
"b1.t30.p2.w101",30,100,0,1,TRUE,"2",2,101,3,1.32617119510842,641,1.78299768518519,5
"b1.t30.p2.w102",30,700,0,1,TRUE,"7",2,102,3,1.56782082259684,2098,1.78299768518519,5
"b1.t30.p2.w103",30,700,0,1,TRUE,"1",2,103,1,1.76073695411655,2394,1.78299768518519,5
"b1.t30.p2.w106",30,50,0,1,TRUE,"8",2,106,3,1.1046259044221,338,1.78299768518519,5
"b1.t30.p2.w111",30,50,0,1,TRUE,"12",2,111,1,1.21179524399161,407,1.78299768518519,5
"b1.t30.p2.w112",30,1000,12,1,TRUE,"2",2,112,3,-0.0647175445386168,27,1.78299768518519,4
"b1.t30.p2.w113",30,700,0,1,TRUE,"13",2,113,3,1.86603281852511,2519,1.78299768518519,4
"b1.t30.p2.w117",30,1000,4,1,TRUE,"10",2,117,3,0.590788540237964,142,0.878981481481481,3
"b1.t30.p2.w118",30,25,0,1,TRUE,"none",2,118,3,1.44699834436688,236,0.878981481481481,3
"b1.t30.p2.w119",30,1000,6.67,1,TRUE,"6",2,119,2,0.205348047160569,57,1.45782407407407,3
"b1.t30.p2.w62",30,5,0,1,TRUE,"11",2,62,2,0.34268548956742,396,5.5124537037037,8
"b1.t30.p2.w63",30,1000,6.67,1,TRUE,"13",2,63,2,0.191361600928087,71,1.45782407407407,3
"b1.t30.p2.w64",30,1000,12,1,TRUE,"all",2,64,2,-0.0547240851608908,24,7.70895833333333,10
"b1.t30.p2.w66",30,1000,12,1,TRUE,"12",2,66,2,0.02050791961655,23,1.45782407407407,3
"b1.t30.p2.w68",30,1000,1.33,1,TRUE,"10",2,68,3,1.5977625247957,6546,1.78299768518519,5
"b1.t30.p2.w69",30,50,0,1,TRUE,"2",2,69,2,1.07639471368892,134,0.878981481481481,3
"b1.t30.p2.w70",30,1,0,1,TRUE,"4",2,70,3,-0.186319882191043,36,8.52908564814815,11
"b1.t30.p2.w72",30,0,0,1,TRUE,"none",2,72,2,0.220605754276875,155,5.5124537037037,8
"b1.t30.p2.w75",30,0,0,1,TRUE,"13",2,75,3,-0.119248034248739,26,7.70895833333333,10
"b1.t30.p2.w76",30,50,0,1,TRUE,"none",2,76,2,1.37388072174939,585,1.78299768518519,5
"b1.t30.p2.w81",30,1000,0,1,TRUE,"12",2,81,2,1.65383591417276,5612,2.47125,6
"b1.t30.p2.w82",30,1000,6.67,1,TRUE,"4",2,82,2,0.26278529197124,107,1.45782407407407,3
"b1.t30.p2.w83",30,1000,0,1,TRUE,"5",2,83,3,1.95587186712439,4315,1.78299768518519,5
"b1.t30.p2.w84",30,1000,0,1,TRUE,"11",2,84,2,1.49676032128521,698,1.78299768518519,5
"b1.t30.p2.w87",30,50,0,1,TRUE,"1",2,87,2,0.715525094559622,126,0.878981481481481,3
"b1.t30.p2.w88",30,5,0,1,TRUE,"10",2,88,2,0.311341636645586,87,0.878981481481481,3
"b1.t30.p2.w90",30,1,0,1,TRUE,"13",2,90,2,-0.165922540366361,32,1.45782407407407,3
"b1.t30.p2.w91",30,10,0,1,TRUE,"11",2,91,1,0.456880870524272,344,0.878981481481481,3
"b1.t30.p2.w92",30,1000,0,1,TRUE,"all",2,92,2,1.69786794618834,1170,1.78299768518519,5
"b1.t30.p2.w93",30,1000,1.33,1,TRUE,"4",2,93,2,1.38291042807958,6151,1.78299768518519,5
"b1.t30.p2.w95",30,1000,12,1,TRUE,"13",2,95,1,-0.18282831953225,31,8.52908564814815,11
"b1.t30.p2.w97",30,1000,8,1,TRUE,"2",2,97,3,0.194253585045164,63,1.45782407407407,3
"b1.t30.p2.w98",30,1000,10.67,1,TRUE,"all",2,98,3,0.0325678615950916,32,1.45782407407407,3
"b1.t30.p2.w99",30,5,0,1,TRUE,"3",2,99,2,0.572601461702918,72,0.878981481481481,3
"b1.t30.p20.w1141",30,1000,6.67,1,TRUE,"11",20,1141,3,0.249814502048305,62,1.88818287037037,4
"b1.t30.p20.w1143",30,1000,12,1,TRUE,"3",20,1143,1,-0.151768207061831,26,8.58273148148148,11
"b1.t30.p20.w1144",30,50,0,1,TRUE,"12",20,1144,2,1.22188542546075,545,1.50085648148148,3
"b1.t30.p20.w1145",30,5,0,1,TRUE,"1",20,1145,1,0.156083720202508,54,1.50085648148148,3
"b1.t30.p20.w1146",30,1000,8,1,TRUE,"14",20,1146,1,-0.0586087842058237,33,1.88818287037037,4
"b1.t30.p20.w1152",30,25,0,1,TRUE,"4",20,1152,1,0.831156735738755,204,1.50085648148148,3
"b1.t30.p20.w1156",30,1000,9.33,1,TRUE,"6",20,1156,1,-0.129549392020282,33,1.88818287037037,4
"b1.t30.p20.w1160",30,5,0,1,TRUE,"1",20,1160,3,0.24631006119214,64,1.50085648148148,3
"b1.t30.p20.w1162",30,5,0,1,TRUE,"4",20,1162,2,0.14230684632388,56,1.50085648148148,3
"b1.t30.p20.w1164",30,1,0,1,TRUE,"14",20,1164,2,0.0458789165113535,41,1.50085648148148,3
"b1.t30.p20.w1166",30,1000,12,1,TRUE,"2",20,1166,1,-0.188796449004082,28,8.58273148148148,11
"b1.t30.p20.w1169",30,1000,8,1,TRUE,"8",20,1169,2,-0.0214886559778326,32,1.50085648148148,3
"b1.t30.p20.w1170",30,1000,9.33,1,TRUE,"2",20,1170,2,-0.0651761555808294,30,2.51061342592593,5
"b1.t30.p20.w1172",30,1000,8,1,TRUE,"6",20,1172,2,0.133298304623309,37,1.88818287037037,4
"b1.t30.p20.w1173",30,1000,10.67,1,TRUE,"none",20,1173,1,-0.161539953042038,28,8.58273148148148,11
"b1.t30.p20.w1174",30,400,0,1,TRUE,"none",20,1174,2,1.6498595699017,1887,1.88818287037037,4
"b1.t30.p20.w1175",30,1000,10.67,1,TRUE,"8",20,1175,2,-0.196769401234206,29,8.58273148148148,11
"b1.t30.p20.w1178",30,400,0,1,TRUE,"7",20,1178,2,1.80801472319216,1712,1.88818287037037,4
"b1.t30.p20.w1184",30,0,0,1,TRUE,"12",20,1184,3,0.0105780910081493,43,1.50085648148148,3
"b1.t30.p20.w1187",30,1000,5.33,1,TRUE,"4",20,1187,1,0.318234420202686,77,1.88818287037037,4
"b1.t30.p20.w1192",30,5,0,1,TRUE,"13",20,1192,3,0.104118617249306,48,1.50085648148148,3
"b1.t30.p20.w1194",30,10,0,1,TRUE,"3",20,1194,3,0.578762266995962,117,1.50085648148148,3
"b1.t30.p20.w1195",30,50,0,1,TRUE,"none",20,1195,1,1.01970600309121,452,1.50085648148148,3
"b1.t30.p21.w1203",30,1000,6.67,1,TRUE,"1",21,1203,1,0.169158196806587,61,2.51331018518519,5
"b1.t30.p21.w1204",30,1000,6.67,1,TRUE,"11",21,1204,1,0.0958029856470314,50,2.51331018518519,5
"b1.t30.p21.w1205",30,25,0,1,TRUE,"all",21,1205,2,0.683761447568471,139,1.50320601851852,3
"b1.t30.p21.w1206",30,1000,2.67,1,TRUE,"1",21,1206,3,0.640332412630181,545,2.51331018518519,5
"b1.t30.p21.w1208",30,1000,4,1,TRUE,"13",21,1208,2,0.385946692795273,95,1.50320601851852,3
"b1.t30.p21.w1209",30,1,0,1,TRUE,"4",21,1209,2,-0.116180303694578,32,8.58545138888889,11
"b1.t30.p21.w1210",30,0,0,1,TRUE,"all",21,1210,3,-0.17423418553715,39,8.58545138888889,11
"b1.t30.p21.w1211",30,0,0,1,TRUE,"none",21,1211,3,0.567596823278446,158,2.51331018518519,5
"b1.t30.p21.w1213",30,700,0,1,TRUE,"12",21,1213,2,1.57434345696041,3222,1.89033564814815,4
"b1.t30.p21.w1218",30,25,0,1,TRUE,"10",21,1218,1,0.891117835526428,157,1.50320601851852,3
"b1.t30.p21.w1219",30,1000,12,1,TRUE,"15",21,1219,2,-0.178988837170167,27,8.58545138888889,11
"b1.t30.p21.w1221",30,10,0,1,TRUE,"4",21,1221,3,0.57518199133989,151,1.50320601851852,3
"b1.t30.p21.w1223",30,1000,0,1,TRUE,"2",21,1223,1,1.71731816078708,2516,1.89033564814815,4
"b1.t30.p21.w1224",30,700,0,1,TRUE,"none",21,1224,1,1.5139611333107,2935,1.89033564814815,4
"b1.t30.p21.w1229",30,100,0,1,TRUE,"5",21,1229,2,1.36081232212007,656,1.50320601851852,3
"b1.t30.p21.w1230",30,1000,8,1,TRUE,"7",21,1230,1,0.103014350607093,39,1.50320601851852,3
"b1.t30.p21.w1232",30,100,0,1,TRUE,"12",21,1232,3,1.20365743626776,943,1.89033564814815,4
"b1.t30.p21.w1238",30,10,0,1,TRUE,"5",21,1238,3,0.616283205812326,109,1.50320601851852,3
"b1.t30.p21.w1241",30,1000,8,1,TRUE,"5",21,1241,2,-0.00495695858757765,33,1.89033564814815,4
"b1.t30.p21.w1242",30,50,0,1,TRUE,"4",21,1242,1,1.18638427259828,362,1.50320601851852,3
"b1.t30.p21.w1249",30,1000,1.33,1,TRUE,"10",21,1249,2,0.934510719279201,3453,1.89033564814815,4
"b1.t30.p21.w1254",30,25,0,1,TRUE,"all",21,1254,3,0.7695005938069,184,1.50320601851852,3
"b1.t30.p21.w1257",30,700,0,1,TRUE,"10",21,1257,1,1.65079187926242,3149,1.89033564814815,4
"b1.t30.p21.w1258",30,0,0,1,TRUE,"14",21,1258,1,0.10418204354762,52,1.50320601851852,3
"b1.t30.p21.w1259",30,1000,2.67,1,TRUE,"7",21,1259,3,0.475694398106212,208,1.89033564814815,4
"b1.t30.p22.w1264",30,1000,10.67,1,TRUE,"6",22,1264,1,-0.225525018959543,31,8.58888888888889,11
"b1.t30.p22.w1265",30,1,0,1,TRUE,"14",22,1265,3,0.0568163846957763,42,1.50552083333333,3
"b1.t30.p22.w1266",30,25,0,1,TRUE,"none",22,1266,2,0.524142697043125,209,1.50552083333333,3
"b1.t30.p22.w1267",30,1000,4,1,TRUE,"7",22,1267,1,-0.139692735405885,25,6.65734953703704,9
"b1.t30.p22.w1268",30,25,0,1,TRUE,"7",22,1268,1,0.876239080852142,163,1.50552083333333,3
"b1.t30.p22.w1270",30,400,0,1,TRUE,"all",22,1270,3,1.46002354738924,751,1.89252314814815,4
"b1.t30.p22.w1271",30,1000,8,1,TRUE,"4",22,1271,1,0.0186740677515627,44,2.51542824074074,5
"b1.t30.p22.w1273",30,1000,6.67,1,TRUE,"9",22,1273,1,0.143896132561092,53,1.89252314814815,4
"b1.t30.p22.w1275",30,5,0,1,TRUE,"4",22,1275,1,0.180590663157639,61,1.50552083333333,3
"b1.t30.p22.w1277",30,1000,2.67,1,TRUE,"10",22,1277,2,0.448585536740063,334,1.50552083333333,3
"b1.t30.p22.w1278",30,1000,0,1,TRUE,"3",22,1278,1,1.70098972947313,4193,1.89252314814815,4
"b1.t30.p22.w1281",30,1000,4,1,TRUE,"8",22,1281,1,0.321315605846199,125,1.89252314814815,4
"b1.t30.p22.w1282",30,1000,8,1,TRUE,"8",22,1282,3,0.0654564780890197,37,1.50552083333333,3
"b1.t30.p22.w1285",30,1000,2.67,1,TRUE,"3",22,1285,2,0.471637431510457,389,1.89252314814815,4
"b1.t30.p22.w1288",30,1000,8,1,TRUE,"11",22,1288,1,-0.00175164349769477,37,2.51542824074074,5
"b1.t30.p22.w1291",30,1000,2.67,1,TRUE,"10",22,1291,3,0.577094991816978,542,1.50552083333333,3
"b1.t30.p22.w1292",30,10,0,1,TRUE,"14",22,1292,1,0.563036396927594,131,1.50552083333333,3
"b1.t30.p22.w1295",30,1000,12,1,TRUE,"none",22,1295,3,-0.215854918960201,32,8.58888888888889,11
"b1.t30.p22.w1296",30,400,0,1,TRUE,"all",22,1296,2,1.49424644053024,1027,1.89252314814815,4
"b1.t30.p22.w1303",30,5,0,1,TRUE,"9",22,1303,3,0.0570045044211841,67,1.50552083333333,3
"b1.t30.p22.w1305",30,1000,4,1,TRUE,"none",22,1305,1,0.207292314453254,64,1.50552083333333,3
"b1.t30.p22.w1306",30,400,0,1,TRUE,"9",22,1306,3,1.53349197901483,1766,1.89252314814815,4
"b1.t30.p22.w1307",30,1000,10.67,1,TRUE,"4",22,1307,1,1.59261981908254,1771,1.89252314814815,4
"b1.t30.p22.w1314",30,1000,9.33,1,TRUE,"3",22,1314,1,-0.111205669849276,23,2.51542824074074,5
"b1.t30.p22.w1318",30,10,0,1,TRUE,"13",22,1318,3,0.389105848232434,83,1.50552083333333,3
"b1.t30.p22.w1319",30,1000,5.33,1,TRUE,"all",22,1319,3,0.212831201025751,69,1.50552083333333,3
"b1.t30.p22.w1320",30,0,0,1,TRUE,"14",22,1320,3,-0.0105376499614673,41,1.50552083333333,3
"b1.t30.p23.w1321",30,0,0,1,TRUE,"9",23,1321,1,-0.0346811658519997,41,1.50798611111111,3
"b1.t30.p23.w1322",30,1000,2.67,1,TRUE,"12",23,1322,2,0.350324169637366,325,1.89467592592593,4
"b1.t30.p23.w1328",30,1000,9.33,1,TRUE,"8",23,1328,1,-0.146274257936086,31,1.50798611111111,3
"b1.t30.p23.w1329",30,1000,5.33,1,TRUE,"15",23,1329,3,0.221862794328407,56,1.89467592592593,4
"b1.t30.p23.w1330",30,400,0,1,TRUE,"11",23,1330,3,0.718604098794182,159,1.50798611111111,3
"b1.t30.p23.w1334",30,1000,9.33,1,TRUE,"13",23,1334,3,-0.130303440447213,34,2.51751157407407,5
"b1.t30.p23.w1337",30,1000,2.67,1,TRUE,"9",23,1337,2,0.45103630699141,432,1.50798611111111,3
"b1.t30.p23.w1339",30,1000,5.33,1,TRUE,"11",23,1339,2,0.230462560887075,68,2.51751157407407,5
"b1.t30.p23.w1342",30,1000,5.33,1,TRUE,"6",23,1342,3,0.137044486855273,52,2.51751157407407,5
"b1.t30.p23.w1345",30,10,0,1,TRUE,"11",23,1345,4,0.37350645527055,99,1.50798611111111,3
"b1.t30.p23.w1347",30,10,0,1,TRUE,"none",23,1347,3,0.570061138821262,97,1.50798611111111,3
"b1.t30.p23.w1351",30,1000,12,1,TRUE,"4",23,1351,2,-0.228677908334039,34,8.59164351851852,11
"b1.t30.p23.w1355",30,1000,2.67,1,TRUE,"5",23,1355,2,0.420256046040347,318,1.89467592592593,4
"b1.t30.p23.w1357",30,1,0,1,TRUE,"11",23,1357,2,-0.183394468433962,38,8.59164351851852,11
"b1.t30.p23.w1358",30,1000,5.33,1,TRUE,"2",23,1358,2,0.494025876890778,130,1.50798611111111,3
"b1.t30.p23.w1359",30,25,0,1,TRUE,"13",23,1359,2,0.636302597643608,140,1.50798611111111,3
"b1.t30.p23.w1362",30,1000,5.33,1,TRUE,"12",23,1362,2,0.200834330163938,65,1.89467592592593,4
"b1.t30.p23.w1365",30,100,0,1,TRUE,"8",23,1365,3,1.02560489278233,832,1.50798611111111,3
"b1.t30.p23.w1366",30,50,0,1,TRUE,"7",23,1366,3,1.01418153420019,449,1.50798611111111,3
"b1.t30.p23.w1367",30,10,0,1,TRUE,"6",23,1367,1,0.57486958357236,95,1.50798611111111,3
"b1.t30.p23.w1368",30,1000,10.67,1,TRUE,"13",23,1368,2,-0.1876238979806,33,8.59164351851852,11
"b1.t30.p23.w1369",30,1000,4,1,TRUE,"14",23,1369,2,0.316514226706738,76,1.50798611111111,3
"b1.t30.p23.w1370",30,1000,6.67,1,TRUE,"15",23,1370,3,0.182041761737764,34,1.50798611111111,3
"b1.t30.p23.w1371",30,1000,10.67,1,TRUE,"15",23,1371,2,-0.175826479713884,30,8.59164351851852,11
"b1.t30.p23.w1372",30,1000,6.67,1,TRUE,"none",23,1372,1,0.135764324550739,36,1.89467592592593,4
"b1.t30.p23.w1374",30,700,0,1,TRUE,"all",23,1374,1,1.29182311974334,1242,1.89467592592593,4
"b1.t30.p23.w1376",30,50,0,1,TRUE,"11",23,1376,1,0.470747506525222,93,1.50798611111111,3
"b1.t30.p23.w1377",30,25,0,1,TRUE,"9",23,1377,1,0.76606198108296,198,1.50798611111111,3
"b1.t30.p23.w1378",30,1000,1.33,1,TRUE,"13",23,1378,1,0.977415681789357,3570,1.89467592592593,4
"b1.t30.p24.w1381",30,1000,4,1,TRUE,"3",24,1381,3,0.377532228021103,301,1.8969212962963,3
"b1.t30.p24.w1383",30,1000,9.33,1,TRUE,"13",24,1383,1,0.0633946340392972,35,1.8969212962963,3
"b1.t30.p24.w1385",30,100,0,1,TRUE,"2",24,1385,2,0.960879421638755,501,1.8969212962963,4
"b1.t30.p24.w1388",30,1000,0,1,TRUE,"9",24,1388,2,1.11871269112638,4198,1.8969212962963,3
"b1.t30.p24.w1389",30,10,0,1,TRUE,"6",24,1389,2,0.229225442591915,90,1.51030092592593,3
"b1.t30.p24.w1390",30,1000,4,1,TRUE,"15",24,1390,3,0.221437891614914,81,1.8969212962963,3
"b1.t30.p24.w1391",30,100,0,1,TRUE,"3",24,1391,2,1.01290309384226,791,1.8969212962963,4
"b1.t30.p24.w1392",30,10,0,1,TRUE,"8",24,1392,3,0.42278232372271,130,1.51030092592593,3
"b1.t30.p24.w1393",30,1000,9.33,1,TRUE,"8",24,1393,3,-0.139237261548906,29,7.75581018518518,9
"b1.t30.p24.w1394",30,50,0,1,TRUE,"11",24,1394,2,0.50806113479997,158,1.51030092592593,3
"b1.t30.p24.w1395",30,1000,5.33,1,TRUE,"4",24,1395,2,0.248515638368824,86,1.8969212962963,3
"b1.t30.p24.w1396",30,1000,2.67,1,TRUE,"15",24,1396,3,0.515276285368355,1022,1.8969212962963,3
"b1.t30.p24.w1397",30,1000,10.67,1,TRUE,"8",24,1397,3,0.011663994808812,20,1.8969212962963,3
"b1.t30.p24.w1400",30,400,0,1,TRUE,"9",24,1400,2,1.25752495148128,2289,1.8969212962963,4
"b1.t30.p24.w1401",30,1000,10.67,1,TRUE,"10",24,1401,1,-0.135672642829177,25,8.59471064814815,10
"b1.t30.p24.w1404",30,400,0,1,TRUE,"12",24,1404,2,1.3526485894979,2513,1.8969212962963,4
"b1.t30.p24.w1405",30,1000,2.67,1,TRUE,"4",24,1405,3,0.569969685664336,1190,2.51961805555556,5
"b1.t30.p24.w1407",30,1000,0,1,TRUE,"8",24,1407,2,1.44556091530202,3970,2.51961805555556,5
"b1.t30.p24.w1409",30,0,0,1,TRUE,"11",24,1409,1,-0.126593660883472,32,8.59471064814815,10
"b1.t30.p24.w1411",30,1000,6.67,1,TRUE,"13",24,1411,1,0.165733090283045,44,1.8969212962963,3
"b1.t30.p24.w1412",30,1000,9.33,1,TRUE,"all",24,1412,3,0.0853034204031528,38,3.62956018518519,5
"b1.t30.p24.w1413",30,5,0,1,TRUE,"none",24,1413,3,0.0311767418637135,70,1.8969212962963,3
"b1.t30.p24.w1415",30,25,0,1,TRUE,"6",24,1415,1,0.65017963284277,254,1.51030092592593,3
"b1.t30.p24.w1418",30,1000,8,1,TRUE,"all",24,1418,2,0.0311906500633951,36,1.8969212962963,3
"b1.t30.p24.w1420",30,1000,1.33,1,TRUE,"1",24,1420,3,1.14884145747216,2395,2.51961805555556,5
"b1.t30.p24.w1421",30,100,0,1,TRUE,"13",24,1421,1,0.838757386546478,376,1.51030092592593,3
"b1.t30.p24.w1422",30,1,0,1,TRUE,"12",24,1422,2,0.0763735598944645,84,1.51030092592593,3
"b1.t30.p24.w1424",30,1000,8,1,TRUE,"9",24,1424,3,0.0425856329420912,25,1.8969212962963,3
"b1.t30.p24.w1425",30,5,0,1,TRUE,"all",24,1425,3,0.0901438954653689,70,1.51030092592593,3
"b1.t30.p24.w1427",30,700,0,1,TRUE,"11",24,1427,2,1.17373802206649,2119,1.8969212962963,4
"b1.t30.p24.w1429",30,0,0,1,TRUE,"8",24,1429,3,-0.026272239973366,42,1.8969212962963,3
"b1.t30.p24.w1432",30,1000,10.67,1,TRUE,"15",24,1432,1,-0.0858642733399297,23,2.51961805555556,4
"b1.t30.p24.w1433",30,100,0,1,TRUE,"15",24,1433,3,0.922173375218971,909,1.51030092592593,3
"b1.t30.p24.w1435",30,1000,2.67,1,TRUE,"5",24,1435,3,0.402139811284612,749,1.8969212962963,3
"b1.t30.p24.w1438",30,1000,0,1,TRUE,"2",24,1438,2,1.42530238086239,2590,1.8969212962963,4
"b1.t30.p24.w1439",30,10,0,1,TRUE,"10",24,1439,2,0.408009577597341,140,1.51030092592593,3
"b1.t30.p25.w1442",30,1000,10.67,1,TRUE,"all",25,1442,2,0.000400228648957583,25,2.52172453703704,4
"b1.t30.p25.w1443",30,1000,9.33,1,TRUE,"6",25,1443,2,-0.194113651139453,30,8.5975,10
"b1.t30.p25.w1445",30,50,0,1,TRUE,"9",25,1445,2,0.72879316137523,342,1.51263888888889,3
"b1.t30.p25.w1446",30,1000,5.33,1,TRUE,"12",25,1446,3,0.274348143827118,44,1.89908564814815,3
"b1.t30.p25.w1448",30,0,0,1,TRUE,"6",25,1448,3,-0.153343616537328,20,8.5975,10
"b1.t30.p25.w1449",30,1000,8,1,TRUE,"14",25,1449,3,-0.0467800783086468,25,1.89908564814815,3
"b1.t30.p25.w1451",30,1000,12,1,TRUE,"8",25,1451,3,-0.175291347959149,23,8.5975,10
"b1.t30.p25.w1453",30,100,0,1,TRUE,"13",25,1453,3,0.835645366830578,278,1.51263888888889,3
"b1.t30.p25.w1454",30,400,0,1,TRUE,"14",25,1454,2,1.42868191651558,1844,1.89908564814815,3
"b1.t30.p25.w1455",30,1000,0,1,TRUE,"4",25,1455,1,1.4071422845564,3030,2.52172453703704,5
"b1.t30.p25.w1457",30,400,0,1,TRUE,"10",25,1457,3,1.54771011036022,1704,1.89908564814815,4
"b1.t30.p25.w1458",30,400,0,1,TRUE,"9",25,1458,1,1.34543270608235,1515,1.89908564814815,3
"b1.t30.p25.w1459",30,100,0,1,TRUE,"11",25,1459,1,0.498907550965777,154,1.89908564814815,4
"b1.t30.p25.w1460",30,25,0,1,TRUE,"12",25,1460,1,0.672608817637983,259,1.89908564814815,4
"b1.t30.p25.w1461",30,700,0,1,TRUE,"2",25,1461,2,1.31254313561881,1825,1.89908564814815,4
"b1.t30.p25.w1463",30,100,0,1,TRUE,"9",25,1463,2,0.960423255395603,476,1.51263888888889,3
"b1.t30.p25.w1467",30,1000,0,1,TRUE,"14",25,1467,3,1.41083927881914,3329,1.89908564814815,3
"b1.t30.p25.w1471",30,1000,12,1,TRUE,"1",25,1471,2,-0.0891305862792761,19,8.5975,10
"b1.t30.p25.w1472",30,1000,12,1,TRUE,"13",25,1472,3,-0.132827940919047,23,8.5975,10
"b1.t30.p25.w1475",30,400,0,1,TRUE,"11",25,1475,1,1.43157119370258,552,1.89908564814815,3
"b1.t30.p25.w1477",30,1000,9.33,1,TRUE,"9",25,1477,2,-0.0195567143684739,30,1.89908564814815,3
"b1.t30.p25.w1480",30,1000,5.33,1,TRUE,"all",25,1480,2,0.172320735380408,73,1.89908564814815,3
"b1.t30.p25.w1482",30,0,0,1,TRUE,"4",25,1482,2,0.164930060637468,66,3.63255787037037,5
"b1.t30.p25.w1484",30,1000,5.33,1,TRUE,"5",25,1484,1,0.0527465094074602,37,1.89908564814815,3
"b1.t30.p25.w1486",30,1000,1.33,1,TRUE,"2",25,1486,3,1.32646824625087,3551,2.52172453703704,5
"b1.t30.p25.w1487",30,1000,2.67,1,TRUE,"5",25,1487,1,0.406745994721827,814,1.89908564814815,3
"b1.t30.p25.w1489",30,50,0,1,TRUE,"13",25,1489,1,0.727565885384514,211,1.51263888888889,3
"b1.t30.p25.w1493",30,25,0,1,TRUE,"none",25,1493,1,0.431601335778443,155,1.51263888888889,3
"b1.t30.p25.w1494",30,50,0,1,TRUE,"8",25,1494,1,0.776182033163413,484,1.51263888888889,3
"b1.t30.p26.w1503",30,1000,5.33,1,TRUE,"12",26,1503,1,0.175603533092523,37,1.90138888888889,3
"b1.t30.p26.w1504",30,1000,0,1,TRUE,"11",26,1504,1,1.33781177877236,913,1.90138888888889,4
"b1.t30.p26.w1505",30,1000,5.33,1,TRUE,"2",26,1505,3,0.320664017047869,107,1.90138888888889,3
"b1.t30.p26.w1506",30,1000,4,1,TRUE,"6",26,1506,2,0.421148646496716,125,1.90138888888889,3
"b1.t30.p26.w1507",30,100,0,1,TRUE,"9",26,1507,3,1.05698484642101,438,1.90138888888889,4
"b1.t30.p26.w1508",30,400,0,1,TRUE,"6",26,1508,3,1.2752668379384,1577,1.90138888888889,3
"b1.t30.p26.w1512",30,10,0,1,TRUE,"none",26,1512,1,0.470194888899662,177,1.51502314814815,3
"b1.t30.p26.w1514",30,700,0,1,TRUE,"1",26,1514,3,1.33591454756997,1620,1.90138888888889,4
"b1.t30.p26.w1515",30,400,0,1,TRUE,"4",26,1515,3,1.44737532015591,1475,1.90138888888889,4
"b1.t30.p26.w1517",30,1000,10.67,1,TRUE,"1",26,1517,2,-0.0721980552807713,21,5.56524305555556,7
"b1.t30.p26.w1521",30,10,0,1,TRUE,"15",26,1521,1,0.431615535430009,149,1.51502314814815,3
"b1.t30.p26.w1524",30,100,0,1,TRUE,"7",26,1524,1,0.786203373362579,372,1.90138888888889,4
"b1.t30.p26.w1525",30,1,0,1,TRUE,"11",26,1525,1,-0.107932487137377,36,1.90138888888889,3
"b1.t30.p26.w1526",30,1000,0,1,TRUE,"11",26,1526,3,1.28319794520686,927,1.90138888888889,4
"b1.t30.p26.w1527",30,0,0,1,TRUE,"8",26,1527,2,0.477213792200213,110,1.51502314814815,3
"b1.t30.p26.w1529",30,1000,4,1,TRUE,"9",26,1529,3,0.26638065462801,117,1.90138888888889,3
"b1.t30.p26.w1533",30,1000,8,1,TRUE,"all",26,1533,3,0.0805508069975145,31,2.52385416666667,4
"b1.t30.p26.w1534",30,1000,0,1,TRUE,"15",26,1534,3,1.28071893837817,3376,2.52385416666667,5
"b1.t30.p26.w1535",30,700,0,1,TRUE,"5",26,1535,3,1.28416610372145,2541,2.52385416666667,5
"b1.t30.p26.w1536",30,1000,4,1,TRUE,"12",26,1536,3,0.303290613977718,113,1.90138888888889,3
"b1.t30.p26.w1537",30,10,0,1,TRUE,"5",26,1537,2,0.132241555268874,100,1.51502314814815,3
"b1.t30.p26.w1538",30,1000,12,1,TRUE,"9",26,1538,2,-0.169100687427514,23,8.60045138888889,10
"b1.t30.p26.w1542",30,5,0,1,TRUE,"12",26,1542,1,0.213646538718963,142,1.51502314814815,3
"b1.t30.p26.w1544",30,0,0,1,TRUE,"12",26,1544,2,-0.0260338168714089,51,1.90138888888889,3
"b1.t30.p26.w1545",30,400,0,1,TRUE,"7",26,1545,3,1.19988184935987,1434,1.90138888888889,4
"b1.t30.p26.w1546",30,1000,10.67,1,TRUE,"15",26,1546,3,-0.160611851592094,24,8.60045138888889,10
"b1.t30.p26.w1548",30,1000,10.67,1,TRUE,"5",26,1548,1,-0.144011599747652,22,8.60045138888889,10
"b1.t30.p26.w1552",30,1000,9.33,1,TRUE,"14",26,1552,1,-0.0848478680865163,29,2.52385416666667,4
"b1.t30.p26.w1553",30,100,0,1,TRUE,"14",26,1553,2,0.964676560989288,522,1.51502314814815,3
"b1.t30.p26.w1554",30,1000,10.67,1,TRUE,"2",26,1554,1,-0.152433384523021,26,8.60045138888889,10
"b1.t30.p26.w1555",30,1000,4,1,TRUE,"5",26,1555,3,0.386681782441388,128,1.90138888888889,3
"b1.t30.p26.w1557",30,50,0,1,TRUE,"1",26,1557,4,0.785989813619323,295,1.90138888888889,4
"b1.t30.p26.w1559",30,0,0,1,TRUE,"2",26,1559,1,0.0397766391165457,121,8.60045138888889,10
"b1.t30.p26.w1560",30,1000,1.33,1,TRUE,"4",26,1560,1,1.05499274899446,4598,2.52385416666667,5
"b1.t30.p27.w1561",30,10,0,1,TRUE,"11",27,1561,3,0.297011136245912,91,1.90356481481481,3
"b1.t30.p27.w1563",30,1,0,1,TRUE,"15",27,1563,3,0.0639356899002941,47,1.90356481481481,3
"b1.t30.p27.w1564",30,1000,8,1,TRUE,"15",27,1564,2,0.0173226076491404,30,1.90356481481481,3
"b1.t30.p27.w1566",30,1000,8,1,TRUE,"none",27,1566,2,-0.0768321216622151,29,2.52596064814815,4
"b1.t30.p27.w1567",30,1000,5.33,1,TRUE,"8",27,1567,3,0.0952165692456752,54,1.90356481481481,3
"b1.t30.p27.w1570",30,100,0,1,TRUE,"14",27,1570,3,1.07274804778806,747,1.90356481481481,3
"b1.t30.p27.w1572",30,1000,10.67,1,TRUE,"13",27,1572,1,-0.178371752224012,28,7.76225694444444,9
"b1.t30.p27.w1574",30,50,0,1,TRUE,"15",27,1574,2,0.748133657809049,171,1.90356481481481,3
"b1.t30.p27.w1576",30,100,0,1,TRUE,"6",27,1576,3,0.957837251359904,660,1.90356481481481,3
"b1.t30.p27.w1577",30,1000,5.33,1,TRUE,"none",27,1577,3,0.0540854572364121,34,1.90356481481481,3
"b1.t30.p27.w1579",30,400,0,1,TRUE,"14",27,1579,1,1.226971880757,2578,1.90356481481481,3
"b1.t30.p27.w1580",30,1000,2.67,1,TRUE,"8",27,1580,1,0.410312658569193,686,2.52596064814815,4
"b1.t30.p27.w1581",30,1000,0,1,TRUE,"1",27,1581,3,1.22476939716661,2516,1.90356481481481,3
"b1.t30.p27.w1582",30,400,0,1,TRUE,"1",27,1582,1,1.32767120472526,1555,1.90356481481481,3
"b1.t30.p27.w1585",30,100,0,1,TRUE,"none",27,1585,1,0.94797420623391,640,1.90356481481481,3
"b1.t30.p27.w1587",30,50,0,1,TRUE,"1",27,1587,1,0.717481137195714,222,1.90356481481481,3
"b1.t30.p27.w1588",30,1000,5.33,1,TRUE,"8",27,1588,1,0.0499931033542269,43,2.52596064814815,4
"b1.t30.p27.w1593",30,1000,5.33,1,TRUE,"10",27,1593,1,0.20100001519924,53,1.90356481481481,3
"b1.t30.p27.w1594",30,1,0,1,TRUE,"3",27,1594,2,-0.12489972099809,30,8.6030787037037,10
"b1.t30.p27.w1597",30,1000,6.67,1,TRUE,"9",27,1597,2,0.0913452802543476,33,1.90356481481481,3
"b1.t30.p27.w1598",30,1000,0,1,TRUE,"1",27,1598,2,1.1504297991503,2174,1.90356481481481,3
"b1.t30.p27.w1600",30,5,0,1,TRUE,"10",27,1600,3,0.00515042919882764,58,1.90356481481481,3
"b1.t30.p27.w1602",30,0,0,1,TRUE,"10",27,1602,1,-0.0239244994726428,37,1.90356481481481,3
"b1.t30.p27.w1603",30,1000,12,1,TRUE,"14",27,1603,3,-0.174770674702785,23,7.76225694444444,9
"b1.t30.p27.w1607",30,5,0,1,TRUE,"8",27,1607,2,0.261648181627462,70,1.90356481481481,3
"b1.t30.p27.w1611",30,1000,2.67,1,TRUE,"6",27,1611,1,0.478161079142366,650,1.90356481481481,3
"b1.t30.p27.w1612",30,700,0,1,TRUE,"14",27,1612,1,1.29686254409564,3238,1.90356481481481,3
"b1.t30.p27.w1614",30,700,0,1,TRUE,"3",27,1614,3,1.25508991032004,2776,1.90356481481481,3
"b1.t30.p27.w1615",30,400,0,1,TRUE,"5",27,1615,4,1.20343749011694,2282,1.90356481481481,3
"b1.t30.p27.w1616",30,100,0,1,TRUE,"9",27,1616,1,1.02334448179507,787,1.90356481481481,3
"b1.t30.p27.w1617",30,5,0,1,TRUE,"6",27,1617,2,0.0908196725743904,64,1.90356481481481,3
"b1.t30.p27.w1618",30,1,0,1,TRUE,"7",27,1618,3,-0.0271685071623204,27,1.90356481481481,3
"b1.t30.p28.w1621",30,1,0,1,TRUE,"10",28,1621,2,0.060020299757273,31,1.90578703703704,3
"b1.t30.p28.w1622",30,1000,5.33,1,TRUE,"9",28,1622,2,0.18826109614781,54,1.90578703703704,3
"b1.t30.p28.w1623",30,100,0,1,TRUE,"5",28,1623,3,0.851516438014848,561,1.90578703703704,3
"b1.t30.p28.w1625",30,50,0,1,TRUE,"10",28,1625,3,0.734768529489224,326,1.90578703703704,3
"b1.t30.p28.w1626",30,100,0,1,TRUE,"5",28,1626,1,1.01823021814275,694,1.90578703703704,3
"b1.t30.p28.w1629",30,1000,6.67,1,TRUE,"15",28,1629,2,-0.0313988381799843,31,1.90578703703704,3
"b1.t30.p28.w1630",30,100,0,1,TRUE,"7",28,1630,2,0.710405318731097,570,1.90578703703704,3
"b1.t30.p28.w1632",30,10,0,1,TRUE,"14",28,1632,2,0.197972774338703,91,1.51974537037037,3
"b1.t30.p28.w1633",30,0,0,1,TRUE,"7",28,1633,3,-0.016166902492123,30,8.60592592592593,10
"b1.t30.p28.w1635",30,1000,1.33,1,TRUE,"13",28,1635,3,0.823093881217018,3986,1.90578703703704,3
"b1.t30.p28.w1637",30,5,0,1,TRUE,"7",28,1637,2,-0.0200938603494758,62,1.90578703703704,3
"b1.t30.p28.w1638",30,10,0,1,TRUE,"8",28,1638,2,0.212115926042458,107,1.90578703703704,3
"b1.t30.p28.w1641",30,1000,8,1,TRUE,"5",28,1641,4,-0.120899909737023,32,3.63890046296296,5
"b1.t30.p28.w1642",30,1000,5.33,1,TRUE,"1",28,1642,1,0.148544253841731,73,1.90578703703704,3
"b1.t30.p28.w1643",30,1000,8,1,TRUE,"12",28,1643,1,-0.00688733216673526,28,2.52805555555556,4
"b1.t30.p28.w1645",30,1000,12,1,TRUE,"10",28,1645,3,-0.132757146274061,27,8.60592592592593,10
"b1.t30.p28.w1646",30,1000,1.33,1,TRUE,"9",28,1646,2,0.79700181006849,4573,1.90578703703704,3
"b1.t30.p28.w1647",30,50,0,1,TRUE,"6",28,1647,3,0.599305259765583,256,1.51974537037037,3
"b1.t30.p28.w1649",30,1000,12,1,TRUE,"5",28,1649,4,-0.143463779317301,25,8.60592592592593,10
"b1.t30.p28.w1650",30,1000,12,1,TRUE,"6",28,1650,2,-0.172908478343105,26,8.60592592592593,10
"b1.t30.p28.w1651",30,1000,1.33,1,TRUE,"5",28,1651,1,0.66284048283358,5348,1.90578703703704,3
"b1.t30.p28.w1653",30,1,0,1,TRUE,"9",28,1653,1,-0.0579586117106264,50,8.60592592592593,10
"b1.t30.p28.w1654",30,100,0,1,TRUE,"1",28,1654,1,0.675897760239305,326,1.90578703703704,3
"b1.t30.p28.w1657",30,700,0,1,TRUE,"9",28,1657,1,0.81491883394694,2325,1.90578703703704,3
"b1.t30.p28.w1658",30,25,0,1,TRUE,"9",28,1658,3,0.535104344728083,165,1.90578703703704,3
"b1.t30.p28.w1663",30,100,0,1,TRUE,"5",28,1663,4,0.758351845461417,485,1.90578703703704,3
"b1.t30.p28.w1664",30,1000,9.33,1,TRUE,"none",28,1664,3,-0.138606698187597,28,8.60592592592593,10
"b1.t30.p28.w1667",30,1000,4,1,TRUE,"9",28,1667,2,0.250747096506422,168,1.90578703703704,3
"b1.t30.p28.w1673",30,700,0,1,TRUE,"9",28,1673,2,1.19795532973259,1979,2.52805555555556,4
"b1.t30.p28.w1674",30,25,0,1,TRUE,"8",28,1674,2,0.473108606958508,149,1.90578703703704,3
"b1.t30.p28.w1675",30,1000,9.33,1,TRUE,"3",28,1675,3,0.0351762664810777,26,2.52805555555556,4
"b1.t30.p28.w1678",30,1000,8,1,TRUE,"12",28,1678,2,-0.0390589949434477,31,1.90578703703704,3
"b1.t30.p28.w1679",30,50,0,1,TRUE,"3",28,1679,3,0.660600796689668,232,1.90578703703704,3
"b1.t30.p29.w1683",30,400,0,1,TRUE,"3",29,1683,3,1.34523074167175,1873,2.53020833333333,4
"b1.t30.p29.w1684",30,1000,1.33,1,TRUE,"7",29,1684,2,0.843365109689419,3756,1.90802083333333,3
"b1.t30.p29.w1686",30,1000,5.33,1,TRUE,"10",29,1686,2,0.0408241303368104,38,1.90802083333333,3
"b1.t30.p29.w1695",30,1000,10.67,1,TRUE,"10",29,1695,2,-0.180848276709328,25,8.60862268518519,10
"b1.t30.p29.w1703",30,10,0,1,TRUE,"13",29,1703,1,0.173070039585887,94,1.90802083333333,3
"b1.t30.p29.w1704",30,0,0,1,TRUE,"13",29,1704,2,-0.124338895410421,25,8.60862268518519,10
"b1.t30.p29.w1705",30,1000,5.33,1,TRUE,"7",29,1705,3,0.0720896669487415,40,2.53020833333333,4
"b1.t30.p29.w1708",30,1000,12,1,TRUE,"11",29,1708,3,-0.0547271618292342,23,1.90802083333333,3
"b1.t30.p29.w1709",30,10,0,1,TRUE,"5",29,1709,1,0.242468548238731,89,1.90802083333333,3
"b1.t30.p29.w1711",30,10,0,1,TRUE,"15",29,1711,3,0.269285569637769,114,1.90802083333333,3
"b1.t30.p29.w1712",30,1000,9.33,1,TRUE,"11",29,1712,1,0.0250473462235669,28,3.64111111111111,5
"b1.t30.p29.w1713",30,0,0,1,TRUE,"11",29,1713,2,-0.0825607218604273,29,8.60862268518519,10
"b1.t30.p29.w1716",30,700,0,1,TRUE,"5",29,1716,4,1.08535050734745,2076,1.90802083333333,3
"b1.t30.p29.w1717",30,25,0,1,TRUE,"5",29,1717,4,0.480551604583251,128,1.90802083333333,3
"b1.t30.p29.w1720",30,1000,4,1,TRUE,"14",29,1720,1,0.170165404345389,228,1.90802083333333,3
"b1.t30.p29.w1721",30,1000,6.67,1,TRUE,"5",29,1721,3,-0.0203685469771661,25,1.90802083333333,3
"b1.t30.p29.w1722",30,10,0,1,TRUE,"2",29,1722,3,0.0590043647736302,127,1.90802083333333,3
"b1.t30.p29.w1723",30,50,0,1,TRUE,"6",29,1723,1,0.700277903437738,204,1.90802083333333,3
"b1.t30.p29.w1728",30,1000,6.67,1,TRUE,"6",29,1728,1,-0.0495988968357839,30,2.53020833333333,4
"b1.t30.p29.w1729",30,700,0,1,TRUE,"5",29,1729,2,1.05238666980521,2129,1.90802083333333,3
"b1.t30.p29.w1733",30,0,0,1,TRUE,"5",29,1733,2,0.154780281735573,88,6.67571759259259,8
"b1.t30.p29.w1734",30,25,0,1,TRUE,"5",29,1734,1,0.473574654880173,193,1.90802083333333,3
"b1.t30.p29.w1735",30,25,0,1,TRUE,"5",29,1735,5,0.532285122533674,132,1.90802083333333,3
"b1.t30.p29.w1736",30,5,0,1,TRUE,"all",29,1736,2,0.0625275052628395,74,1.90802083333333,3
"b1.t30.p29.w1737",30,700,0,1,TRUE,"10",29,1737,2,1.15413922840397,3507,1.90802083333333,3
"b1.t30.p29.w1738",30,1000,12,1,TRUE,"6",29,1738,1,-0.225651043990886,30,8.60862268518519,10
"b1.t30.p3.w121",30,1000,12,1,TRUE,"9",3,121,1,-0.185634668613754,33,8.53178240740741,11
"b1.t30.p3.w122",30,400,0,1,TRUE,"7",3,122,1,1.69852770333638,1704,1.78545138888889,5
"b1.t30.p3.w123",30,1000,8,1,TRUE,"12",3,123,3,0.195980861538949,39,1.46028935185185,3
"b1.t30.p3.w126",30,400,0,1,TRUE,"3",3,126,1,1.82361010350865,1736,1.46028935185185,3
"b1.t30.p3.w127",30,1000,12,1,TRUE,"14",3,127,2,-0.180457431318686,32,8.53178240740741,11
"b1.t30.p3.w128",30,1000,1.33,1,TRUE,"10",3,128,1,1.22878364445237,5247,1.78545138888889,5
"b1.t30.p3.w129",30,400,0,1,TRUE,"15",3,129,1,1.78560340382655,1961,1.78545138888889,5
"b1.t30.p3.w130",30,1000,8,1,TRUE,"all",3,130,1,0.0859994110438962,51,2.47336805555556,5
"b1.t30.p3.w134",30,1000,1.33,1,TRUE,"12",3,134,3,1.45516005275064,5631,2.47336805555556,6
"b1.t30.p3.w135",30,1000,12,1,TRUE,"15",3,135,1,-0.143889230552614,26,8.53178240740741,11
"b1.t30.p3.w138",30,1000,8,1,TRUE,"1",3,138,3,0.219864722385803,59,1.46028935185185,3
"b1.t30.p3.w139",30,1000,5.33,1,TRUE,"4",3,139,3,0.318909244324292,95,1.46028935185185,3
"b1.t30.p3.w140",30,100,0,1,TRUE,"none",3,140,3,1.4250439934049,697,1.78545138888889,5
"b1.t30.p3.w142",30,1000,0,1,TRUE,"none",3,142,3,1.96385632017957,4111,1.78545138888889,5
"b1.t30.p3.w144",30,400,0,1,TRUE,"14",3,144,3,1.67357236852759,1734,1.78545138888889,5
"b1.t30.p3.w147",30,1000,8,1,TRUE,"7",3,147,3,0.270533861028272,51,1.46028935185185,3
"b1.t30.p3.w148",30,1000,12,1,TRUE,"12",3,148,3,-0.0262543104669723,31,1.46028935185185,3
"b1.t30.p3.w150",30,1000,8,1,TRUE,"13",3,150,2,0.292721326753854,55,1.46028935185185,3
"b1.t30.p3.w155",30,1000,6.67,1,TRUE,"none",3,155,2,0.31286607814358,54,1.46028935185185,3
"b1.t30.p3.w156",30,0,0,1,TRUE,"all",3,156,2,-0.139633126532707,27,7.71106481481482,10
"b1.t30.p3.w157",30,0,0,1,TRUE,"15",3,157,3,-0.166841501855387,41,8.53178240740741,11
"b1.t30.p3.w158",30,1000,6.67,1,TRUE,"7",3,158,2,0.308393719840683,66,1.46028935185185,3
"b1.t30.p3.w159",30,25,0,1,TRUE,"15",3,159,1,1.28734945858142,287,0.881886574074074,3
"b1.t30.p3.w160",30,400,0,1,TRUE,"none",3,160,3,1.64257847683884,2012,1.78545138888889,4
"b1.t30.p3.w164",30,1000,4,1,TRUE,"6",3,164,3,0.491434796282094,110,1.46028935185185,4
"b1.t30.p3.w169",30,0,0,1,TRUE,"9",3,169,3,-0.108458794445831,23,8.53178240740741,11
"b1.t30.p3.w170",30,1000,9.33,1,TRUE,"10",3,170,2,0.0977730382793438,24,1.46028935185185,3
"b1.t30.p3.w171",30,1000,0,1,TRUE,"5",3,171,1,1.8217597966482,4524,1.78545138888889,5
"b1.t30.p3.w173",30,700,0,1,TRUE,"14",3,173,3,1.84045596556988,3224,1.78545138888889,5
"b1.t30.p3.w174",30,1000,2.67,1,TRUE,"1",3,174,2,0.671598884799053,532,2.47336805555556,6
"b1.t30.p3.w178",30,1,0,1,TRUE,"5",3,178,1,-0.0926074928687799,44,1.46028935185185,3
"b1.t30.p3.w179",30,1000,2.67,1,TRUE,"all",3,179,1,0.769239396790066,217,1.46028935185185,4
"b1.t30.p30.w1741",30,1000,4,1,TRUE,"all",30,1741,2,0.327447460637466,77,1.91024305555556,3
"b1.t30.p30.w1742",30,100,0,1,TRUE,"15",30,1742,2,0.827950889965234,499,1.91024305555556,3
"b1.t30.p30.w1743",30,1000,1.33,1,TRUE,"9",30,1743,3,0.753793347775121,3504,1.91024305555556,3
"b1.t30.p30.w1744",30,1000,2.67,1,TRUE,"1",30,1744,1,0.67561663445776,570,3.64325231481481,5
"b1.t30.p30.w1745",30,1000,9.33,1,TRUE,"1",30,1745,3,-0.0740395047166797,23,5.57369212962963,7
"b1.t30.p30.w1746",30,1000,1.33,1,TRUE,"2",30,1746,2,0.804049005778268,2558,1.91024305555556,3
"b1.t30.p30.w1747",30,1000,1.33,1,TRUE,"14",30,1747,1,0.959133726826569,3576,2.53236111111111,4
"b1.t30.p30.w1749",30,1000,2.67,1,TRUE,"9",30,1749,1,0.440615125075962,955,1.91024305555556,3
"b1.t30.p30.w1751",30,1000,9.33,1,TRUE,"12",30,1751,3,-0.157105741670347,23,8.61186342592593,10
"b1.t30.p30.w1756",30,1000,9.33,1,TRUE,"7",30,1756,1,-0.0627936413636753,22,2.53236111111111,4
"b1.t30.p30.w1757",30,1000,0,1,TRUE,"15",30,1757,1,1.28348430184636,2803,2.53236111111111,4
"b1.t30.p30.w1760",30,400,0,1,TRUE,"15",30,1760,3,1.38790994699722,2051,2.53236111111111,4
"b1.t30.p30.w1761",30,1000,1.33,1,TRUE,"1",30,1761,1,1.16474127499127,2177,2.53236111111111,4
"b1.t30.p30.w1762",30,1000,1.33,1,TRUE,"none",30,1762,2,0.805777204091681,4004,1.91024305555556,3
"b1.t30.p30.w1763",30,5,0,1,TRUE,"all",30,1763,1,0.139124334679532,53,1.91024305555556,3
"b1.t30.p30.w1767",30,1000,12,1,TRUE,"10",30,1767,2,-0.183316159539151,28,8.61186342592593,10
"b1.t30.p30.w1768",30,1000,0,1,TRUE,"10",30,1768,1,1.28998935135708,2985,2.53236111111111,4
"b1.t30.p30.w1769",30,1000,9.33,1,TRUE,"5",30,1769,2,-0.182992657634493,26,8.61186342592593,10
"b1.t30.p30.w1771",30,1000,8,1,TRUE,"9",30,1771,1,-0.00699612551532439,25,1.91024305555556,3
"b1.t30.p30.w1772",30,25,0,1,TRUE,"5",30,1772,2,0.45944310326645,125,1.91024305555556,3
"b1.t30.p30.w1776",30,1000,4,1,TRUE,"1",30,1776,3,0.31875480082306,99,3.64325231481481,5
"b1.t30.p30.w1777",30,1000,1.33,1,TRUE,"7",30,1777,3,0.733537517217164,4053,1.91024305555556,3
"b1.t30.p30.w1778",30,1000,8,1,TRUE,"13",30,1778,3,0.035590053636041,26,1.91024305555556,3
"b1.t30.p30.w1779",30,1000,10.67,1,TRUE,"14",30,1779,1,-0.12136751093494,19,8.61186342592593,10
"b1.t30.p30.w1781",30,700,0,1,TRUE,"5",30,1781,1,1.10632277087898,1733,1.91024305555556,3
"b1.t30.p30.w1782",30,1000,12,1,TRUE,"1",30,1782,3,-0.163010469495143,25,8.61186342592593,10
"b1.t30.p30.w1783",30,1000,5.33,1,TRUE,"11",30,1783,1,0.0927413755242019,48,1.91024305555556,3
"b1.t30.p30.w1786",30,1000,2.67,1,TRUE,"7",30,1786,1,0.731514358114133,1829,1.91024305555556,3
"b1.t30.p30.w1788",30,1000,8,1,TRUE,"9",30,1788,2,0.0597701690008117,22,1.91024305555556,3
"b1.t30.p30.w1791",30,400,0,1,TRUE,"13",30,1791,2,1.3892495986897,1535,2.53236111111111,4
"b1.t30.p30.w1792",30,1000,12,1,TRUE,"7",30,1792,3,-0.19800634487631,29,8.61186342592593,10
"b1.t30.p30.w1796",30,400,0,1,TRUE,"13",30,1796,3,1.5351627439952,1916,2.53236111111111,4
"b1.t30.p30.w1797",30,1000,6.67,1,TRUE,"4",30,1797,1,-0.0847207463699206,25,3.64325231481481,5
"b1.t30.p30.w1799",30,1000,1.33,1,TRUE,"11",30,1799,1,0.763068325961379,280,1.91024305555556,3
"b1.t30.p31.w1801",30,1000,4,1,TRUE,"none",31,1801,2,0.253256169024281,235,1.9125,3
"b1.t30.p31.w1802",30,700,0,1,TRUE,"9",31,1802,3,1.23239013054862,2696,1.9125,3
"b1.t30.p31.w1804",30,0,0,1,TRUE,"10",31,1804,2,0.169233700301958,38,1.9125,3
"b1.t30.p31.w1806",30,10,0,1,TRUE,"12",31,1806,2,0.476379329064352,114,1.9125,3
"b1.t30.p31.w1807",30,1000,2.67,1,TRUE,"11",31,1807,1,0.317293696551832,65,1.9125,3
"b1.t30.p31.w1808",30,400,0,1,TRUE,"2",31,1808,2,1.12465909174899,2295,1.9125,3
"b1.t30.p31.w1809",30,1000,8,1,TRUE,"10",31,1809,3,-0.12558966023337,28,3.64537037037037,5
"b1.t30.p31.w1810",30,50,0,1,TRUE,"9",31,1810,3,0.865832190726602,208,1.9125,3
"b1.t30.p31.w1812",30,1000,8,1,TRUE,"11",31,1812,2,0.101846190422091,34,2.53449074074074,4
"b1.t30.p31.w1815",30,400,0,1,TRUE,"12",31,1815,1,1.07847697698772,2068,1.9125,3
"b1.t30.p31.w1817",30,100,0,1,TRUE,"12",31,1817,1,0.876572210132807,357,1.9125,3
"b1.t30.p31.w1819",30,1,0,1,TRUE,"9",31,1819,3,0.0210518174368322,34,1.9125,3
"b1.t30.p31.w1820",30,1000,6.67,1,TRUE,"7",31,1820,3,0.0159384481993746,35,1.9125,3
"b1.t30.p31.w1824",30,100,0,1,TRUE,"7",31,1824,3,0.130382941813887,77,1.9125,3
"b1.t30.p31.w1827",30,10,0,1,TRUE,"3",31,1827,2,0.130371695418723,87,1.9125,3
"b1.t30.p31.w1828",30,1000,8,1,TRUE,"7",31,1828,2,0.120168057952189,38,3.64537037037037,5
"b1.t30.p31.w1829",30,1000,6.67,1,TRUE,"12",31,1829,2,0.000103257194748624,27,1.9125,3
"b1.t30.p31.w1831",30,50,0,1,TRUE,"6",31,1831,2,0.700915107932903,165,1.9125,3
"b1.t30.p31.w1834",30,1000,1.33,1,TRUE,"12",31,1834,2,1.0183140402984,4388,3.64537037037037,5
"b1.t30.p31.w1835",30,100,0,1,TRUE,"4",31,1835,2,0.836279895758648,222,1.9125,3
"b1.t30.p31.w1836",30,1000,6.67,1,TRUE,"2",31,1836,2,0.208172958752285,75,2.53449074074074,4
"b1.t30.p31.w1838",30,1000,12,1,TRUE,"13",31,1838,2,-0.0981604875825783,20,7.77125,9
"b1.t30.p31.w1842",30,1000,5.33,1,TRUE,"none",31,1842,2,0.234930777894145,46,1.9125,3
"b1.t30.p31.w1843",30,1000,1.33,1,TRUE,"3",31,1843,3,1.04565535754896,3713,3.64537037037037,5
"b1.t30.p31.w1845",30,1000,0,1,TRUE,"7",31,1845,2,0.629912368706405,3508,1.9125,3
"b1.t30.p31.w1847",30,1000,10.67,1,TRUE,"14",31,1847,2,0.0350823322532558,22,1.9125,3
"b1.t30.p31.w1848",30,1000,12,1,TRUE,"8",31,1848,1,0.0879774491447623,24,1.9125,3
"b1.t30.p31.w1852",30,1000,6.67,1,TRUE,"8",31,1852,1,-0.00104909255372788,28,3.64537037037037,5
"b1.t30.p31.w1854",30,1000,0,1,TRUE,"4",31,1854,2,0.827802455310522,3437,1.9125,3
"b1.t30.p32.w1863",30,1000,4,1,TRUE,"all",32,1863,3,0.23336214549271,50,2.53663194444444,3
"b1.t30.p32.w1865",30,1000,9.33,1,TRUE,"1",32,1865,1,-0.00635054807319107,26,4.63594907407407,5
"b1.t30.p32.w1866",30,50,0,1,TRUE,"2",32,1866,3,0.705017836136646,357,2.53663194444444,3
"b1.t30.p32.w1871",30,10,0,1,TRUE,"all",32,1871,3,0.0353638365767281,82,2.53663194444444,3
"b1.t30.p32.w1872",30,5,0,1,TRUE,"15",32,1872,3,0.0856451982677338,70,2.53663194444444,3
"b1.t30.p32.w1873",30,700,0,1,TRUE,"2",32,1873,1,1.47141475904047,2792,2.53663194444444,3
"b1.t30.p32.w1874",30,700,0,1,TRUE,"15",32,1874,2,1.4552812044129,3540,2.53663194444444,3
"b1.t30.p32.w1875",30,1000,12,1,TRUE,"10",32,1875,1,-0.0641598970613823,21,2.53663194444444,3
"b1.t30.p32.w1878",30,1000,4,1,TRUE,"11",32,1878,2,0.212469634388045,62,2.53663194444444,3
"b1.t30.p32.w1879",30,700,0,1,TRUE,"6",32,1879,2,1.3328919835643,3642,2.53663194444444,3
"b1.t30.p32.w1883",30,50,0,1,TRUE,"8",32,1883,2,0.823412729288441,286,2.53663194444444,3
"b1.t30.p32.w1884",30,1000,6.67,1,TRUE,"10",32,1884,2,0.00272827988605532,25,2.53663194444444,3
"b1.t30.p32.w1885",30,25,0,1,TRUE,"11",32,1885,2,0.222429406513691,121,2.53663194444444,3
"b1.t30.p32.w1888",30,1000,9.33,1,TRUE,"13",32,1888,2,0.0438200916468835,22,2.53663194444444,3
"b1.t30.p32.w1890",30,1000,1.33,1,TRUE,"5",32,1890,3,0.914974641891964,4525,2.53663194444444,3
"b1.t30.p32.w1891",30,10,0,1,TRUE,"all",32,1891,1,0.0414719101991121,95,2.53663194444444,3
"b1.t30.p32.w1892",30,1000,2.67,1,TRUE,"3",32,1892,3,0.365495648310508,787,2.53663194444444,3
"b1.t30.p32.w1896",30,100,0,1,TRUE,"10",32,1896,1,1.06548418446152,579,2.53663194444444,3
"b1.t30.p32.w1897",30,700,0,1,TRUE,"10",32,1897,3,1.43593150374264,3105,2.53663194444444,3
"b1.t30.p32.w1898",30,1000,12,1,TRUE,"11",32,1898,1,-0.0184488067748182,22,3.64761574074074,4
"b1.t30.p32.w1899",30,1000,1.33,1,TRUE,"none",32,1899,1,0.974348569136471,5264,2.53663194444444,3
"b1.t30.p32.w1900",30,1000,8,1,TRUE,"2",32,1900,2,1.25110703094195,1764,2.53663194444444,3
"b1.t30.p32.w1901",30,1000,0,1,TRUE,"all",32,1901,3,1.42059095065546,1857,2.53663194444444,3
"b1.t30.p32.w1905",30,10,0,1,TRUE,"10",32,1905,1,0.154572417695263,84,2.53663194444444,3
"b1.t30.p32.w1906",30,1000,4,1,TRUE,"11",32,1906,1,0.144781607419061,44,2.53663194444444,3
"b1.t30.p32.w1907",30,1000,10.67,1,TRUE,"1",32,1907,1,-0.0710121727138738,24,5.57792824074074,6
"b1.t30.p32.w1909",30,1000,12,1,TRUE,"all",32,1909,3,-0.159491840667219,24,7.77336805555556,8
"b1.t30.p32.w1910",30,0,0,1,TRUE,"4",32,1910,1,-0.042696176838953,25,3.64761574074074,4
"b1.t30.p32.w1911",30,5,0,1,TRUE,"9",32,1911,2,-0.0483960861524704,62,2.53663194444444,3
"b1.t30.p32.w1912",30,400,0,1,TRUE,"3",32,1912,2,1.34729147454393,2195,2.53663194444444,3
"b1.t30.p32.w1913",30,1000,12,1,TRUE,"1",32,1913,1,-0.136272345014876,24,8.61773148148148,9
"b1.t30.p32.w1915",30,100,0,1,TRUE,"8",32,1915,2,1.09742582622447,698,2.53663194444444,3
"b1.t30.p32.w1917",30,1,0,1,TRUE,"5",32,1917,2,-0.0683126597442869,29,8.61773148148148,9
"b1.t30.p4.w182",30,400,0,1,TRUE,"8",4,182,2,1.98518683450301,1764,1.78758101851852,5
"b1.t30.p4.w184",30,1000,12,1,TRUE,"7",4,184,1,-0.174209091443995,23,8.53670138888889,11
"b1.t30.p4.w185",30,1000,6.67,1,TRUE,"10",4,185,1,0.13927085826012,38,1.46260416666667,3
"b1.t30.p4.w186",30,25,0,1,TRUE,"all",4,186,1,-0.100336414046672,19,8.53670138888889,11
"b1.t30.p4.w187",30,1000,2.67,1,TRUE,"7",4,187,2,0.51487738339982,421,1.46260416666667,4
"b1.t30.p4.w188",30,1000,8,1,TRUE,"8",4,188,1,-0.0426180996553728,37,1.46260416666667,3
"b1.t30.p4.w191",30,700,0,1,TRUE,"12",4,191,3,2.21065899106544,4688,1.78758101851852,4
"b1.t30.p4.w195",30,1000,2.67,1,TRUE,"3",4,195,1,0.480335745453017,610,1.46260416666667,3
"b1.t30.p4.w197",30,1000,10.67,1,TRUE,"9",4,197,2,-0.0670603670493205,28,2.47542824074074,5
"b1.t30.p4.w200",30,5,0,1,TRUE,"6",4,200,1,0.621651409327817,77,0.884074074074074,3
"b1.t30.p4.w201",30,1000,5.33,1,TRUE,"all",4,201,1,0.124435494635516,81,1.46260416666667,3
"b1.t30.p4.w202",30,1000,0,1,TRUE,"6",4,202,1,1.55122208957972,3121,2.47542824074074,6
"b1.t30.p4.w203",30,50,0,1,TRUE,"12",4,203,3,1.60594880731181,558,0.884074074074074,3
"b1.t30.p4.w204",30,1000,10.67,1,TRUE,"11",4,204,3,-0.0699607872788757,29,8.53670138888889,11
"b1.t30.p4.w206",30,5,0,1,TRUE,"3",4,206,1,0.429185665265011,66,0.884074074074074,3
"b1.t30.p4.w207",30,25,0,1,TRUE,"10",4,207,2,1.25065033986083,279,0.884074074074074,3
"b1.t30.p4.w209",30,400,0,1,TRUE,"15",4,209,2,1.69245905347987,2049,1.78758101851852,5
"b1.t30.p4.w211",30,1000,2.67,1,TRUE,"10",4,211,1,0.531594511841419,754,2.47542824074074,6
"b1.t30.p4.w215",30,50,0,1,TRUE,"15",4,215,1,1.33340970221479,523,0.884074074074074,3
"b1.t30.p4.w216",30,1000,8,1,TRUE,"4",4,216,2,0.126718591989129,38,1.46260416666667,3
"b1.t30.p4.w217",30,1000,9.33,1,TRUE,"4",4,217,1,0.175938502919204,31,1.46260416666667,3
"b1.t30.p4.w222",30,1,0,1,TRUE,"all",4,222,3,-0.195932397981679,37,8.53670138888889,11
"b1.t30.p4.w225",30,1000,4,1,TRUE,"all",4,225,1,0.390093204688429,122,0.884074074074074,3
"b1.t30.p4.w227",30,1000,10.67,1,TRUE,"4",4,227,2,0.0323428630021926,23,1.46260416666667,3
"b1.t30.p4.w229",30,0,0,1,TRUE,"15",4,229,2,-0.105483051025428,43,1.46260416666667,3
"b1.t30.p4.w231",30,100,0,1,TRUE,"10",4,231,3,2.01791449109318,916,1.46260416666667,4
"b1.t30.p4.w235",30,1000,10.67,1,TRUE,"6",4,235,2,-0.225596506446887,27,8.53670138888889,11
"b1.t30.p4.w236",30,1000,5.33,1,TRUE,"11",4,236,3,0.22817976095664,82,1.46260416666667,3
"b1.t30.p4.w237",30,25,0,1,TRUE,"10",4,237,3,1.46554937631824,315,0.884074074074074,3
"b1.t30.p4.w239",30,5,0,1,TRUE,"1",4,239,2,0.153610185420806,57,0.884074074074074,3
"b1.t30.p5.w243",30,25,0,1,TRUE,"1",5,243,3,0.817784641833689,159,0.886284722222222,3
"b1.t30.p5.w245",30,25,0,1,TRUE,"15",5,245,3,1.50607959977114,253,0.886284722222222,3
"b1.t30.p5.w246",30,1000,8,1,TRUE,"15",5,246,1,-0.00249511811496296,41,1.46505787037037,3
"b1.t30.p5.w247",30,1000,5.33,1,TRUE,"14",5,247,3,0.218956642602337,73,1.46505787037037,4
"b1.t30.p5.w248",30,1000,1.33,1,TRUE,"3",5,248,2,1.47140622726036,4257,2.47753472222222,6
"b1.t30.p5.w249",30,100,0,1,TRUE,"all",5,249,1,0.877730793002704,154,0.886284722222222,3
"b1.t30.p5.w250",30,1000,9.33,1,TRUE,"9",5,250,1,0.166214326956629,34,1.46505787037037,3
"b1.t30.p5.w252",30,700,0,1,TRUE,"13",5,252,1,1.96914342022626,1610,1.78972222222222,5
"b1.t30.p5.w253",30,1000,12,1,TRUE,"4",5,253,3,-0.0798475369820365,19,1.46505787037037,3
"b1.t30.p5.w254",30,1000,6.67,1,TRUE,"13",5,254,3,0.275941954019576,82,1.46505787037037,3
"b1.t30.p5.w256",30,5,0,1,TRUE,"13",5,256,2,0.193161129572342,70,0.886284722222222,3
"b1.t30.p5.w257",30,100,0,1,TRUE,"14",5,257,1,1.41207586237699,619,1.78972222222222,5
"b1.t30.p5.w261",30,1000,9.33,1,TRUE,"5",5,261,3,0.019114400794696,30,1.46505787037037,3
"b1.t30.p5.w265",30,700,0,1,TRUE,"all",5,265,3,1.83709379671476,1794,1.78972222222222,5
"b1.t30.p5.w268",30,400,0,1,TRUE,"5",5,268,3,2.04511130082592,2323,1.78972222222222,5
"b1.t30.p5.w269",30,1000,6.67,1,TRUE,"7",5,269,1,0.236439258055605,79,1.46505787037037,3
"b1.t30.p5.w270",30,1000,1.33,1,TRUE,"2",5,270,1,1.47946012115303,2127,1.78972222222222,5
"b1.t30.p5.w271",30,1000,1.33,1,TRUE,"15",5,271,2,1.22058091015561,4114,1.78972222222222,5
"b1.t30.p5.w272",30,1000,8,1,TRUE,"6",5,272,1,0.133150406322146,39,1.46505787037037,3
"b1.t30.p5.w275",30,25,0,1,TRUE,"13",5,275,1,0.789124551676051,99,0.886284722222222,3
"b1.t30.p5.w276",30,1000,6.67,1,TRUE,"10",5,276,3,0.175687703929821,45,1.46505787037037,3
"b1.t30.p5.w281",30,5,0,1,TRUE,"12",5,281,2,0.441370588280732,73,0.886284722222222,3
"b1.t30.p5.w282",30,700,0,1,TRUE,"6",5,282,3,1.68533910218833,2566,1.78972222222222,5
"b1.t30.p5.w283",30,1000,1.33,1,TRUE,"all",5,283,3,1.43605039839712,631,1.78972222222222,5
"b1.t30.p5.w285",30,0,0,1,TRUE,"4",5,285,3,-0.134262203973247,26,8.53943287037037,11
"b1.t30.p5.w289",30,1000,4,1,TRUE,"3",5,289,1,0.390599160126724,103,1.46505787037037,4
"b1.t30.p5.w290",30,50,0,1,TRUE,"7",5,290,2,1.46525555444131,506,1.46505787037037,4
"b1.t30.p5.w291",30,1000,4,1,TRUE,"5",5,291,2,0.248214219225779,72,1.46505787037037,3
"b1.t30.p5.w294",30,1,0,1,TRUE,"none",5,294,1,0.0235241916947006,19,1.46505787037037,3
"b1.t30.p5.w295",30,1000,0,1,TRUE,"6",5,295,3,1.56321627057296,4060,1.46505787037037,3
"b1.t30.p5.w297",30,25,0,1,TRUE,"6",5,297,3,1.47339494430986,345,0.886284722222222,3
"b1.t30.p6.w301",30,1000,2.67,1,TRUE,"14",6,301,2,0.544277711588686,332,0.8884375,3
"b1.t30.p6.w303",30,1000,0,1,TRUE,"12",6,303,1,1.94316487489861,4096,1.79186342592593,5
"b1.t30.p6.w306",30,1000,4,1,TRUE,"12",6,306,2,0.337069529315415,91,1.4677662037037,3
"b1.t30.p6.w314",30,10,0,1,TRUE,"12",6,314,3,0.725050660796368,119,0.8884375,3
"b1.t30.p6.w315",30,1000,5.33,1,TRUE,"6",6,315,1,0.285425476489276,90,1.4677662037037,4
"b1.t30.p6.w319",30,1000,0,1,TRUE,"5",6,319,2,1.91326778682086,3297,1.79186342592593,5
"b1.t30.p6.w322",30,1000,10.67,1,TRUE,"9",6,322,1,-0.0600663804773386,29,1.79186342592593,4
"b1.t30.p6.w323",30,1000,6.67,1,TRUE,"14",6,323,2,0.0145147717159873,45,1.4677662037037,3
"b1.t30.p6.w324",30,10,0,1,TRUE,"10",6,324,3,0.888871589635032,138,1.4677662037037,3
"b1.t30.p6.w327",30,1000,0,1,TRUE,"7",6,327,3,1.97831371600285,2973,1.4677662037037,4
"b1.t30.p6.w328",30,10,0,1,TRUE,"4",6,328,1,0.423157244809583,108,0.8884375,3
"b1.t30.p6.w329",30,1000,9.33,1,TRUE,"3",6,329,2,0.00170400409468474,29,2.47967592592593,5
"b1.t30.p6.w331",30,25,0,1,TRUE,"8",6,331,3,1.22008348340665,236,0.8884375,3
"b1.t30.p6.w335",30,0,0,1,TRUE,"3",6,335,3,-0.116145806786578,31,8.54195601851852,11
"b1.t30.p6.w337",30,5,0,1,TRUE,"5",6,337,1,0.189095260894347,71,0.8884375,3
"b1.t30.p6.w340",30,1,0,1,TRUE,"7",6,340,1,-0.182742116132867,40,8.54195601851852,11
"b1.t30.p6.w343",30,1000,9.33,1,TRUE,"15",6,343,3,-0.0445116645094423,28,1.79186342592593,4
"b1.t30.p6.w344",30,1000,2.67,1,TRUE,"2",6,344,2,0.846356588959158,1146,2.47967592592593,6
"b1.t30.p6.w345",30,5,0,1,TRUE,"7",6,345,1,0.511277953942506,63,0.8884375,3
"b1.t30.p6.w346",30,100,0,1,TRUE,"3",6,346,3,1.32886159885779,545,1.79186342592593,5
"b1.t30.p6.w348",30,0,0,1,TRUE,"8",6,348,1,0.0976209049142729,49,0.8884375,3
"b1.t30.p6.w353",30,1000,10.67,1,TRUE,"11",6,353,1,0.0851957878510228,32,2.47967592592593,5
"b1.t30.p6.w354",30,1000,4,1,TRUE,"4",6,354,3,0.326092450740199,94,1.4677662037037,3
"b1.t30.p6.w355",30,1000,9.33,1,TRUE,"5",6,355,1,0.0487597697724823,28,1.4677662037037,3
"b1.t30.p6.w358",30,1,0,1,TRUE,"3",6,358,3,-0.167260387994236,39,1.4677662037037,3
"b1.t30.p6.w360",30,700,0,1,TRUE,"8",6,360,2,1.52901347553864,2668,1.4677662037037,3
"b1.t30.p7.w362",30,1000,9.33,1,TRUE,"10",7,362,1,-0.0598938661658408,33,1.79399305555556,4
"b1.t30.p7.w367",30,1000,5.33,1,TRUE,"none",7,367,1,0.304230619293386,68,1.47010416666667,3
"b1.t30.p7.w368",30,1000,9.33,1,TRUE,"7",7,368,3,0.16318179888894,37,1.47010416666667,3
"b1.t30.p7.w369",30,25,0,1,TRUE,"2",7,369,2,1.10058347970345,297,0.890543981481482,3
"b1.t30.p7.w370",30,1,0,1,TRUE,"6",7,370,1,-0.00687617188106332,57,0.890543981481482,3
"b1.t30.p7.w371",30,1000,2.67,1,TRUE,"6",7,371,3,0.645551800948205,532,0.890543981481482,3
"b1.t30.p7.w372",30,1000,4,1,TRUE,"7",7,372,3,0.38969029618123,106,1.47010416666667,3
"b1.t30.p7.w373",30,1000,12,1,TRUE,"11",7,373,2,0.121307196723846,26,1.47010416666667,3
"b1.t30.p7.w374",30,0,0,1,TRUE,"5",7,374,1,-0.139339483127316,48,8.5455787037037,11
"b1.t30.p7.w375",30,1000,1.33,1,TRUE,"4",7,375,3,1.05527618301239,4777,1.47010416666667,3
"b1.t30.p7.w376",30,25,0,1,TRUE,"5",7,376,3,1.23820836746598,245,0.890543981481482,3
"b1.t30.p7.w379",30,1000,10.67,1,TRUE,"2",7,379,3,-0.0650000766566159,25,1.79399305555556,4
"b1.t30.p7.w382",30,1000,10.67,1,TRUE,"3",7,382,3,-0.110884861932308,28,1.47010416666667,3
"b1.t30.p7.w386",30,1,0,1,TRUE,"8",7,386,1,0.387522375357073,69,0.890543981481482,3
"b1.t30.p7.w387",30,1000,6.67,1,TRUE,"5",7,387,2,0.189957076180267,57,1.47010416666667,3
"b1.t30.p7.w390",30,10,0,1,TRUE,"9",7,390,3,0.803475814572444,141,0.890543981481482,3
"b1.t30.p7.w391",30,1000,6.67,1,TRUE,"5",7,391,1,0.208014678564737,42,1.47010416666667,3
"b1.t30.p7.w395",30,1000,5.33,1,TRUE,"14",7,395,2,0.277879537017738,69,1.47010416666667,3
"b1.t30.p7.w397",30,1000,2.67,1,TRUE,"8",7,397,2,0.510938373215893,479,1.79399305555556,5
"b1.t30.p7.w398",30,1000,9.33,1,TRUE,"8",7,398,2,-0.0133844488835156,29,1.47010416666667,3
"b1.t30.p7.w399",30,10,0,1,TRUE,"14",7,399,3,0.773332933682571,136,1.47010416666667,4
"b1.t30.p7.w400",30,1000,8,1,TRUE,"11",7,400,3,0.214019249786215,51,1.79399305555556,4
"b1.t30.p7.w406",30,700,0,1,TRUE,"7",7,406,2,1.76464933530466,3270,1.47010416666667,3
"b1.t30.p7.w407",30,50,0,1,TRUE,"10",7,407,2,1.43935552040943,592,1.47010416666667,4
"b1.t30.p7.w409",30,100,0,1,TRUE,"3",7,409,1,1.50769228786941,828,1.79399305555556,5
"b1.t30.p7.w411",30,1000,2.67,1,TRUE,"all",7,411,3,0.555593313319708,190,1.47010416666667,4
"b1.t30.p7.w412",30,1000,1.33,1,TRUE,"all",7,412,2,1.33677452719075,638,1.47010416666667,4
"b1.t30.p7.w415",30,25,0,1,TRUE,"12",7,415,3,1.45852747762483,249,0.890543981481482,3
"b1.t30.p7.w417",30,50,0,1,TRUE,"14",7,417,1,1.33971056906982,493,1.47010416666667,4
"b1.t30.p7.w418",30,1000,12,1,TRUE,"6",7,418,3,-0.177901859900975,30,8.5455787037037,11
"b1.t30.p7.w419",30,50,0,1,TRUE,"1",7,419,3,1.05737042710449,214,1.47010416666667,4
"b1.t30.p8.w424",30,700,0,1,TRUE,"3",8,424,1,1.5389277235203,3878,2.48390046296296,6
"b1.t30.p8.w426",30,1000,0,1,TRUE,"9",8,426,1,1.72121448919475,4194,1.79613425925926,5
"b1.t30.p8.w427",30,1000,8,1,TRUE,"5",8,427,3,0.0429559705994884,40,1.47258101851852,3
"b1.t30.p8.w431",30,100,0,1,TRUE,"15",8,431,1,1.09001090794943,433,1.47258101851852,3
"b1.t30.p8.w435",30,1000,4,1,TRUE,"none",8,435,3,0.0136307556174474,14,1.47258101851852,3
"b1.t30.p8.w438",30,1,0,1,TRUE,"4",8,438,1,0.0976064737012206,98,3.58601851851852,6
"b1.t30.p8.w440",30,1000,8,1,TRUE,"10",8,440,1,0.105919618219503,40,1.79613425925926,4
"b1.t30.p8.w441",30,0,0,1,TRUE,"7",8,441,2,0.144757817284627,85,4.57194444444444,7
"b1.t30.p8.w445",30,1000,6.67,1,TRUE,"2",8,445,3,0.446342894880819,80,1.47258101851852,3
"b1.t30.p8.w446",30,50,0,1,TRUE,"2",8,446,1,0.893103635928886,253,1.79613425925926,5
"b1.t30.p8.w451",30,0,0,1,TRUE,"6",8,451,2,0.432485263650848,164,0.892719907407407,3
"b1.t30.p8.w455",30,700,0,1,TRUE,"none",8,455,2,1.35034999276164,2947,2.48390046296296,6
"b1.t30.p8.w461",30,1,0,1,TRUE,"2",8,461,2,0.220967791731209,100,2.48390046296296,5
"b1.t30.p8.w462",30,1000,2.67,1,TRUE,"13",8,462,1,0.628076232192586,1624,2.48390046296296,5
"b1.t30.p8.w463",30,0,0,1,TRUE,"13",8,463,1,-0.150714833983955,42,4.57194444444444,7
"b1.t30.p8.w464",30,1000,0,1,TRUE,"8",8,464,1,1.62804794372907,5184,2.48390046296296,6
"b1.t30.p8.w465",30,1000,4,1,TRUE,"2",8,465,1,0.651532129546321,314,0.892719907407407,3
"b1.t30.p8.w466",30,1000,8,1,TRUE,"13",8,466,1,0.330613870306104,116,1.79613425925926,4
"b1.t30.p8.w467",30,400,0,1,TRUE,"8",8,467,3,1.76302872342673,3414,2.48390046296296,6
"b1.t30.p8.w469",30,1000,1.33,1,TRUE,"all",8,469,1,1.04170526331279,344,1.47258101851852,3
"b1.t30.p8.w470",30,1000,1.33,1,TRUE,"6",8,470,1,1.34405515646541,5952,2.48390046296296,6
"b1.t30.p8.w472",30,400,0,1,TRUE,"12",8,472,3,1.82282858364524,2784,1.79613425925926,5
"b1.t30.p8.w473",30,50,0,1,TRUE,"all",8,473,2,0.955897554249976,148,0.892719907407407,3
"b1.t30.p8.w474",30,1000,10.67,1,TRUE,"none",8,474,2,-0.0136229981966275,27,1.79613425925926,4
"b1.t30.p8.w477",30,1000,4,1,TRUE,"13",8,477,3,0.593711040615995,556,3.58601851851852,7
"b1.t30.p9.w482",30,5,0,1,TRUE,"15",9,482,2,0.566779486983658,83,0.894872685185185,3
"b1.t30.p9.w483",30,50,0,1,TRUE,"13",9,483,2,1.17470348160473,213,0.894872685185185,3
"b1.t30.p9.w484",30,25,0,1,TRUE,"7",9,484,2,0.993531084698625,179,0.894872685185185,3
"b1.t30.p9.w486",30,1000,4,1,TRUE,"10",9,486,2,0.368049908517575,121,1.79822916666667,5
"b1.t30.p9.w488",30,10,0,1,TRUE,"7",9,488,3,0.463782922656594,91,1.47487268518519,3
"b1.t30.p9.w490",30,5,0,1,TRUE,"6",9,490,3,0.201207618815579,72,0.894872685185185,3
"b1.t30.p9.w491",30,100,0,1,TRUE,"6",9,491,1,1.16527826749297,865,0.894872685185185,3
"b1.t30.p9.w492",30,0,0,1,TRUE,"none",9,492,1,-0.118228829164671,40,7.72380787037037,10
"b1.t30.p9.w493",30,1000,4,1,TRUE,"4",9,493,1,0.454838895106717,142,1.47487268518519,3
"b1.t30.p9.w499",30,0,0,1,TRUE,"10",9,499,3,-0.0396358099010003,45,8.55253472222222,11
"b1.t30.p9.w502",30,1000,5.33,1,TRUE,"3",9,502,3,0.463520747000436,118,1.47487268518519,3
"b1.t30.p9.w504",30,0,0,1,TRUE,"15",9,504,1,-0.0296125416254232,52,0.894872685185185,3
"b1.t30.p9.w508",30,50,0,1,TRUE,"7",9,508,1,0.98237048273313,401,0.894872685185185,3
"b1.t30.p9.w509",30,100,0,1,TRUE,"10",9,509,2,1.11489322059405,639,1.79822916666667,5
"b1.t30.p9.w513",30,1000,6.67,1,TRUE,"14",9,513,1,0.0998586850138861,39,1.47487268518519,3
"b1.t30.p9.w514",30,1000,10.67,1,TRUE,"14",9,514,3,-0.101844481199434,26,2.48600694444444,5
"b1.t30.p9.w517",30,1000,9.33,1,TRUE,"6",9,517,3,0.0351743964319788,27,1.47487268518519,3
"b1.t30.p9.w518",30,1000,6.67,1,TRUE,"3",9,518,1,0.237694750805674,79,1.47487268518519,3
"b1.t30.p9.w519",30,10,0,1,TRUE,"13",9,519,2,0.0452048931201297,53,1.47487268518519,3
"b1.t30.p9.w520",30,1000,5.33,1,TRUE,"15",9,520,2,0.242224776755293,69,1.47487268518519,3
"b1.t30.p9.w522",30,1000,10.67,1,TRUE,"none",9,522,3,-0.0239690849986309,27,1.47487268518519,3
"b1.t30.p9.w523",30,400,0,1,TRUE,"all",9,523,1,1.45636787223235,928,1.79822916666667,5
"b1.t30.p9.w527",30,1000,12,1,TRUE,"all",9,527,1,-0.0466061354869978,23,2.48600694444444,5
"b1.t30.p9.w528",30,1000,9.33,1,TRUE,"11",9,528,2,0.0320270392909776,39,3.588125,6
"b1.t30.p9.w532",30,25,0,1,TRUE,"14",9,532,3,1.21446767181738,244,0.894872685185185,3
"b1.t30.p9.w533",30,100,0,1,TRUE,"11",9,533,2,0.798078068056052,122,0.894872685185185,3
"b1.t30.p9.w534",30,0,0,1,TRUE,"6",9,534,1,-0.163246780881386,47,8.55253472222222,11
"b1.t30.p9.w535",30,1000,10.67,1,TRUE,"2",9,535,2,0.156593747686993,28,1.47487268518519,3
"b1.t30.p9.w539",30,50,0,1,TRUE,"13",9,539,3,0.807404229251595,182,0.894872685185185,3
"b1.t30.p9.w540",30,50,0,1,TRUE,"10",9,540,1,1.10927346672067,396,0.894872685185185,3
"b1.t33.p1.w10",33,1000,0,1,TRUE,"all",1,10,2,2.11591347145258,2883,0.900324074074074,4
"b1.t33.p1.w11",33,1000,0,1,TRUE,"1",1,11,1,2.05881064587138,3289,1.69427083333333,6
"b1.t33.p1.w14",33,1000,0,1,TRUE,"9",1,14,1,1.98860349638925,2029,0.900324074074074,4
"b1.t33.p1.w19",33,1000,0,1,TRUE,"3",1,19,3,1.99173339666642,2809,1.69427083333333,6
"b1.t33.p1.w20",33,1000,0,1,TRUE,"5",1,20,2,1.88808329220983,2326,2.02438657407407,7
"b1.t33.p1.w21",33,1000,0,1,TRUE,"none",1,21,2,1.92535824370034,2564,2.02438657407407,7
"b1.t33.p1.w24",33,1000,0,1,TRUE,"10",1,24,3,1.8157397356702,2738,2.02438657407407,7
"b1.t33.p1.w26",33,1000,0,1,TRUE,"3",1,26,2,2.10137509150306,2917,1.11605324074074,5
"b1.t33.p1.w29",33,1000,0,1,TRUE,"13",1,29,3,1.62713133139821,1674,0.900324074074074,4
"b1.t33.p1.w3",33,1000,0,1,TRUE,"5",1,3,3,2.17199513591127,2383,1.69427083333333,6
"b1.t33.p1.w35",33,1000,0,1,TRUE,"2",1,35,3,2.38432318077942,1962,0.900324074074074,4
"b1.t33.p1.w36",33,1000,0,1,TRUE,"8",1,36,3,1.97082792762323,2019,0.900324074074074,4
"b1.t33.p1.w38",33,1000,0,1,TRUE,"11",1,38,2,2.05659986795407,2793,2.02438657407407,7
"b1.t33.p1.w42",33,1000,0,1,TRUE,"7",1,42,2,2.13214883372608,2855,1.11605324074074,5
"b1.t33.p1.w43",33,1000,0,1,TRUE,"8",1,43,2,1.84400017558822,2578,0.900324074074074,4
"b1.t33.p1.w45",33,1000,0,1,TRUE,"11",1,45,1,2.06899175173634,2805,2.02438657407407,7
"b1.t33.p1.w49",33,1000,0,1,TRUE,"none",1,49,3,1.78217684411052,2330,2.02438657407407,7
"b1.t33.p1.w5",33,1000,0,1,TRUE,"10",1,5,2,1.96671705638003,2237,1.69427083333333,6
"b1.t33.p1.w50",33,1000,0,1,TRUE,"15",1,50,3,2.02280880944088,2493,1.69427083333333,6
"b1.t33.p1.w52",33,1000,0,1,TRUE,"14",1,52,3,1.85905481418718,2934,2.02438657407407,7
"b1.t33.p1.w53",33,1000,0,1,TRUE,"all",1,53,1,2.06217299132525,2983,2.02438657407407,7
"b1.t33.p1.w55",33,1000,0,1,TRUE,"9",1,55,3,1.98527970409852,2282,0.900324074074074,4
"b1.t33.p1.w56",33,1000,0,1,TRUE,"9",1,56,2,1.99588734103145,1829,1.69427083333333,6
"b1.t33.p1.w58",33,1000,0,1,TRUE,"5",1,58,1,2.24684636022883,2792,1.69427083333333,6
"b1.t33.p1.w60",33,1000,0,1,TRUE,"12",1,60,2,1.93554470062995,2779,2.02438657407407,7
"b1.t33.p1.w7",33,1000,0,1,TRUE,"1",1,7,3,2.00523920568305,2043,0.900324074074074,4
"b1.t33.p2.w100",33,1000,0,1,TRUE,"13",2,100,2,1.82458385707706,2404,1.69677083333333,6
"b1.t33.p2.w104",33,1000,0,1,TRUE,"6",2,104,2,2.06003332039861,2199,1.11819444444444,5
"b1.t33.p2.w105",33,1000,0,1,TRUE,"10",2,105,1,1.96118030354776,2657,1.69677083333333,6
"b1.t33.p2.w106",33,1000,0,1,TRUE,"7",2,106,3,1.86072838395311,3581,1.69677083333333,6
"b1.t33.p2.w110",33,1000,0,1,TRUE,"6",2,110,1,1.96879239571311,3235,1.69677083333333,6
"b1.t33.p2.w111",33,1000,0,1,TRUE,"4",2,111,1,1.99825219575147,2259,1.69677083333333,6
"b1.t33.p2.w112",33,1000,0,1,TRUE,"7",2,112,1,1.95619454953067,2792,1.69677083333333,6
"b1.t33.p2.w114",33,1000,0,1,TRUE,"all",2,114,3,2.14897359220952,2423,1.69677083333333,6
"b1.t33.p2.w117",33,1000,0,1,TRUE,"2",2,117,1,2.00638718528911,3019,1.69677083333333,6
"b1.t33.p2.w118",33,1000,0,1,TRUE,"6",2,118,3,1.87300589140359,2941,1.69677083333333,6
"b1.t33.p2.w119",33,1000,0,1,TRUE,"15",2,119,2,1.9143841569944,3076,1.69677083333333,6
"b1.t33.p2.w61",33,1000,0,1,TRUE,"13",2,61,1,2.52597050423358,2702,1.11819444444444,5
"b1.t33.p2.w63",33,1000,0,1,TRUE,"12",2,63,1,1.89782101306719,2738,1.69677083333333,6
"b1.t33.p2.w66",33,1000,0,1,TRUE,"14",2,66,2,2.42430380493985,2621,1.11819444444444,5
"b1.t33.p2.w69",33,1000,0,1,TRUE,"8",2,69,1,2.19670762207442,3270,1.11819444444444,5
"b1.t33.p2.w72",33,1000,0,1,TRUE,"2",2,72,2,2.17164453605911,2627,1.11819444444444,5
"b1.t33.p2.w75",33,1000,0,1,TRUE,"14",2,75,1,2.18461185881593,2755,1.11819444444444,5
"b1.t33.p2.w83",33,1000,0,1,TRUE,"4",2,83,3,1.93241804938894,2168,1.11819444444444,5
"b1.t33.p2.w84",33,1000,0,1,TRUE,"1",2,84,2,1.87687136565031,1652,1.11819444444444,5
"b1.t33.p2.w85",33,1000,0,1,TRUE,"3",2,85,1,1.93949662399798,3071,1.11819444444444,5
"b1.t33.p2.w86",33,1000,0,1,TRUE,"11",2,86,3,2.49762278799786,2933,1.69677083333333,6
"b1.t33.p2.w88",33,1000,0,1,TRUE,"15",2,88,1,1.92143326748363,2702,1.69677083333333,6
"b1.t33.p2.w93",33,1000,0,1,TRUE,"none",2,93,1,2.12768937034536,2484,1.11819444444444,5
"b1.t33.p2.w94",33,1000,0,1,TRUE,"12",2,94,3,2.2088723911252,2990,1.11819444444444,5
"b1.t33.p2.w95",33,1000,0,1,TRUE,"4",2,95,2,1.893826458097,2118,1.11819444444444,5
"b1.t35.p1.w1",35,1000,0,1,TRUE,"2",1,1,1,2.46222440206336,3761,1.66417824074074,5
"b1.t35.p1.w10",35,1000,0,1,TRUE,"10",1,10,1,1.87229959116548,3093,1.66417824074074,5
"b1.t35.p1.w11",35,1000,0,1,TRUE,"11",1,11,2,2.51566850377954,2240,1.66417824074074,5
"b1.t35.p1.w14",35,1000,0,1,TRUE,"5",1,14,3,2.02582693753034,2469,1.66417824074074,5
"b1.t35.p1.w16",35,1000,0,1,TRUE,"12",1,16,2,1.96182591082841,2728,1.66417824074074,5
"b1.t35.p1.w18",35,1000,0,1,TRUE,"9",1,18,3,1.91987918356756,2021,1.66417824074074,5
"b1.t35.p1.w21",35,1000,0,1,TRUE,"3",1,21,2,1.88060314689808,3406,1.66417824074074,5
"b1.t35.p1.w24",35,1000,0,1,TRUE,"none",1,24,2,1.21264569595045,2736,0.869571759259259,3
"b1.t35.p1.w25",35,1000,0,1,TRUE,"1",1,25,2,1.20816504634422,2019,0.869571759259259,3
"b1.t35.p1.w28",35,1000,0,1,TRUE,"13",1,28,3,1.99747512675925,2204,1.66417824074074,6
"b1.t35.p1.w35",35,1000,0,1,TRUE,"9",1,35,2,1.48344589144048,1959,0.869571759259259,3
"b1.t35.p1.w40",35,1000,0,1,TRUE,"15",1,40,1,2.09164801330238,3803,1.66417824074074,5
"b1.t35.p1.w45",35,1000,0,1,TRUE,"8",1,45,2,2.04970347385721,2734,1.66417824074074,5
"b1.t35.p1.w46",35,1000,0,1,TRUE,"7",1,46,2,2.10161856273052,2727,1.66417824074074,5
"b1.t35.p1.w47",35,1000,0,1,TRUE,"10",1,47,2,1.02598950191669,2687,0.869571759259259,3
"b1.t35.p1.w50",35,1000,0,1,TRUE,"none",1,50,3,2.05862648023781,3093,1.66417824074074,5
"b1.t35.p1.w54",35,1000,0,1,TRUE,"14",1,54,1,1.56156921597336,2707,1.09302083333333,4
"b1.t35.p1.w55",35,1000,0,1,TRUE,"2",1,55,3,1.19330793948152,2768,0.869571759259259,3
"b1.t35.p1.w59",35,1000,0,1,TRUE,"4",1,59,1,2.00941481753159,2844,1.66417824074074,5
"b1.t35.p1.w9",35,1000,0,1,TRUE,"1",1,9,1,1.45690742856996,1870,0.869571759259259,3
"b1.t35.p2.w100",35,1000,0,1,TRUE,"3",2,100,1,1.87708617940868,2825,1.99556712962963,7
"b1.t35.p2.w101",35,1000,0,1,TRUE,"all",2,101,1,2.56373914434105,2824,1.66671296296296,5
"b1.t35.p2.w104",35,1000,0,1,TRUE,"7",2,104,3,1.88458517162639,2436,1.99556712962963,7
"b1.t35.p2.w105",35,1000,0,1,TRUE,"11",2,105,1,2.59990766580635,1956,1.66671296296296,5
"b1.t35.p2.w106",35,1000,0,1,TRUE,"4",2,106,2,1.93487905680307,2603,1.99556712962963,7
"b1.t35.p2.w110",35,1000,0,1,TRUE,"12",2,110,1,1.91529888971337,3536,1.66671296296296,5
"b1.t35.p2.w113",35,1000,0,1,TRUE,"11",2,113,3,1.90817757645731,1815,1.09533564814815,4
"b1.t35.p2.w116",35,1000,0,1,TRUE,"5",2,116,2,1.86104698744873,2956,1.66671296296296,5
"b1.t35.p2.w119",35,1000,0,1,TRUE,"15",2,119,2,1.13164283785821,2593,0.872210648148148,3
"b1.t35.p2.w120",35,1000,0,1,TRUE,"12",2,120,3,1.7763986227217,3214,1.66671296296296,5
"b1.t35.p2.w61",35,1000,0,1,TRUE,"9",2,61,1,2.12418944611905,2654,1.66671296296296,5
"b1.t35.p2.w62",35,1000,0,1,TRUE,"all",2,62,2,2.50608764113954,2480,1.66671296296296,6
"b1.t35.p2.w64",35,1000,0,1,TRUE,"10",2,64,3,1.08352931990098,2806,0.872210648148148,3
"b1.t35.p2.w66",35,1000,0,1,TRUE,"8",2,66,3,1.93475602241922,2780,1.99556712962963,7
"b1.t35.p2.w67",35,1000,0,1,TRUE,"2",2,67,2,2.28446022188687,3363,1.66671296296296,5
"b1.t35.p2.w70",35,1000,0,1,TRUE,"7",2,70,1,1.61363231751351,2545,1.09533564814815,4
"b1.t35.p2.w73",35,1000,0,1,TRUE,"6",2,73,1,1.86296272824457,2809,1.66671296296296,5
"b1.t35.p2.w74",35,1000,0,1,TRUE,"14",2,74,3,1.80841894351368,2613,1.99556712962963,7
"b1.t35.p2.w75",35,1000,0,1,TRUE,"3",2,75,3,1.54907642177858,2818,0.872210648148148,3
"b1.t35.p2.w77",35,1000,0,1,TRUE,"none",2,77,1,2.08143616022013,2649,1.66671296296296,5
"b1.t35.p2.w79",35,1000,0,1,TRUE,"5",2,79,1,1.86947439204639,2562,1.66671296296296,5
"b1.t35.p2.w85",35,1000,0,1,TRUE,"all",2,85,3,2.62009621595748,2597,1.66671296296296,5
"b1.t35.p2.w87",35,1000,0,1,TRUE,"13",2,87,1,1.83059817362062,2459,1.99556712962963,7
"b1.t35.p2.w89",35,1000,0,1,TRUE,"1",2,89,3,2.1711652645828,1474,1.66671296296296,5
"b1.t35.p2.w90",35,1000,0,1,TRUE,"6",2,90,3,1.86771119949138,2581,1.66671296296296,5
"b1.t35.p2.w92",35,1000,0,1,TRUE,"6",2,92,2,1.8008443785862,3034,1.66671296296296,5
"b1.t35.p2.w93",35,1000,0,1,TRUE,"4",2,93,3,1.43899299688134,2714,1.09533564814815,4
"b1.t35.p2.w94",35,1000,0,1,TRUE,"13",2,94,2,1.8203733725185,2821,1.99556712962963,7
"b1.t35.p2.w95",35,1000,0,1,TRUE,"8",2,95,1,1.69341543176471,2629,0.872210648148148,3
"b1.t35.p2.w97",35,1000,0,1,TRUE,"15",2,97,3,1.2751723830104,3774,1.09533564814815,4
"b1.t35.p2.w99",35,1000,0,1,TRUE,"14",2,99,2,2.01894071962132,2018,1.66671296296296,6
"b1.t39.p1.w10",39,1000,0,1,TRUE,"10",1,10,3,1.35352426286342,3543,2.74570601851852,8
"b1.t39.p1.w11",39,1000,0,1,TRUE,"9",1,11,1,0.781804147528961,3825,0.845451388888889,3
"b1.t39.p1.w2",39,1000,0,1,TRUE,"14",1,2,2,1.0589383072758,2923,1.63805555555556,5
"b1.t39.p1.w21",39,1000,0,1,TRUE,"1",1,21,1,1.43835248405368,1839,1.63805555555556,5
"b1.t39.p1.w26",39,1000,0,1,TRUE,"9",1,26,2,1.41598699698253,3292,1.96653935185185,7
"b1.t39.p1.w27",39,1000,0,1,TRUE,"13",1,27,2,0.750217968047762,2874,0.845451388888889,3
"b1.t39.p1.w29",39,1000,0,1,TRUE,"14",1,29,1,1.021575733472,3613,1.05675925925926,4
"b1.t39.p1.w3",39,1000,0,1,TRUE,"15",1,3,3,0.611446051297628,3589,0.845451388888889,3
"b1.t39.p1.w30",39,1000,0,1,TRUE,"4",1,30,2,1.26184682699626,3088,1.96653935185185,6
"b1.t39.p1.w31",39,1000,0,1,TRUE,"none",1,31,1,0.383329135964818,2274,0.845451388888889,3
"b1.t39.p1.w33",39,1000,0,1,TRUE,"3",1,33,1,1.1359112162184,2755,1.63805555555556,5
"b1.t39.p1.w35",39,1000,0,1,TRUE,"8",1,35,3,0.597698769176814,3175,0.845451388888889,3
"b1.t39.p1.w4",39,1000,0,1,TRUE,"13",1,4,3,0.581420649479561,2778,0.845451388888889,3
"b1.t39.p1.w41",39,1000,0,1,TRUE,"9",1,41,3,1.31160698943024,3183,1.96653935185185,7
"b1.t39.p1.w43",39,1000,0,1,TRUE,"6",1,43,1,1.22675247259446,2594,1.63805555555556,5
"b1.t39.p1.w45",39,1000,0,1,TRUE,"5",1,45,3,1.26493433346988,3162,1.63805555555556,5
"b1.t39.p1.w47",39,1000,0,1,TRUE,"5",1,47,1,1.26867566853154,2981,1.96653935185185,6
"b1.t39.p1.w49",39,1000,0,1,TRUE,"5",1,49,2,0.600888336404199,3060,0.845451388888889,3
"b1.t39.p1.w5",39,1000,0,1,TRUE,"12",1,5,1,0.779116843484326,3373,0.845451388888889,3
"b1.t39.p1.w50",39,1000,0,1,TRUE,"11",1,50,1,1.34272361935168,2626,1.63805555555556,5
"b1.t39.p1.w51",39,1000,0,1,TRUE,"15",1,51,1,0.656081432023149,3107,0.845451388888889,3
"b1.t39.p1.w52",39,1000,0,1,TRUE,"8",1,52,2,1.2153496181712,2776,1.96653935185185,6
"b1.t39.p1.w53",39,1000,0,1,TRUE,"11",1,53,2,1.41432444829578,2921,1.63805555555556,5
"b1.t39.p1.w54",39,1000,0,1,TRUE,"none",1,54,2,0.710947174173576,3414,0.845451388888889,3
"b1.t39.p1.w56",39,1000,0,1,TRUE,"all",1,56,3,0.867903003935863,2644,0.845451388888889,3
"b1.t39.p1.w59",39,1000,0,1,TRUE,"6",1,59,3,1.1912261828712,2238,1.63805555555556,5
"b1.t39.p1.w6",39,1000,0,1,TRUE,"7",1,6,2,1.27267962177116,2724,1.96653935185185,6
"b1.t39.p1.w7",39,1000,0,1,TRUE,"2",1,7,3,1.96442572487266,3491,1.96653935185185,7
"b1.t39.p1.w8",39,1000,0,1,TRUE,"2",1,8,1,1.85081181488798,3310,1.96653935185185,7
"b1.t39.p2.w101",39,1000,0,1,TRUE,"10",2,101,2,0.574689705032919,2644,0.843240740740741,3
"b1.t39.p2.w102",39,1000,0,1,TRUE,"13",2,102,1,0.660830814423641,2102,0.843240740740741,3
"b1.t39.p2.w104",39,1000,0,1,TRUE,"all",2,104,1,1.44651915580645,2648,1.96863425925926,7
"b1.t39.p2.w106",39,1000,0,1,TRUE,"4",2,106,3,1.26174936191692,3412,1.64064814814815,5
"b1.t39.p2.w108",39,1000,0,1,TRUE,"4",2,108,1,1.48856545143152,4487,1.96863425925926,7
"b1.t39.p2.w109",39,1000,0,1,TRUE,"7",2,109,3,1.36239768124265,3984,1.96863425925926,7
"b1.t39.p2.w110",39,1000,0,1,TRUE,"all",2,110,2,1.64745886208464,2761,1.96863425925926,7
"b1.t39.p2.w119",39,1000,0,1,TRUE,"8",2,119,1,1.47202236601094,3797,1.96863425925926,7
"b1.t39.p2.w62",39,1000,0,1,TRUE,"none",2,62,3,0.51153732864316,2685,0.843240740740741,3
"b1.t39.p2.w63",39,1000,0,1,TRUE,"7",2,63,1,1.15997546167362,3037,1.64064814814815,5
"b1.t39.p2.w67",39,1000,0,1,TRUE,"1",2,67,2,1.88126052241801,3656,1.96863425925926,7
"b1.t39.p2.w68",39,1000,0,1,TRUE,"14",2,68,3,1.30300325580603,2973,1.96863425925926,6
"b1.t39.p2.w71",39,1000,0,1,TRUE,"2",2,71,2,0.656722585141302,2104,0.843240740740741,3
"b1.t39.p2.w79",39,1000,0,1,TRUE,"12",2,79,3,1.34511226042699,3152,1.96863425925926,7
"b1.t39.p2.w80",39,1000,0,1,TRUE,"3",2,80,3,1.42339873378402,3994,1.96863425925926,7
"b1.t39.p2.w82",39,1000,0,1,TRUE,"6",2,82,2,1.3223724408549,3417,1.96863425925926,7
"b1.t39.p2.w88",39,1000,0,1,TRUE,"10",2,88,1,1.28610664245317,3113,1.96863425925926,6
"b1.t39.p2.w92",39,1000,0,1,TRUE,"1",2,92,3,0.810891196366122,2824,0.843240740740741,3
"b1.t39.p2.w94",39,1000,0,1,TRUE,"12",2,94,2,1.41319958033581,3287,1.96863425925926,7
"b1.t39.p2.w95",39,1000,0,1,TRUE,"11",2,95,3,1.50529400105476,3246,1.96863425925926,7
"b1.t39.p2.w96",39,1000,0,1,TRUE,"3",2,96,2,1.38835579807155,3628,1.96863425925926,7
"b1.t43.p1.w1",43,1000,0,1,TRUE,"10",1,1,2,-0.18472380067642,21,8.69049768518519,13
"b1.t43.p1.w12",43,1000,0,1,TRUE,"15",1,12,3,-0.245858503124248,25,8.69049768518519,13
"b1.t43.p1.w14",43,1000,0,1,TRUE,"none",1,14,3,-0.262166168867699,23,0.823946759259259,3
"b1.t43.p1.w18",43,1000,0,1,TRUE,"9",1,18,1,-0.18560157029914,20,8.69049768518519,13
"b1.t43.p1.w22",43,1000,0,1,TRUE,"7",1,22,3,-0.139420669089669,18,8.69049768518519,13
"b1.t43.p1.w24",43,1000,0,1,TRUE,"8",1,24,2,-0.376121836945376,30,8.69049768518519,13
"b1.t43.p1.w26",43,1000,0,1,TRUE,"all",1,26,1,-0.326361469862615,25,7.81975694444444,12
"b1.t43.p1.w27",43,1000,0,1,TRUE,"8",1,27,1,-0.0985001340411439,28,0.823946759259259,3
"b1.t43.p1.w28",43,1000,0,1,TRUE,"13",1,28,1,-0.244822685885487,25,8.69049768518519,13
"b1.t43.p1.w32",43,1000,0,1,TRUE,"1",1,32,2,-0.278769047572308,27,8.69049768518519,13
"b1.t43.p1.w33",43,1000,0,1,TRUE,"2",1,33,3,-0.241562073202395,23,8.69049768518519,13
"b1.t43.p1.w34",43,1000,0,1,TRUE,"12",1,34,2,-0.357530672257333,30,8.69049768518519,13
"b1.t43.p1.w38",43,1000,0,1,TRUE,"10",1,38,1,-0.220195770516569,22,8.69049768518519,13
"b1.t43.p1.w39",43,1000,0,1,TRUE,"3",1,39,1,-0.227896785775937,24,8.69049768518519,13
"b1.t43.p1.w4",43,1000,0,1,TRUE,"14",1,4,1,-0.0330951767863186,24,0.823946759259259,3
"b1.t43.p1.w40",43,1000,0,1,TRUE,"14",1,40,2,-0.394592935010369,30,8.69049768518519,13
"b1.t43.p1.w46",43,1000,0,1,TRUE,"14",1,46,3,-0.0385354202500509,28,0.823946759259259,3
"b1.t43.p1.w48",43,1000,0,1,TRUE,"15",1,48,1,-0.247653812746143,28,8.69049768518519,13
"b1.t43.p1.w49",43,1000,0,1,TRUE,"none",1,49,2,-0.163492466035174,21,8.69049768518519,13
"b1.t43.p1.w5",43,1000,0,1,TRUE,"9",1,5,2,-0.263637755962898,27,8.69049768518519,13
"b1.t43.p1.w50",43,1000,0,1,TRUE,"8",1,50,3,-0.256163265110099,27,8.69049768518519,13
"b1.t43.p1.w51",43,1000,0,1,TRUE,"all",1,51,3,-0.197310608102393,23,8.69049768518519,13
"b1.t43.p1.w53",43,1000,0,1,TRUE,"1",1,53,3,-0.0119112812327161,22,0.823946759259259,3
"b1.t43.p1.w54",43,1000,0,1,TRUE,"none",1,54,1,-0.16737612014254,22,8.69049768518519,13
"b1.t43.p1.w55",43,1000,0,1,TRUE,"5",1,55,3,-0.161098126000439,21,8.69049768518519,13
"b1.t43.p1.w56",43,1000,0,1,TRUE,"3",1,56,2,-0.01061402290519,23,0.823946759259259,3
"b1.t43.p1.w58",43,1000,0,1,TRUE,"12",1,58,3,-0.200244280613514,36,0.823946759259259,3
"b1.t43.p1.w59",43,1000,0,1,TRUE,"7",1,59,1,-0.0103529455294002,25,0.823946759259259,3
"b1.t43.p2.w100",43,1000,0,1,TRUE,"5",2,100,1,-0.327933893570834,28,8.69375,13
"b1.t43.p2.w101",43,1000,0,1,TRUE,"6",2,101,2,-0.20197294106615,20,6.76627314814815,11
"b1.t43.p2.w107",43,1000,0,1,TRUE,"5",2,107,2,-0.240160414783555,23,8.69375,13
"b1.t43.p2.w108",43,1000,0,1,TRUE,"9",2,108,3,-0.172250597117385,18,7.82366898148148,12
"b1.t43.p2.w109",43,1000,0,1,TRUE,"11",2,109,3,-0.236761775377818,25,8.69375,13
"b1.t43.p2.w114",43,1000,0,1,TRUE,"13",2,114,2,-0.0532266102497612,27,0.826180555555556,3
"b1.t43.p2.w116",43,1000,0,1,TRUE,"3",2,116,3,-0.166204029857498,20,0.826180555555556,3
"b1.t43.p2.w117",43,1000,0,1,TRUE,"6",2,117,3,0.000985595290516728,19,0.826180555555556,3
"b1.t43.p2.w118",43,1000,0,1,TRUE,"2",2,118,1,-0.0434115582801973,25,0.826180555555556,3
"b1.t43.p2.w120",43,1000,0,1,TRUE,"all",2,120,2,-0.162106403875897,25,0.826180555555556,3
"b1.t43.p2.w63",43,1000,0,1,TRUE,"12",2,63,1,-0.159631362883056,23,0.826180555555556,3
"b1.t43.p2.w66",43,1000,0,1,TRUE,"2",2,66,2,-0.298465289742042,28,8.69375,13
"b1.t43.p2.w67",43,1000,0,1,TRUE,"4",2,67,3,-0.284822546270413,21,0.826180555555556,3
"b1.t43.p2.w71",43,1000,0,1,TRUE,"6",2,71,1,-0.241712976807005,23,7.82366898148148,12
"b1.t43.p2.w76",43,1000,0,1,TRUE,"10",2,76,3,-0.277326141090368,26,8.69375,13
"b1.t43.p2.w85",43,1000,0,1,TRUE,"15",2,85,2,0.0801196649824342,27,0.826180555555556,3
"b1.t43.p2.w87",43,1000,0,1,TRUE,"13",2,87,3,-0.249044578911135,21,0.826180555555556,3
"b1.t43.p2.w88",43,1000,0,1,TRUE,"4",2,88,2,-0.260203934617313,25,8.69375,13
"b1.t43.p2.w92",43,1000,0,1,TRUE,"11",2,92,2,-0.402781712084804,25,7.82366898148148,12
"b1.t43.p2.w94",43,1000,0,1,TRUE,"11",2,94,1,-0.288319019377808,23,7.82366898148148,12
"b1.t43.p2.w95",43,1000,0,1,TRUE,"7",2,95,2,-0.320261361963839,24,7.82366898148148,12
"b1.t43.p2.w97",43,1000,0,1,TRUE,"1",2,97,1,-0.181801261208557,21,8.69375,13
"b1.t43.p2.w99",43,1000,0,1,TRUE,"4",2,99,1,-0.0254883511090943,20,0.826180555555556,3
"b1.t8.p1.w10",8,1000,0,1,TRUE,"1",1,10,3,0.223202751557287,560,12.9984606481481,17
"b1.t8.p1.w13",8,1000,0,1,TRUE,"8",1,13,1,0.306070631936039,1132,12.9984606481481,17
"b1.t8.p1.w15",8,1000,0,1,TRUE,"2",1,15,2,0.277402960203177,894,12.9984606481481,17
"b1.t8.p1.w17",8,1000,0,1,TRUE,"7",1,17,2,0.264357491100915,702,12.9984606481481,17
"b1.t8.p1.w18",8,1000,0,1,TRUE,"7",1,18,3,0.264577093428172,672,12.9984606481481,17
"b1.t8.p1.w2",8,1000,0,1,TRUE,"2",1,2,1,0.246794001083474,882,12.9984606481481,17
"b1.t8.p1.w23",8,1000,0,1,TRUE,"14",1,23,1,0.287863974660094,1246,12.9984606481481,17
"b1.t8.p1.w26",8,1000,0,1,TRUE,"12",1,26,2,0.276630150925325,988,12.9984606481481,17
"b1.t8.p1.w27",8,1000,0,1,TRUE,"15",1,27,3,0.258078180432059,704,12.9984606481481,17
"b1.t8.p1.w29",8,1000,0,1,TRUE,"none",1,29,2,0.226300775110022,466,12.9984606481481,17
"b1.t8.p1.w3",8,1000,0,1,TRUE,"15",1,3,1,0.138957262095917,938,1.12587962962963,3
"b1.t8.p1.w30",8,1000,0,1,TRUE,"11",1,30,3,0.236390153654548,581,12.9984606481481,17
"b1.t8.p1.w31",8,1000,0,1,TRUE,"10",1,31,1,0.256132617240172,746,12.9984606481481,17
"b1.t8.p1.w33",8,1000,0,1,TRUE,"9",1,33,2,0.247854147762526,608,12.9984606481481,17
"b1.t8.p1.w35",8,1000,0,1,TRUE,"1",1,35,1,0.298259558457981,1630,12.9984606481481,17
"b1.t8.p1.w37",8,1000,0,1,TRUE,"11",1,37,1,0.242611760844893,507,12.9984606481481,17
"b1.t8.p1.w38",8,1000,0,1,TRUE,"12",1,38,1,0.259598894805693,711,12.9984606481481,17
"b1.t8.p1.w40",8,1000,0,1,TRUE,"all",1,40,3,0.256340388658369,803,12.9984606481481,17
"b1.t8.p1.w41",8,1000,0,1,TRUE,"14",1,41,2,0.280132172085856,1031,12.9984606481481,17
"b1.t8.p1.w44",8,1000,0,1,TRUE,"3",1,44,3,0.107718222789612,1368,1.12587962962963,3
"b1.t8.p1.w49",8,1000,0,1,TRUE,"3",1,49,1,0.271889594493603,902,12.9984606481481,17
"b1.t8.p1.w50",8,1000,0,1,TRUE,"10",1,50,3,0.0391505933599346,640,1.12587962962963,3
"b1.t8.p1.w51",8,1000,0,1,TRUE,"9",1,51,3,0.268999250995662,864,12.9984606481481,17
"b1.t8.p1.w6",8,1000,0,1,TRUE,"7",1,6,1,0.244536076646598,575,12.9984606481481,17
"b1.t8.p1.w60",8,1000,0,1,TRUE,"6",1,60,3,0.27094640564261,1161,12.9984606481481,17
"b1.t8.p1.w7",8,1000,0,1,TRUE,"4",1,7,2,0.254980773891868,775,12.9984606481481,17
"b1.t8.p1.w9",8,1000,0,1,TRUE,"14",1,9,3,0.122845130672823,748,1.12587962962963,3
"b1.t8.p2.w106",8,1000,0,1,TRUE,"8",2,106,2,-0.0331850410402909,968,1.1281712962963,3
"b1.t8.p2.w109",8,1000,0,1,TRUE,"5",2,109,1,0.273884856774316,1447,13.0006365740741,17
"b1.t8.p2.w110",8,1000,0,1,TRUE,"10",2,110,2,0.269241358389299,1045,13.0006365740741,17
"b1.t8.p2.w115",8,1000,0,1,TRUE,"4",2,115,3,-0.00976996751049012,1231,1.1281712962963,3
"b1.t8.p2.w116",8,1000,0,1,TRUE,"13",2,116,1,0.0187330445414404,547,1.1281712962963,3
"b1.t8.p2.w118",8,1000,0,1,TRUE,"13",2,118,3,0.280829961219902,1178,13.0006365740741,17
"b1.t8.p2.w120",8,1000,0,1,TRUE,"11",2,120,2,0.218404677846777,425,13.0006365740741,17
"b1.t8.p2.w62",8,1000,0,1,TRUE,"13",2,62,2,-0.0213364080448517,1248,1.1281712962963,3
"b1.t8.p2.w64",8,1000,0,1,TRUE,"5",2,64,2,0.279857171913179,1131,13.0006365740741,17
"b1.t8.p2.w65",8,1000,0,1,TRUE,"3",2,65,2,0.275381122092525,913,11.1611342592593,15
"b1.t8.p2.w66",8,1000,0,1,TRUE,"12",2,66,3,-0.0243456089887632,759,1.1281712962963,3
"b1.t8.p2.w71",8,1000,0,1,TRUE,"4",2,71,1,0.275487861442682,875,12.0658912037037,16
"b1.t8.p2.w72",8,1000,0,1,TRUE,"none",2,72,3,0.23945732695563,644,13.0006365740741,17
"b1.t8.p2.w75",8,1000,0,1,TRUE,"8",2,75,3,0.288432029559845,1039,12.0658912037037,16
"b1.t8.p2.w76",8,1000,0,1,TRUE,"6",2,76,2,0.273004838725077,1106,13.0006365740741,17
"b1.t8.p2.w79",8,1000,0,1,TRUE,"1",2,79,2,0.272463787360792,856,12.0658912037037,16
"b1.t8.p2.w82",8,1000,0,1,TRUE,"15",2,82,2,0.268452763292514,816,13.0006365740741,17
"b1.t8.p2.w88",8,1000,0,1,TRUE,"all",2,88,1,0.258285235206808,1210,13.0006365740741,17
"b1.t8.p2.w91",8,1000,0,1,TRUE,"9",2,91,1,-0.0390169627140159,1565,1.1281712962963,3
"b1.t8.p2.w94",8,1000,0,1,TRUE,"all",2,94,2,0.250891445320629,780,13.0006365740741,17
"b1.t8.p2.w95",8,1000,0,1,TRUE,"none",2,95,1,0.287301811363237,1095,13.0006365740741,17
"b1.t8.p2.w97",8,1000,0,1,TRUE,"5",2,97,3,0.296216096940012,1458,13.0006365740741,17
"b1.t8.p2.w98",8,1000,0,1,TRUE,"6",2,98,1,0.280812896501068,1677,13.0006365740741,17
"b1.t8.p2.w99",8,1000,0,1,TRUE,"2",2,99,3,0.294692731445117,1128,13.0006365740741,17
"b2.t14.p1.w13",14,1000,0,2,FALSE,"9",1,13,3,0.577845672860244,790,5.73224537037037,9
"b2.t14.p1.w15",14,1000,0,2,FALSE,"3",1,15,3,0.501358166899829,1485,5.73224537037037,9
"b2.t14.p1.w17",14,1000,0,2,FALSE,"4",1,17,1,0.593082475089192,2164,6.93831018518518,10
"b2.t14.p1.w2",14,1000,0,2,FALSE,"6",1,2,1,0.727040435829261,1996,5.73224537037037,9
"b2.t14.p1.w27",14,1000,0,2,FALSE,"14",1,27,1,0.544873839655715,1248,5.73224537037037,9
"b2.t14.p1.w28",14,1000,0,2,FALSE,"none",1,28,1,0.597072570199114,995,5.73224537037037,9
"b2.t14.p1.w29",14,1000,0,2,FALSE,"8",1,29,1,0.700872003806217,1587,5.73224537037037,9
"b2.t14.p1.w3",14,1000,0,2,FALSE,"5",1,3,3,0.63331940652761,1209,5.73224537037037,9
"b2.t14.p1.w32",14,1000,0,2,FALSE,"10",1,32,2,0.537978524774766,1475,5.73224537037037,9
"b2.t14.p1.w33",14,1000,0,2,FALSE,"all",1,33,1,0.625287225738487,872,4.99091435185185,8
"b2.t14.p1.w35",14,1000,0,2,FALSE,"4",1,35,3,0.574749122214586,2175,6.93831018518518,10
"b2.t14.p1.w42",14,1000,0,2,FALSE,"11",1,42,2,0.62528542696828,1060,5.73224537037037,9
"b2.t14.p1.w44",14,1000,0,2,FALSE,"11",1,44,1,0.559390893604398,960,5.73224537037037,9
"b2.t14.p1.w45",14,1000,0,2,FALSE,"3",1,45,1,0.601930737190693,1159,5.73224537037037,9
"b2.t14.p1.w48",14,1000,0,2,FALSE,"2",1,48,3,0.558525355932152,1649,6.93831018518518,10
"b2.t14.p1.w49",14,1000,0,2,FALSE,"7",1,49,3,0.632916029219543,1566,5.73224537037037,9
"b2.t14.p1.w5",14,1000,0,2,FALSE,"12",1,5,1,0.70383699205551,2179,5.73224537037037,9
"b2.t14.p1.w51",14,1000,0,2,FALSE,"all",1,51,3,0.504179777778045,991,5.73224537037037,9
"b2.t14.p1.w53",14,1000,0,2,FALSE,"11",1,53,3,0.624102893587725,1106,5.73224537037037,9
"b2.t14.p1.w54",14,1000,0,2,FALSE,"2",1,54,2,0.628269622058072,1592,5.73224537037037,9
"b2.t14.p1.w56",14,1000,0,2,FALSE,"13",1,56,1,0.638867211149136,1373,5.73224537037037,9
"b2.t14.p1.w60",14,1000,0,2,FALSE,"1",1,60,3,0.674273608296749,2250,5.73224537037037,9
"b2.t14.p1.w8",14,1000,0,2,FALSE,"all",1,8,2,0.640949009302012,1263,5.73224537037037,9
"b2.t14.p2.w101",14,1000,0,2,FALSE,"none",2,101,3,0.545113906834595,1601,6.94056712962963,10
"b2.t14.p2.w102",14,1000,0,2,FALSE,"4",2,102,2,0.547933842832209,1329,5.73462962962963,9
"b2.t14.p2.w105",14,1000,0,2,FALSE,"1",2,105,1,0.600051064729247,1676,5.73462962962963,9
"b2.t14.p2.w106",14,1000,0,2,FALSE,"2",2,106,1,0.757518049396267,1775,4.99320601851852,8
"b2.t14.p2.w107",14,1000,0,2,FALSE,"15",2,107,1,0.626010857544792,1514,5.73462962962963,9
"b2.t14.p2.w108",14,1000,0,2,FALSE,"8",2,108,3,0.703422449632191,1415,4.99320601851852,8
"b2.t14.p2.w110",14,1000,0,2,FALSE,"6",2,110,2,0.706551118726225,1951,5.73462962962963,9
"b2.t14.p2.w113",14,1000,0,2,FALSE,"1",2,113,2,0.636513948951241,2117,5.73462962962963,9
"b2.t14.p2.w114",14,1000,0,2,FALSE,"9",2,114,1,0.625169265761088,2168,5.73462962962963,9
"b2.t14.p2.w117",14,1000,0,2,FALSE,"10",2,117,1,0.684662426489457,1602,5.73462962962963,9
"b2.t14.p2.w119",14,1000,0,2,FALSE,"7",2,119,2,0.649549301847916,1216,5.73462962962963,9
"b2.t14.p2.w61",14,1000,0,2,FALSE,"13",2,61,3,0.590493488647261,2293,5.73462962962963,9
"b2.t14.p2.w63",14,1000,0,2,FALSE,"9",2,63,2,0.67201580682621,1591,5.73462962962963,9
"b2.t14.p2.w64",14,1000,0,2,FALSE,"12",2,64,3,0.619265694798735,1195,5.73462962962963,9
"b2.t14.p2.w65",14,1000,0,2,FALSE,"6",2,65,3,0.62754962981537,1411,5.73462962962963,9
"b2.t14.p2.w68",14,1000,0,2,FALSE,"3",2,68,2,0.597888383857714,1972,5.73462962962963,9
"b2.t14.p2.w72",14,1000,0,2,FALSE,"5",2,72,2,0.60739158526228,1812,5.73462962962963,9
"b2.t14.p2.w76",14,1000,0,2,FALSE,"8",2,76,2,0.637096913298601,1802,5.73462962962963,9
"b2.t14.p2.w80",14,1000,0,2,FALSE,"13",2,80,2,0.624806542482391,1338,5.73462962962963,9
"b2.t14.p2.w83",14,1000,0,2,FALSE,"7",2,83,1,0.608571933860081,974,5.73462962962963,9
"b2.t14.p2.w84",14,1000,0,2,FALSE,"5",2,84,1,0.750808153278388,1670,4.99320601851852,8
"b2.t14.p2.w86",14,1000,0,2,FALSE,"15",2,86,2,0.070909862631483,1291,1.03976851851852,3
"b2.t14.p2.w90",14,1000,0,2,FALSE,"14",2,90,3,0.565024969192991,1301,5.73462962962963,9
"b2.t14.p2.w91",14,1000,0,2,FALSE,"15",2,91,3,0.649106641651263,1443,5.73462962962963,9
"b2.t14.p2.w93",14,1000,0,2,FALSE,"14",2,93,2,0.64262800555258,1549,5.73462962962963,9
"b2.t14.p2.w94",14,1000,0,2,FALSE,"10",2,94,3,0.572346752169938,1651,5.73462962962963,9
"b2.t14.p2.w98",14,1000,0,2,FALSE,"12",2,98,2,0.589116782759754,1452,5.73462962962963,9
"b2.t14.p2.w99",14,1000,0,2,FALSE,"none",2,99,2,0.618376398867079,1661,5.73462962962963,9
"b2.t20.p1.w11",20,1000,0,2,FALSE,"2",1,11,2,1.38801315729076,3062,2.97834490740741,6
"b2.t20.p1.w12",20,1000,0,2,FALSE,"1",1,12,3,1.31733474711804,2646,2.97834490740741,6
"b2.t20.p1.w13",20,1000,0,2,FALSE,"3",1,13,3,1.29574330146696,2843,2.97834490740741,6
"b2.t20.p1.w15",20,1000,0,2,FALSE,"5",1,15,3,1.39943376265385,2966,2.97834490740741,6
"b2.t20.p1.w16",20,1000,0,2,FALSE,"15",1,16,2,1.40147579787933,2601,2.97834490740741,6
"b2.t20.p1.w17",20,1000,0,2,FALSE,"5",1,17,2,1.39017292553959,2600,2.97834490740741,6
"b2.t20.p1.w18",20,1000,0,2,FALSE,"all",1,18,2,1.43302514857451,3325,2.97834490740741,6
"b2.t20.p1.w2",20,1000,0,2,FALSE,"none",1,2,1,1.15067910164507,2548,3.93702546296296,7
"b2.t20.p1.w20",20,1000,0,2,FALSE,"14",1,20,2,1.4464639558137,3270,2.97834490740741,6
"b2.t20.p1.w24",20,1000,0,2,FALSE,"11",1,24,1,1.29662231740851,2390,2.97834490740741,6
"b2.t20.p1.w25",20,1000,0,2,FALSE,"12",1,25,2,1.4841938405038,2936,2.97834490740741,6
"b2.t20.p1.w26",20,1000,0,2,FALSE,"7",1,26,1,1.45133959083855,2941,2.97834490740741,6
"b2.t20.p1.w27",20,1000,0,2,FALSE,"9",1,27,1,1.34028793167,2630,2.97834490740741,6
"b2.t20.p1.w32",20,1000,0,2,FALSE,"2",1,32,3,1.31168038722021,2682,2.97834490740741,6
"b2.t20.p1.w34",20,1000,0,2,FALSE,"15",1,34,3,1.48783891124339,2388,2.97834490740741,6
"b2.t20.p1.w35",20,1000,0,2,FALSE,"12",1,35,1,1.41792087267421,2886,2.97834490740741,6
"b2.t20.p1.w38",20,1000,0,2,FALSE,"10",1,38,1,1.33046011840193,2474,2.97834490740741,6
"b2.t20.p1.w39",20,1000,0,2,FALSE,"7",1,39,2,1.3556164068884,2371,2.97834490740741,6
"b2.t20.p1.w4",20,1000,0,2,FALSE,"all",1,4,1,1.46251729326196,3350,2.97834490740741,6
"b2.t20.p1.w40",20,1000,0,2,FALSE,"12",1,40,3,1.40685069812381,4194,2.97834490740741,6
"b2.t20.p1.w49",20,1000,0,2,FALSE,"13",1,49,2,1.30383102063295,2958,2.97834490740741,6
"b2.t20.p1.w5",20,1000,0,2,FALSE,"6",1,5,2,1.39086892265798,2967,2.97834490740741,6
"b2.t20.p1.w51",20,1000,0,2,FALSE,"8",1,51,1,1.51636962690686,2892,2.97834490740741,6
"b2.t20.p1.w56",20,1000,0,2,FALSE,"8",1,56,2,1.44124780285889,2747,2.97834490740741,6
"b2.t20.p1.w58",20,1000,0,2,FALSE,"10",1,58,3,1.46721010299754,2803,2.97834490740741,6
"b2.t20.p1.w6",20,1000,0,2,FALSE,"10",1,6,2,1.3343308702552,2617,2.97834490740741,6
"b2.t20.p1.w8",20,1000,0,2,FALSE,"7",1,8,3,1.3660006847884,3386,2.97834490740741,6
"b2.t20.p2.w100",20,1000,0,2,FALSE,"6",2,100,3,1.47117068457668,3036,2.98056712962963,6
"b2.t20.p2.w102",20,1000,0,2,FALSE,"13",2,102,1,1.46197198492648,2931,2.98056712962963,6
"b2.t20.p2.w103",20,1000,0,2,FALSE,"1",2,103,1,1.36844969061424,2994,2.98056712962963,6
"b2.t20.p2.w104",20,1000,0,2,FALSE,"4",2,104,1,1.3861251523659,2525,2.98056712962963,6
"b2.t20.p2.w106",20,1000,0,2,FALSE,"8",2,106,3,1.45761624182603,2793,2.98056712962963,6
"b2.t20.p2.w108",20,1000,0,2,FALSE,"none",2,108,2,1.21627603266858,2724,3.9391087962963,7
"b2.t20.p2.w110",20,1000,0,2,FALSE,"4",2,110,2,1.40610462146825,2982,2.98056712962963,6
"b2.t20.p2.w114",20,1000,0,2,FALSE,"14",2,114,3,1.40431667236238,3071,2.98056712962963,6
"b2.t20.p2.w115",20,1000,0,2,FALSE,"3",2,115,2,1.41331213728111,2926,2.98056712962963,6
"b2.t20.p2.w117",20,1000,0,2,FALSE,"9",2,117,3,1.3223637845402,2787,2.98056712962963,6
"b2.t20.p2.w119",20,1000,0,2,FALSE,"11",2,119,2,1.5015490351759,2699,2.98056712962963,6
"b2.t20.p2.w62",20,1000,0,2,FALSE,"14",2,62,1,1.40896233147033,2430,2.98056712962963,6
"b2.t20.p2.w66",20,1000,0,2,FALSE,"5",2,66,1,1.40657114379473,2564,2.98056712962963,6
"b2.t20.p2.w67",20,1000,0,2,FALSE,"all",2,67,3,1.46831466947646,3682,2.98056712962963,6
"b2.t20.p2.w69",20,1000,0,2,FALSE,"15",2,69,1,1.48582428049926,2641,2.98056712962963,6
"b2.t20.p2.w71",20,1000,0,2,FALSE,"13",2,71,3,1.45424323747371,3002,2.98056712962963,6
"b2.t20.p2.w74",20,1000,0,2,FALSE,"6",2,74,1,1.43284739728761,3054,2.98056712962963,6
"b2.t20.p2.w75",20,1000,0,2,FALSE,"none",2,75,3,1.32715028284626,2062,2.98056712962963,6
"b2.t20.p2.w79",20,1000,0,2,FALSE,"3",2,79,1,1.37467121252901,2777,2.98056712962963,6
"b2.t20.p2.w80",20,1000,0,2,FALSE,"4",2,80,3,1.42559669924985,2661,2.98056712962963,6
"b2.t20.p2.w82",20,1000,0,2,FALSE,"1",2,82,2,1.42295935628865,2869,2.98056712962963,6
"b2.t20.p2.w87",20,1000,0,2,FALSE,"9",2,87,2,1.30522185878697,2543,2.98056712962963,6
"b2.t20.p2.w91",20,1000,0,2,FALSE,"2",2,91,1,1.43154891697287,2746,2.98056712962963,6
"b2.t20.p2.w93",20,1000,0,2,FALSE,"11",2,93,3,1.41856554851011,3381,2.98056712962963,6
"b2.t25.p1.w10",25,1000,0,2,FALSE,"13",1,10,2,1.8222500698467,2493,2.0084375,5
"b2.t25.p1.w13",25,1000,0,2,FALSE,"10",1,13,3,1.79113344703142,2659,2.0084375,5
"b2.t25.p1.w14",25,1000,0,2,FALSE,"8",1,14,1,1.78265904521419,3394,2.0084375,5
"b2.t25.p1.w15",25,1000,0,2,FALSE,"7",1,15,3,1.85073703729388,3707,2.0084375,5
"b2.t25.p1.w19",25,1000,0,2,FALSE,"none",1,19,1,1.791031327433,2481,2.0084375,5
"b2.t25.p1.w2",25,1000,0,2,FALSE,"12",1,2,1,1.73474520815022,2414,2.0084375,5
"b2.t25.p1.w21",25,1000,0,2,FALSE,"14",1,21,3,1.72264737186976,3141,2.0084375,5
"b2.t25.p1.w25",25,1000,0,2,FALSE,"3",1,25,3,1.8921766813335,2969,2.0084375,5
"b2.t25.p1.w29",25,1000,0,2,FALSE,"7",1,29,1,1.88745971934405,2530,2.0084375,5
"b2.t25.p1.w30",25,1000,0,2,FALSE,"1",1,30,2,1.93351028995934,2986,2.0084375,5
"b2.t25.p1.w31",25,1000,0,2,FALSE,"7",1,31,2,1.60348389091778,2998,2.0084375,5
"b2.t25.p1.w32",25,1000,0,2,FALSE,"4",1,32,1,1.75702050578824,2879,2.0084375,5
"b2.t25.p1.w33",25,1000,0,2,FALSE,"5",1,33,1,1.87757370935626,2685,2.0084375,5
"b2.t25.p1.w34",25,1000,0,2,FALSE,"6",1,34,3,1.79546147147983,2768,2.0084375,5
"b2.t25.p1.w35",25,1000,0,2,FALSE,"1",1,35,3,1.88358918419906,2969,2.0084375,5
"b2.t25.p1.w37",25,1000,0,2,FALSE,"3",1,37,2,1.84627379856949,2692,2.0084375,5
"b2.t25.p1.w39",25,1000,0,2,FALSE,"6",1,39,2,1.95696008138727,2625,2.0084375,5
"b2.t25.p1.w4",25,1000,0,2,FALSE,"12",1,4,2,1.80812525806214,2976,2.0084375,5
"b2.t25.p1.w40",25,1000,0,2,FALSE,"12",1,40,3,1.7546809868305,2796,2.0084375,5
"b2.t25.p1.w42",25,1000,0,2,FALSE,"13",1,42,1,1.91993308042387,2992,2.0084375,5
"b2.t25.p1.w43",25,1000,0,2,FALSE,"15",1,43,3,1.77905243605912,2647,2.0084375,5
"b2.t25.p1.w44",25,1000,0,2,FALSE,"all",1,44,3,1.70528912613604,3763,2.0084375,5
"b2.t25.p1.w47",25,1000,0,2,FALSE,"2",1,47,3,1.94554190375446,2719,2.0084375,5
"b2.t25.p1.w48",25,1000,0,2,FALSE,"5",1,48,3,1.70196514412638,2519,2.0084375,5
"b2.t25.p1.w50",25,1000,0,2,FALSE,"3",1,50,1,1.83161965946176,2549,2.0084375,5
"b2.t25.p1.w52",25,1000,0,2,FALSE,"11",1,52,1,1.62347072168504,3276,2.0084375,5
"b2.t25.p1.w53",25,1000,0,2,FALSE,"15",1,53,1,1.57384783171376,2711,2.0084375,5
"b2.t25.p1.w57",25,1000,0,2,FALSE,"9",1,57,3,1.7656643886853,2317,2.0084375,5
"b2.t25.p1.w58",25,1000,0,2,FALSE,"10",1,58,2,1.72391297746013,2780,2.0084375,5
"b2.t25.p1.w60",25,1000,0,2,FALSE,"all",1,60,1,1.9088553019809,3381,2.0084375,5
"b2.t25.p1.w9",25,1000,0,2,FALSE,"none",1,9,2,1.85895056352042,2480,2.0084375,5
"b2.t25.p2.w100",25,1000,0,2,FALSE,"2",2,100,1,1.9614882602088,2502,2.01109953703704,5
"b2.t25.p2.w101",25,1000,0,2,FALSE,"14",2,101,2,1.58608275173761,2884,2.01109953703704,5
"b2.t25.p2.w106",25,1000,0,2,FALSE,"8",2,106,2,1.91822273792287,2436,2.01109953703704,5
"b2.t25.p2.w110",25,1000,0,2,FALSE,"9",2,110,1,1.90229291529921,2756,2.01109953703704,5
"b2.t25.p2.w112",25,1000,0,2,FALSE,"5",2,112,2,1.77764374258305,2969,2.01109953703704,5
"b2.t25.p2.w113",25,1000,0,2,FALSE,"11",2,113,2,1.8290348089116,3377,2.01109953703704,5
"b2.t25.p2.w114",25,1000,0,2,FALSE,"15",2,114,2,1.84758274046966,2839,2.01109953703704,5
"b2.t25.p2.w118",25,1000,0,2,FALSE,"4",2,118,3,2.04455747800307,2583,2.01109953703704,5
"b2.t25.p2.w119",25,1000,0,2,FALSE,"9",2,119,2,1.97074388121355,2378,2.01109953703704,5
"b2.t25.p2.w63",25,1000,0,2,FALSE,"8",2,63,3,1.92400291181898,3384,2.01109953703704,5
"b2.t25.p2.w64",25,1000,0,2,FALSE,"13",2,64,3,1.98657838848314,3175,2.01109953703704,5
"b2.t25.p2.w69",25,1000,0,2,FALSE,"none",2,69,3,1.80058622231834,2296,2.01109953703704,5
"b2.t25.p2.w70",25,1000,0,2,FALSE,"14",2,70,1,1.84333111573493,2234,2.01109953703704,5
"b2.t25.p2.w75",25,1000,0,2,FALSE,"4",2,75,2,1.91324074092994,2503,2.01109953703704,5
"b2.t25.p2.w81",25,1000,0,2,FALSE,"10",2,81,1,1.77149430044836,3094,2.01109953703704,5
"b2.t25.p2.w85",25,1000,0,2,FALSE,"11",2,85,3,1.8709039705945,3218,2.01109953703704,5
"b2.t25.p2.w89",25,1000,0,2,FALSE,"6",2,89,1,1.96077842270349,2437,2.01109953703704,5
"b2.t25.p2.w90",25,1000,0,2,FALSE,"1",2,90,1,1.90783918591711,2349,2.01109953703704,5
"b2.t25.p2.w95",25,1000,0,2,FALSE,"2",2,95,2,2.01664698933856,2427,2.01109953703704,5
"b2.t25.p2.w98",25,1000,0,2,FALSE,"all",2,98,2,2.01110748514703,3504,2.01109953703704,5
"b2.t30.p1.w1",30,1000,5.33,2,FALSE,"6",1,1,2,0.181735625176594,85,1.61767361111111,4
"b2.t30.p1.w10",30,1000,10.67,2,FALSE,"15",1,10,1,-0.0228255799977775,34,1.61767361111111,3
"b2.t30.p1.w12",30,1,0,2,FALSE,"4",1,12,1,-0.134837994571197,28,7.95484953703704,10
"b2.t30.p1.w13",30,1000,6.67,2,FALSE,"10",1,13,3,0.158765720150748,77,1.61767361111111,4
"b2.t30.p1.w14",30,1000,2.67,2,FALSE,"5",1,14,1,0.770220564996204,1355,2.74271990740741,6
"b2.t30.p1.w17",30,1000,9.33,2,FALSE,"all",1,17,3,0.10645932527627,43,1.61767361111111,3
"b2.t30.p1.w18",30,5,0,2,FALSE,"9",1,18,2,-0.0976713523567246,74,0.964351851851852,3
"b2.t30.p1.w19",30,0,0,2,FALSE,"13",1,19,2,-0.136401080628534,31,1.61767361111111,3
"b2.t30.p1.w2",30,5,0,2,FALSE,"15",1,2,1,0.166823395884819,116,0.964351851851852,3
"b2.t30.p1.w25",30,1000,8,2,FALSE,"1",1,25,3,0.206047422618758,52,1.61767361111111,3
"b2.t30.p1.w26",30,1000,5.33,2,FALSE,"6",1,26,3,0.330700307627926,104,1.61767361111111,4
"b2.t30.p1.w27",30,100,0,2,FALSE,"12",1,27,3,1.6674072941149,953,1.61767361111111,3
"b2.t30.p1.w3",30,5,0,2,FALSE,"11",1,3,3,-0.0977464564645207,46,0.964351851851852,3
"b2.t30.p1.w31",30,1000,0,2,FALSE,"none",1,31,2,1.66706567974989,3285,1.82262731481481,5
"b2.t30.p1.w33",30,1000,6.67,2,FALSE,"15",1,33,2,0.102980101646665,62,1.61767361111111,3
"b2.t30.p1.w34",30,400,0,2,FALSE,"9",1,34,2,1.56807007215787,3229,2.74271990740741,6
"b2.t30.p1.w39",30,10,0,2,FALSE,"8",1,39,1,0.615484325012116,102,0.964351851851852,3
"b2.t30.p1.w42",30,1000,5.33,2,FALSE,"3",1,42,3,0.676809280188085,107,0.964351851851852,3
"b2.t30.p1.w43",30,0,0,2,FALSE,"all",1,43,3,-0.17923218570419,29,7.95484953703704,10
"b2.t30.p1.w44",30,1000,8,2,FALSE,"2",1,44,1,0.269130570374511,54,1.61767361111111,3
"b2.t30.p1.w45",30,25,0,2,FALSE,"5",1,45,1,0.721521653688039,147,0.964351851851852,3
"b2.t30.p1.w46",30,400,0,2,FALSE,"13",1,46,2,1.59895875157247,3386,1.82262731481481,5
"b2.t30.p1.w48",30,5,0,2,FALSE,"7",1,48,3,-0.114273906525992,49,0.964351851851852,3
"b2.t30.p1.w49",30,1000,1.33,2,FALSE,"5",1,49,2,1.44217017291808,6967,2.74271990740741,6
"b2.t30.p1.w53",30,1000,4,2,FALSE,"1",1,53,3,0.400519013449392,232,2.74271990740741,6
"b2.t30.p1.w54",30,0,0,2,FALSE,"none",1,54,2,-0.0229875098752916,54,7.95484953703704,10
"b2.t30.p1.w55",30,10,0,2,FALSE,"4",1,55,2,-0.143612156004,57,0.964351851851852,3
"b2.t30.p1.w56",30,1000,5.33,2,FALSE,"1",1,56,3,0.349165424488046,104,0.964351851851852,3
"b2.t30.p1.w58",30,1000,6.67,2,FALSE,"3",1,58,3,0.252787003843408,71,1.61767361111111,3
"b2.t30.p1.w6",30,700,0,2,FALSE,"4",1,6,1,1.69860942300423,3972,1.82262731481481,5
"b2.t30.p1.w7",30,25,0,2,FALSE,"2",1,7,3,1.18460095120917,138,0.964351851851852,3
"b2.t30.p1.w8",30,1000,1.33,2,FALSE,"15",1,8,1,1.51206839536543,6591,1.82262731481481,5
"b2.t30.p10.w543",30,1000,5.33,2,FALSE,"5",10,543,2,0.22054215359825,64,1.64016203703704,3
"b2.t30.p10.w544",30,25,0,2,FALSE,"11",10,544,2,0.289754245763976,111,0.984039351851852,3
"b2.t30.p10.w545",30,1000,1.33,2,FALSE,"6",10,545,3,1.33603095202884,3052,1.84355324074074,5
"b2.t30.p10.w546",30,1000,8,2,FALSE,"none",10,546,3,0.086301579976131,37,1.64016203703704,3
"b2.t30.p10.w548",30,50,0,2,FALSE,"5",10,548,3,1.28072473195912,501,1.64016203703704,4
"b2.t30.p10.w549",30,10,0,2,FALSE,"7",10,549,1,-0.100682401602479,65,0.984039351851852,3
"b2.t30.p10.w550",30,700,0,2,FALSE,"9",10,550,3,1.82320518910188,3400,1.84355324074074,5
"b2.t30.p10.w551",30,1,0,2,FALSE,"13",10,551,3,-0.166899463349569,27,7.93444444444444,10
"b2.t30.p10.w553",30,1000,4,2,FALSE,"2",10,553,1,0.418990439861778,273,1.84355324074074,5
"b2.t30.p10.w554",30,400,0,2,FALSE,"1",10,554,3,1.94201304993787,3111,1.84355324074074,5
"b2.t30.p10.w555",30,0,0,2,FALSE,"9",10,555,2,-0.200908780034945,34,7.93444444444444,10
"b2.t30.p10.w556",30,1000,9.33,2,FALSE,"5",10,556,2,0.124121582852467,25,1.64016203703704,3
"b2.t30.p10.w557",30,1000,8,2,FALSE,"9",10,557,3,0.0985265505321548,41,1.64016203703704,3
"b2.t30.p10.w559",30,100,0,2,FALSE,"2",10,559,3,1.86351337155727,983,1.64016203703704,4
"b2.t30.p10.w560",30,1000,12,2,FALSE,"8",10,560,3,-0.140017120335082,26,7.93444444444444,10
"b2.t30.p10.w562",30,25,0,2,FALSE,"13",10,562,3,0.716415844969739,109,0.984039351851852,3
"b2.t30.p10.w563",30,1000,5.33,2,FALSE,"none",10,563,1,0.255998520207674,79,1.64016203703704,3
"b2.t30.p10.w565",30,1000,12,2,FALSE,"6",10,565,2,-0.111946268940904,20,4.90553240740741,7
"b2.t30.p10.w566",30,1000,6.67,2,FALSE,"7",10,566,1,0.174480956891542,71,1.64016203703704,3
"b2.t30.p10.w567",30,1000,5.33,2,FALSE,"3",10,567,2,0.338297582302724,89,1.64016203703704,3
"b2.t30.p10.w570",30,1000,1.33,2,FALSE,"7",10,570,2,1.31827407536184,3057,1.84355324074074,5
"b2.t30.p10.w572",30,1000,5.33,2,FALSE,"6",10,572,1,0.170271132605489,74,1.64016203703704,3
"b2.t30.p10.w577",30,1000,5.33,2,FALSE,"12",10,577,1,0.302031713876725,76,1.64016203703704,3
"b2.t30.p10.w578",30,1000,0,2,FALSE,"15",10,578,1,1.84114959484831,3127,1.84355324074074,5
"b2.t30.p10.w579",30,700,0,2,FALSE,"1",10,579,3,1.86514426454163,3285,1.84355324074074,5
"b2.t30.p10.w580",30,1000,10.67,2,FALSE,"9",10,580,2,0.0947983002083557,30,1.64016203703704,3
"b2.t30.p10.w582",30,0,0,2,FALSE,"11",10,582,2,-0.235058975539961,32,7.93444444444444,10
"b2.t30.p10.w583",30,400,0,2,FALSE,"2",10,583,1,1.98065567045793,2922,1.84355324074074,5
"b2.t30.p10.w587",30,1000,10.67,2,FALSE,"5",10,587,1,-0.0398724871223048,25,1.64016203703704,3
"b2.t30.p10.w591",30,1000,1.33,2,FALSE,"13",10,591,2,1.34350011581919,3494,1.84355324074074,4
"b2.t30.p10.w592",30,1000,0,2,FALSE,"all",10,592,2,2.10133054457673,3235,1.84355324074074,5
"b2.t30.p10.w596",30,50,0,2,FALSE,"11",10,596,2,1.08014949362922,303,1.64016203703704,4
"b2.t30.p10.w597",30,5,0,2,FALSE,"9",10,597,1,-0.120738933402123,60,1.64016203703704,3
"b2.t30.p10.w598",30,1000,9.33,2,FALSE,"7",10,598,3,0.0426857665043854,37,1.64016203703704,3
"b2.t30.p11.w601",30,700,0,2,FALSE,"all",11,601,3,1.93158726026986,3499,1.84577546296296,4
"b2.t30.p11.w602",30,50,0,2,FALSE,"7",11,602,2,1.38763612966355,458,1.64262731481481,4
"b2.t30.p11.w604",30,1000,8,2,FALSE,"8",11,604,1,0.0574885505024645,31,1.64262731481481,3
"b2.t30.p11.w605",30,25,0,2,FALSE,"all",11,605,3,0.475971102864146,102,0.986122685185185,3
"b2.t30.p11.w610",30,1000,5.33,2,FALSE,"13",11,610,3,0.117468614158315,67,1.64262731481481,3
"b2.t30.p11.w612",30,1000,9.33,2,FALSE,"13",11,612,3,0.125629775906775,35,1.64262731481481,3
"b2.t30.p11.w613",30,50,0,2,FALSE,"3",11,613,3,1.31438370766862,460,1.64262731481481,4
"b2.t30.p11.w615",30,1000,1.33,2,FALSE,"15",11,615,2,1.32163282632176,3991,2.76368055555556,6
"b2.t30.p11.w620",30,1000,5.33,2,FALSE,"5",11,620,3,0.177658880178932,64,1.84577546296296,4
"b2.t30.p11.w621",30,1000,12,2,FALSE,"10",11,621,2,-0.231347454709818,26,7.93221064814815,10
"b2.t30.p11.w623",30,1000,12,2,FALSE,"2",11,623,2,-0.00334566159734764,26,1.64262731481481,3
"b2.t30.p11.w624",30,1000,6.67,2,FALSE,"8",11,624,1,0.0914784372024097,42,2.76368055555556,5
"b2.t30.p11.w625",30,1000,1.33,2,FALSE,"3",11,625,1,1.40749332875928,3409,1.84577546296296,5
"b2.t30.p11.w626",30,1000,0,2,FALSE,"7",11,626,1,2.08275291438029,2863,1.84577546296296,5
"b2.t30.p11.w627",30,50,0,2,FALSE,"9",11,627,3,1.26985896508391,553,1.64262731481481,4
"b2.t30.p11.w629",30,1000,0,2,FALSE,"9",11,629,1,1.82349823232582,3364,1.84577546296296,5
"b2.t30.p11.w631",30,1000,9.33,2,FALSE,"15",11,631,1,-0.0814323352998134,25,1.64262731481481,3
"b2.t30.p11.w632",30,25,0,2,FALSE,"8",11,632,3,0.828799560454386,207,0.986122685185185,3
"b2.t30.p11.w634",30,1000,6.67,2,FALSE,"9",11,634,1,0.193787145771002,52,1.64262731481481,3
"b2.t30.p11.w639",30,1000,4,2,FALSE,"none",11,639,1,0.306645344771981,173,1.64262731481481,3
"b2.t30.p11.w640",30,1000,4,2,FALSE,"9",11,640,3,0.309508378777169,178,1.84577546296296,5
"b2.t30.p11.w642",30,5,0,2,FALSE,"6",11,642,2,0.120684669330472,67,0.986122685185185,3
"b2.t30.p11.w643",30,1000,12,2,FALSE,"11",11,643,3,0.0252726722295528,25,1.64262731481481,3
"b2.t30.p11.w644",30,1000,9.33,2,FALSE,"14",11,644,1,0.156936546808833,23,1.64262731481481,3
"b2.t30.p11.w645",30,1000,9.33,2,FALSE,"14",11,645,3,-0.00308368565537204,32,1.64262731481481,3
"b2.t30.p11.w647",30,1000,2.67,2,FALSE,"9",11,647,3,0.753660698703535,1454,2.76368055555556,6
"b2.t30.p11.w648",30,100,0,2,FALSE,"7",11,648,2,1.82115359250575,1004,1.64262731481481,4
"b2.t30.p11.w649",30,1000,2.67,2,FALSE,"11",11,649,2,0.421993916637312,609,1.64262731481481,3
"b2.t30.p11.w652",30,1000,12,2,FALSE,"none",11,652,3,-0.200450933882,23,7.93221064814815,10
"b2.t30.p11.w653",30,1,0,2,FALSE,"14",11,653,2,0.388681494409847,66,0.986122685185185,3
"b2.t30.p11.w655",30,1000,6.67,2,FALSE,"15",11,655,1,0.115861941379808,41,1.64262731481481,3
"b2.t30.p11.w656",30,1000,8,2,FALSE,"12",11,656,2,0,27,1.64262731481481,3
"b2.t30.p12.w661",30,1000,6.67,2,FALSE,"6",12,661,1,0.165204015061821,63,1.84795138888889,4
"b2.t30.p12.w666",30,50,0,2,FALSE,"8",12,666,3,1.42840127305612,519,1.64512731481481,4
"b2.t30.p12.w668",30,1000,5.33,2,FALSE,"15",12,668,1,0.21745754246751,95,1.64512731481481,3
"b2.t30.p12.w669",30,5,0,2,FALSE,"13",12,669,1,-0.231472370439921,47,7.92994212962963,10
"b2.t30.p12.w671",30,0,0,2,FALSE,"14",12,671,3,-0.134188492614974,36,7.92994212962963,10
"b2.t30.p12.w672",30,100,0,2,FALSE,"11",12,672,1,1.38612042700546,705,1.64512731481481,4
"b2.t30.p12.w673",30,1000,8,2,FALSE,"3",12,673,3,0.209594355282119,49,1.64512731481481,3
"b2.t30.p12.w674",30,1000,5.33,2,FALSE,"9",12,674,2,0.282435938955109,114,1.64512731481481,3
"b2.t30.p12.w675",30,1000,10.67,2,FALSE,"4",12,675,1,0.0179569788591591,35,2.76575231481481,5
"b2.t30.p12.w679",30,1000,5.33,2,FALSE,"13",12,679,2,0.134937439010058,109,1.64512731481481,3
"b2.t30.p12.w681",30,700,0,2,FALSE,"15",12,681,1,1.24281894501598,3772,1.84795138888889,4
"b2.t30.p12.w684",30,1000,0,2,FALSE,"1",12,684,3,1.53892592257123,3250,1.84795138888889,5
"b2.t30.p12.w685",30,700,0,2,FALSE,"all",12,685,2,1.5767127105079,4384,1.84795138888889,5
"b2.t30.p12.w688",30,1000,9.33,2,FALSE,"15",12,688,2,0.0732696227051469,28,1.64512731481481,3
"b2.t30.p12.w689",30,50,0,2,FALSE,"14",12,689,3,1.35001556204547,549,1.64512731481481,4
"b2.t30.p12.w691",30,1000,2.67,2,FALSE,"4",12,691,2,0.688746908637981,2016,2.76575231481481,6
"b2.t30.p12.w692",30,400,0,2,FALSE,"12",12,692,3,1.36859250246805,3419,2.76575231481481,6
"b2.t30.p12.w693",30,1000,0,2,FALSE,"15",12,693,3,1.40786419907451,2928,1.84795138888889,5
"b2.t30.p12.w700",30,1000,4,2,FALSE,"4",12,700,3,0.307393046867895,279,1.64512731481481,3
"b2.t30.p12.w701",30,1000,8,2,FALSE,"6",12,701,3,0.0112908056177351,43,1.64512731481481,3
"b2.t30.p12.w702",30,1000,12,2,FALSE,"all",12,702,2,-0.0966251414920712,29,5.64113425925926,8
"b2.t30.p12.w703",30,1,0,2,FALSE,"5",12,703,1,-0.283324191659067,57,0.988194444444444,3
"b2.t30.p12.w704",30,700,0,2,FALSE,"6",12,704,3,1.40397550079035,3626,2.76575231481481,6
"b2.t30.p12.w705",30,1000,9.33,2,FALSE,"none",12,705,3,0.133743583340758,34,1.64512731481481,3
"b2.t30.p12.w706",30,700,0,2,FALSE,"3",12,706,1,1.46437348872454,4049,2.76575231481481,6
"b2.t30.p12.w708",30,1,0,2,FALSE,"none",12,708,1,-0.232711466740032,41,7.92994212962963,10
"b2.t30.p12.w709",30,1000,8,2,FALSE,"14",12,709,1,0.0247498439898019,39,1.64512731481481,3
"b2.t30.p12.w713",30,1,0,2,FALSE,"14",12,713,3,-0.130649058674377,54,0.988194444444444,3
"b2.t30.p12.w715",30,1000,5.33,2,FALSE,"11",12,715,3,0.162482654628002,66,1.64512731481481,3
"b2.t30.p12.w716",30,50,0,2,FALSE,"3",12,716,2,0.927949692446598,281,1.64512731481481,4
"b2.t30.p13.w721",30,1000,10.67,2,FALSE,"none",13,721,1,-0.106033980889469,27,1.64736111111111,3
"b2.t30.p13.w725",30,25,0,2,FALSE,"all",13,725,2,0.366124982872595,119,0.990266203703704,3
"b2.t30.p13.w726",30,1000,8,2,FALSE,"5",13,726,3,-0.0479864124809487,25,1.64736111111111,3
"b2.t30.p13.w728",30,400,0,2,FALSE,"4",13,728,3,1.81221811955846,2515,1.85028935185185,5
"b2.t30.p13.w729",30,100,0,2,FALSE,"1",13,729,1,1.95932373518557,1072,1.64736111111111,4
"b2.t30.p13.w730",30,1000,4,2,FALSE,"all",13,730,3,0.200275986372858,188,1.64736111111111,3
"b2.t30.p13.w733",30,1000,9.33,2,FALSE,"8",13,733,1,0.0345087320493571,30,1.64736111111111,3
"b2.t30.p13.w735",30,1000,2.67,2,FALSE,"12",13,735,2,0.692468163162306,1948,1.64736111111111,3
"b2.t30.p13.w736",30,400,0,2,FALSE,"5",13,736,2,1.83809949569591,2743,1.85028935185185,5
"b2.t30.p13.w737",30,1000,9.33,2,FALSE,"7",13,737,2,0.138352974651027,32,1.64736111111111,3
"b2.t30.p13.w738",30,1000,10.67,2,FALSE,"7",13,738,3,-0.0188517655461594,25,1.85028935185185,4
"b2.t30.p13.w739",30,1000,10.67,2,FALSE,"all",13,739,1,-0.064400790045953,25,1.64736111111111,3
"b2.t30.p13.w740",30,1000,5.33,2,FALSE,"1",13,740,2,0.340665414862611,91,1.64736111111111,3
"b2.t30.p13.w746",30,400,0,2,FALSE,"4",13,746,1,1.84150331051158,2842,1.85028935185185,5
"b2.t30.p13.w747",30,1000,0,2,FALSE,"8",13,747,2,1.81102807353014,3455,1.85028935185185,5
"b2.t30.p13.w749",30,25,0,2,FALSE,"none",13,749,1,0.635238290599282,187,1.64736111111111,4
"b2.t30.p13.w751",30,1000,4,2,FALSE,"7",13,751,1,0.389226587421616,216,1.64736111111111,3
"b2.t30.p13.w753",30,1000,8,2,FALSE,"6",13,753,1,0.0828453584571046,36,1.64736111111111,3
"b2.t30.p13.w756",30,1000,6.67,2,FALSE,"1",13,756,3,0.150638156811493,53,1.64736111111111,3
"b2.t30.p13.w762",30,1,0,2,FALSE,"7",13,762,1,-0.314262563535339,41,7.92771990740741,10
"b2.t30.p13.w763",30,50,0,2,FALSE,"all",13,763,2,1.1908069518659,334,1.64736111111111,4
"b2.t30.p13.w764",30,1000,4,2,FALSE,"10",13,764,2,0.454101565190172,305,1.64736111111111,4
"b2.t30.p13.w765",30,1000,2.67,2,FALSE,"13",13,765,2,0.420608920275602,1346,1.85028935185185,4
"b2.t30.p13.w767",30,700,0,2,FALSE,"none",13,767,2,1.57657067132565,3324,1.85028935185185,5
"b2.t30.p13.w768",30,1000,6.67,2,FALSE,"3",13,768,2,0.207025724673723,56,1.85028935185185,4
"b2.t30.p13.w773",30,1000,0,2,FALSE,"1",13,773,2,1.84061593978315,3498,1.85028935185185,4
"b2.t30.p13.w778",30,10,0,2,FALSE,"14",13,778,2,0.233120772233797,89,0.990266203703704,3
"b2.t30.p14.w781",30,25,0,2,FALSE,"11",14,781,3,0.435495801039421,142,0.992349537037037,3
"b2.t30.p14.w782",30,1000,1.33,2,FALSE,"11",14,782,1,1.08639571437418,1927,1.85304398148148,4
"b2.t30.p14.w784",30,25,0,2,FALSE,"15",14,784,2,0.789340552873332,192,1.64958333333333,4
"b2.t30.p14.w785",30,700,0,2,FALSE,"9",14,785,2,1.81589942903992,2974,1.85304398148148,4
"b2.t30.p14.w789",30,1000,6.67,2,FALSE,"15",14,789,3,0.0290939797849941,35,1.64958333333333,3
"b2.t30.p14.w791",30,10,0,2,FALSE,"6",14,791,3,0.383330191137928,78,0.992349537037037,3
"b2.t30.p14.w792",30,400,0,2,FALSE,"7",14,792,2,1.74726188252329,2600,1.85304398148148,5
"b2.t30.p14.w796",30,700,0,2,FALSE,"1",14,796,2,1.88218977993012,2905,1.85304398148148,5
"b2.t30.p14.w801",30,1000,6.67,2,FALSE,"none",14,801,2,0.065066057767105,35,1.64958333333333,3
"b2.t30.p14.w806",30,100,0,2,FALSE,"none",14,806,2,1.82362926752091,1105,1.64958333333333,4
"b2.t30.p14.w807",30,1000,0,2,FALSE,"2",14,807,1,2.03138291132795,2827,1.85304398148148,5
"b2.t30.p14.w808",30,50,0,2,FALSE,"11",14,808,3,1.15290590306234,319,1.64958333333333,4
"b2.t30.p14.w809",30,700,0,2,FALSE,"8",14,809,1,1.68650025576683,2879,1.85304398148148,4
"b2.t30.p14.w810",30,100,0,2,FALSE,"3",14,810,1,1.86487042181367,1043,1.64958333333333,4
"b2.t30.p14.w814",30,1000,0,2,FALSE,"5",14,814,3,1.86234977977485,2845,1.85304398148148,5
"b2.t30.p14.w815",30,1000,10.67,2,FALSE,"3",14,815,1,-0.0553308543813874,23,2.77021990740741,5
"b2.t30.p14.w816",30,1000,8,2,FALSE,"all",14,816,2,0.0548692882901827,45,1.64958333333333,3
"b2.t30.p14.w817",30,1000,10.67,2,FALSE,"5",14,817,2,-0.177007535076858,27,5.6459375,8
"b2.t30.p14.w818",30,100,0,2,FALSE,"5",14,818,1,1.80680867256746,1092,1.64958333333333,4
"b2.t30.p14.w819",30,50,0,2,FALSE,"14",14,819,1,1.51481276698981,623,1.64958333333333,4
"b2.t30.p14.w821",30,1000,8,2,FALSE,"3",14,821,2,0.141923320463076,41,1.85304398148148,4
"b2.t30.p14.w822",30,1000,0,2,FALSE,"6",14,822,3,1.93048467805023,2554,1.85304398148148,5
"b2.t30.p14.w824",30,1000,10.67,2,FALSE,"8",14,824,1,0.0404637798138802,21,1.64958333333333,3
"b2.t30.p14.w825",30,1000,6.67,2,FALSE,"11",14,825,1,0.102177578420211,43,1.64958333333333,3
"b2.t30.p14.w827",30,5,0,2,FALSE,"all",14,827,3,-0.18055822092131,29,7.92517361111111,10
"b2.t30.p14.w828",30,1000,1.33,2,FALSE,"3",14,828,2,1.33790606367629,3331,2.77021990740741,6
"b2.t30.p14.w829",30,0,0,2,FALSE,"5",14,829,1,-0.213972199557001,49,0.992349537037037,3
"b2.t30.p14.w833",30,1000,4,2,FALSE,"13",14,833,1,0.302187404747914,248,3.8318287037037,7
"b2.t30.p14.w835",30,700,0,2,FALSE,"2",14,835,1,1.86810057810708,3002,1.85304398148148,5
"b2.t30.p14.w837",30,10,0,2,FALSE,"5",14,837,1,0.389546415735398,77,0.992349537037037,3
"b2.t30.p14.w838",30,10,0,2,FALSE,"11",14,838,3,0.590904605193268,67,0.992349537037037,3
"b2.t30.p14.w839",30,10,0,2,FALSE,"6",14,839,1,0.418140988939517,84,0.992349537037037,3
"b2.t30.p14.w840",30,1000,6.67,2,FALSE,"8",14,840,3,0.145033796115517,37,1.64958333333333,3
"b2.t30.p15.w841",30,1000,8,2,FALSE,"7",15,841,3,0.0956603334078529,48,1.651875,3
"b2.t30.p15.w845",30,1000,12,2,FALSE,"9",15,845,3,-0.0883827156947177,23,1.85530092592593,4
"b2.t30.p15.w846",30,1000,9.33,2,FALSE,"6",15,846,3,-0.0823730923251525,26,1.85530092592593,4
"b2.t30.p15.w848",30,1,0,2,FALSE,"11",15,848,2,-0.283615283221274,40,7.92296296296296,10
"b2.t30.p15.w858",30,1000,4,2,FALSE,"none",15,858,2,0.309785163970594,196,1.85530092592593,4
"b2.t30.p15.w859",30,100,0,2,FALSE,"9",15,859,1,1.90392159907422,1111,1.651875,4
"b2.t30.p15.w860",30,1000,12,2,FALSE,"all",15,860,3,-0.151432031731284,25,4.91978009259259,7
"b2.t30.p15.w861",30,100,0,2,FALSE,"4",15,861,1,1.92145414487106,1147,1.651875,4
"b2.t30.p15.w862",30,1000,12,2,FALSE,"none",15,862,1,-0.0469355781792811,23,1.85530092592593,4
"b2.t30.p15.w863",30,50,0,2,FALSE,"2",15,863,3,1.3396808356467,380,1.651875,4
"b2.t30.p15.w864",30,1000,6.67,2,FALSE,"14",15,864,2,0.0225915190698082,42,1.651875,3
"b2.t30.p15.w869",30,1000,6.67,2,FALSE,"12",15,869,2,0.0937492624475489,45,1.651875,3
"b2.t30.p15.w870",30,1000,2.67,2,FALSE,"1",15,870,2,0.687442261595912,1999,1.85530092592593,4
"b2.t30.p15.w873",30,1000,10.67,2,FALSE,"6",15,873,3,0.0339721953067105,23,1.651875,3
"b2.t30.p15.w877",30,1000,9.33,2,FALSE,"5",15,877,1,-0.188202070580902,29,7.92296296296296,10
"b2.t30.p15.w880",30,25,0,2,FALSE,"14",15,880,2,0.808845743895734,260,0.994490740740741,3
"b2.t30.p15.w881",30,1000,12,2,FALSE,"all",15,881,1,-0.0788539264544019,28,1.85530092592593,4
"b2.t30.p15.w885",30,1000,12,2,FALSE,"14",15,885,2,-0.118713649017285,25,7.92296296296296,10
"b2.t30.p15.w886",30,10,0,2,FALSE,"14",15,886,3,0.648373984243716,94,0.994490740740741,3
"b2.t30.p15.w887",30,400,0,2,FALSE,"none",15,887,2,1.5467097728505,2850,1.85530092592593,5
"b2.t30.p15.w888",30,1000,6.67,2,FALSE,"9",15,888,3,0.251719311680173,55,1.651875,3
"b2.t30.p15.w890",30,700,0,2,FALSE,"6",15,890,1,1.63861371308458,3438,1.85530092592593,5
"b2.t30.p15.w894",30,1000,9.33,2,FALSE,"2",15,894,2,0.0564220180421001,37,1.651875,3
"b2.t30.p15.w895",30,1000,1.33,2,FALSE,"all",15,895,3,1.13427830660322,2662,1.85530092592593,5
"b2.t30.p15.w898",30,1000,1.33,2,FALSE,"8",15,898,3,1.29055826536693,5124,1.85530092592593,4
"b2.t30.p15.w899",30,1000,1.33,2,FALSE,"4",15,899,2,1.27547755347404,3881,2.77230324074074,6
"b2.t30.p16.w901",30,1000,5.33,2,FALSE,"15",16,901,3,0.183650374643496,69,1.65414351851852,3
"b2.t30.p16.w903",30,400,0,2,FALSE,"10",16,903,1,1.10740780278107,3241,1.65414351851852,3
"b2.t30.p16.w904",30,1000,8,2,FALSE,"9",16,904,1,0.0685654442450817,39,2.77439814814815,5
"b2.t30.p16.w905",30,25,0,2,FALSE,"1",16,905,3,0.310443085179787,121,1.65414351851852,4
"b2.t30.p16.w906",30,1000,10.67,2,FALSE,"12",16,906,3,-0.0902493414191294,25,1.65414351851852,3
"b2.t30.p16.w909",30,1000,12,2,FALSE,"15",16,909,2,-0.170977277668493,28,7.92054398148148,10
"b2.t30.p16.w910",30,1000,1.33,2,FALSE,"11",16,910,3,0.676226363848443,3016,1.65414351851852,3
"b2.t30.p16.w911",30,1000,5.33,2,FALSE,"11",16,911,1,0.0887271508594633,56,1.85763888888889,4
"b2.t30.p16.w912",30,1000,2.67,2,FALSE,"6",16,912,2,0.629032534294506,2435,1.85763888888889,4
"b2.t30.p16.w914",30,1000,9.33,2,FALSE,"all",16,914,1,0.0978610760491542,32,2.77439814814815,5
"b2.t30.p16.w915",30,50,0,2,FALSE,"12",16,915,2,1.33699050214552,528,1.65414351851852,4
"b2.t30.p16.w920",30,1000,8,2,FALSE,"10",16,920,2,0.0541893870171475,28,1.65414351851852,3
"b2.t30.p16.w922",30,1000,2.67,2,FALSE,"13",16,922,3,0.409561323939476,1456,1.65414351851852,3
"b2.t30.p16.w925",30,700,0,2,FALSE,"7",16,925,1,1.5326058045582,4063,1.85763888888889,5
"b2.t30.p16.w930",30,10,0,2,FALSE,"13",16,930,2,-0.0225043813267095,73,0.9965625,3
"b2.t30.p16.w931",30,1000,6.67,2,FALSE,"1",16,931,1,0.0850450747671342,56,1.65414351851852,3
"b2.t30.p16.w932",30,10,0,2,FALSE,"3",16,932,1,0.157867618698924,68,0.9965625,3
"b2.t30.p16.w936",30,1000,4,2,FALSE,"13",16,936,3,0.307777505006557,208,1.65414351851852,3
"b2.t30.p16.w938",30,700,0,2,FALSE,"5",16,938,1,1.38985107749662,3731,1.85763888888889,4
"b2.t30.p16.w940",30,10,0,2,FALSE,"12",16,940,1,0.0589175663942179,81,0.9965625,3
"b2.t30.p16.w945",30,1,0,2,FALSE,"2",16,945,2,-0.18997906504199,33,6.86274305555556,9
"b2.t30.p16.w946",30,1000,1.33,2,FALSE,"15",16,946,3,1.13874462305255,4572,1.85763888888889,4
"b2.t30.p16.w949",30,1000,0,2,FALSE,"none",16,949,1,1.50301512054829,3325,1.85763888888889,5
"b2.t30.p16.w951",30,5,0,2,FALSE,"all",16,951,2,-0.172515219853774,41,7.92054398148148,10
"b2.t30.p16.w953",30,10,0,2,FALSE,"4",16,953,1,-0.0602063401560833,65,0.9965625,3
"b2.t30.p16.w955",30,1,0,2,FALSE,"none",16,955,2,-0.256970238062938,43,7.92054398148148,10
"b2.t30.p16.w956",30,50,0,2,FALSE,"10",16,956,2,1.28360226286339,528,1.65414351851852,3
"b2.t30.p17.w1000",30,400,0,2,FALSE,"12",17,1000,2,1.46610050282595,3074,2.7765162037037,6
"b2.t30.p17.w1001",30,400,0,2,FALSE,"14",17,1001,2,1.47005503230481,3039,2.7765162037037,5
"b2.t30.p17.w1006",30,5,0,2,FALSE,"5",17,1006,3,0.015445164188782,82,0.99869212962963,3
"b2.t30.p17.w1007",30,1000,6.67,2,FALSE,"2",17,1007,2,0.323286766209623,48,1.65644675925926,3
"b2.t30.p17.w1008",30,1000,4,2,FALSE,"1",17,1008,1,0.378597465119573,153,1.65644675925926,3
"b2.t30.p17.w1011",30,0,0,2,FALSE,"9",17,1011,3,-0.123781714689767,39,7.91827546296296,10
"b2.t30.p17.w1015",30,1000,2.67,2,FALSE,"14",17,1015,2,0.556260607962894,943,2.7765162037037,5
"b2.t30.p17.w1018",30,100,0,2,FALSE,"14",17,1018,3,1.54156931517134,913,1.65644675925926,4
"b2.t30.p17.w1019",30,1,0,2,FALSE,"3",17,1019,2,-0.133344464092714,45,7.91827546296296,10
"b2.t30.p17.w1020",30,1000,1.33,2,FALSE,"12",17,1020,1,1.32155838959541,9091,2.7765162037037,6
"b2.t30.p17.w963",30,1,0,2,FALSE,"all",17,963,2,-0.150651567248346,32,7.91827546296296,10
"b2.t30.p17.w964",30,0,0,2,FALSE,"11",17,964,3,-0.20233144985616,34,7.91827546296296,10
"b2.t30.p17.w965",30,700,0,2,FALSE,"13",17,965,1,1.49857645757129,3903,1.85990740740741,4
"b2.t30.p17.w967",30,1000,4,2,FALSE,"9",17,967,2,0.277134252962538,69,1.65644675925926,3
"b2.t30.p17.w968",30,1000,8,2,FALSE,"4",17,968,3,0.16269431940122,49,1.65644675925926,3
"b2.t30.p17.w969",30,1000,12,2,FALSE,"4",17,969,3,-0.10656671372561,32,1.85990740740741,4
"b2.t30.p17.w970",30,50,0,2,FALSE,"15",17,970,2,1.2960330614164,588,1.65644675925926,4
"b2.t30.p17.w971",30,100,0,2,FALSE,"6",17,971,1,1.43550867745083,941,1.85990740740741,5
"b2.t30.p17.w972",30,1000,1.33,2,FALSE,"1",17,972,2,1.36860537268477,5859,2.7765162037037,5
"b2.t30.p17.w974",30,1,0,2,FALSE,"10",17,974,2,-0.118961008472853,53,7.91827546296296,10
"b2.t30.p17.w975",30,10,0,2,FALSE,"14",17,975,1,0.0691138380339993,104,0.99869212962963,3
"b2.t30.p17.w978",30,400,0,2,FALSE,"1",17,978,1,1.60742856831327,2978,1.85990740740741,4
"b2.t30.p17.w980",30,1000,4,2,FALSE,"5",17,980,3,0.247498409332664,91,1.65644675925926,3
"b2.t30.p17.w981",30,1000,4,2,FALSE,"14",17,981,1,0.292859880094816,185,1.65644675925926,3
"b2.t30.p17.w982",30,1000,10.67,2,FALSE,"14",17,982,3,-0.0708786211011105,25,1.85990740740741,4
"b2.t30.p17.w983",30,1000,8,2,FALSE,"4",17,983,1,0.150986913051399,44,1.85990740740741,4
"b2.t30.p17.w984",30,1000,5.33,2,FALSE,"14",17,984,2,0.148407188132617,70,1.85990740740741,4
"b2.t30.p17.w985",30,100,0,2,FALSE,"8",17,985,1,1.58395152878258,955,1.85990740740741,5
"b2.t30.p17.w986",30,1000,6.67,2,FALSE,"9",17,986,2,0.221429170680557,53,1.65644675925926,3
"b2.t30.p17.w989",30,1,0,2,FALSE,"11",17,989,1,-0.310404039157752,43,7.91827546296296,10
"b2.t30.p17.w990",30,1,0,2,FALSE,"12",17,990,1,-0.128836076552142,56,7.91827546296296,10
"b2.t30.p17.w994",30,1000,2.67,2,FALSE,"14",17,994,3,0.523630243360337,1242,1.65644675925926,3
"b2.t30.p17.w995",30,1000,6.67,2,FALSE,"2",17,995,3,0.18608734268026,52,1.85990740740741,4
"b2.t30.p17.w998",30,700,0,2,FALSE,"6",17,998,2,1.31494644848339,3495,1.85990740740741,4
"b2.t30.p18.w1022",30,1000,0,2,FALSE,"12",18,1022,3,1.58360251870818,3727,1.86238425925926,4
"b2.t30.p18.w1023",30,1000,5.33,2,FALSE,"12",18,1023,3,0.256755917320186,64,1.65873842592593,3
"b2.t30.p18.w1025",30,400,0,2,FALSE,"11",18,1025,1,1.68270892960138,2873,1.86238425925926,5
"b2.t30.p18.w1027",30,100,0,2,FALSE,"5",18,1027,2,1.64457884216449,926,1.65873842592593,4
"b2.t30.p18.w1028",30,1000,4,2,FALSE,"9",18,1028,1,0.346426017153599,153,1.00467592592593,3
"b2.t30.p18.w1029",30,400,0,2,FALSE,"11",18,1029,2,1.79283710703201,2511,1.86238425925926,5
"b2.t30.p18.w1030",30,1000,2.67,2,FALSE,"1",18,1030,3,0.705878478346232,2322,1.86238425925926,4
"b2.t30.p18.w1033",30,1000,10.67,2,FALSE,"13",18,1033,3,-0.12934479832275,27,2.77857638888889,5
"b2.t30.p18.w1038",30,400,0,2,FALSE,"3",18,1038,1,1.50437686587296,2875,1.86238425925926,4
"b2.t30.p18.w1039",30,1000,10.67,2,FALSE,"7",18,1039,2,0.0247661106858447,29,1.65873842592593,3
"b2.t30.p18.w1040",30,25,0,2,FALSE,"13",18,1040,1,0.0745610487049322,243,1.00467592592593,3
"b2.t30.p18.w1041",30,1000,12,2,FALSE,"8",18,1041,2,0.0206565505428756,25,1.86238425925926,4
"b2.t30.p18.w1042",30,1,0,2,FALSE,"all",18,1042,3,-0.153200753390186,31,7.91579861111111,10
"b2.t30.p18.w1044",30,1000,6.67,2,FALSE,"10",18,1044,2,0.0668822542173292,38,1.65873842592593,3
"b2.t30.p18.w1045",30,0,0,2,FALSE,"all",18,1045,2,-0.198556707804118,26,6.86702546296296,9
"b2.t30.p18.w1049",30,400,0,2,FALSE,"8",18,1049,3,1.4821308813326,3018,1.86238425925926,5
"b2.t30.p18.w1051",30,700,0,2,FALSE,"7",18,1051,3,1.56169605219411,4387,1.65873842592593,3
"b2.t30.p18.w1052",30,0,0,2,FALSE,"7",18,1052,1,-0.277727418791088,39,7.91579861111111,10
"b2.t30.p18.w1053",30,10,0,2,FALSE,"15",18,1053,2,0.142037141059966,81,1.00467592592593,3
"b2.t30.p18.w1057",30,1000,12,2,FALSE,"11",18,1057,1,-0.0162456016120318,24,1.65873842592593,3
"b2.t30.p18.w1061",30,25,0,2,FALSE,"all",18,1061,1,0.376957657047806,142,1.00467592592593,3
"b2.t30.p18.w1063",30,0,0,2,FALSE,"13",18,1063,3,-0.177790526513514,26,7.91579861111111,10
"b2.t30.p18.w1064",30,100,0,2,FALSE,"1",18,1064,3,1.67758548879917,927,1.65873842592593,4
"b2.t30.p18.w1065",30,10,0,2,FALSE,"2",18,1065,2,-0.0902847426856862,57,1.86238425925926,4
"b2.t30.p18.w1069",30,1000,9.33,2,FALSE,"3",18,1069,1,-0.0667891121326771,27,1.65873842592593,3
"b2.t30.p18.w1070",30,1,0,2,FALSE,"13",18,1070,2,-0.276323073091303,35,7.91579861111111,10
"b2.t30.p18.w1073",30,10,0,2,FALSE,"10",18,1073,2,0.0177433909636813,69,1.65873842592593,4
"b2.t30.p18.w1075",30,1000,5.33,2,FALSE,"15",18,1075,2,0.338956733458174,72,1.65873842592593,3
"b2.t30.p18.w1076",30,10,0,2,FALSE,"5",18,1076,2,0.221870629758299,74,1.00467592592593,3
"b2.t30.p18.w1078",30,10,0,2,FALSE,"9",18,1078,3,0.36470235801779,64,1.00467592592593,3
"b2.t30.p19.w1081",30,1000,4,2,FALSE,"2",19,1081,2,0.369744008336725,133,1.86467592592593,4
"b2.t30.p19.w1086",30,1000,12,2,FALSE,"13",19,1086,3,-0.174398994253662,29,7.91197916666667,10
"b2.t30.p19.w1088",30,1000,1.33,2,FALSE,"5",19,1088,3,1.23619955482163,6367,1.86467592592593,5
"b2.t30.p19.w1090",30,5,0,2,FALSE,"none",19,1090,1,-0.064326648567325,71,1.6609837962963,3
"b2.t30.p19.w1092",30,5,0,2,FALSE,"13",19,1092,3,-0.163824376475225,58,1.00688657407407,3
"b2.t30.p19.w1095",30,1,0,2,FALSE,"13",19,1095,1,-0.267984048371883,41,7.91197916666667,10
"b2.t30.p19.w1096",30,700,0,2,FALSE,"3",19,1096,2,1.73903955356427,3222,1.86467592592593,4
"b2.t30.p19.w1098",30,1000,2.67,2,FALSE,"none",19,1098,3,0.624819861371844,812,1.86467592592593,4
"b2.t30.p19.w1099",30,1000,8,2,FALSE,"4",19,1099,2,0.022217205895053,34,1.6609837962963,3
"b2.t30.p19.w1100",30,5,0,2,FALSE,"7",19,1100,2,-0.110558909597637,75,6.86916666666667,9
"b2.t30.p19.w1101",30,1000,1.33,2,FALSE,"6",19,1101,2,1.35423680563663,8204,2.78065972222222,5
"b2.t30.p19.w1105",30,1000,6.67,2,FALSE,"12",19,1105,3,0.0132714883068067,39,1.6609837962963,3
"b2.t30.p19.w1107",30,5,0,2,FALSE,"10",19,1107,2,-0.0957835488707624,62,1.00688657407407,3
"b2.t30.p19.w1111",30,1000,2.67,2,FALSE,"none",19,1111,1,0.700538971005085,1492,2.78065972222222,5
"b2.t30.p19.w1112",30,0,0,2,FALSE,"13",19,1112,1,-0.0246945565527925,36,7.91197916666667,10
"b2.t30.p19.w1113",30,10,0,2,FALSE,"11",19,1113,2,0.075725980630842,64,1.00688657407407,3
"b2.t30.p19.w1114",30,0,0,2,FALSE,"8",19,1114,3,-0.303459854708312,51,7.91197916666667,10
"b2.t30.p19.w1116",30,400,0,2,FALSE,"13",19,1116,1,1.63097176203984,3146,1.86467592592593,4
"b2.t30.p19.w1119",30,0,0,2,FALSE,"2",19,1119,1,-0.184832151424959,31,6.86916666666667,9
"b2.t30.p19.w1120",30,1000,8,2,FALSE,"14",19,1120,2,0.0659200730428728,30,1.6609837962963,3
"b2.t30.p19.w1123",30,400,0,2,FALSE,"6",19,1123,3,1.42637738534379,2986,1.86467592592593,4
"b2.t30.p19.w1125",30,700,0,2,FALSE,"none",19,1125,3,1.45998093828257,3412,1.86467592592593,4
"b2.t30.p19.w1126",30,10,0,2,FALSE,"15",19,1126,3,0.401378774785276,77,1.00688657407407,3
"b2.t30.p19.w1129",30,1000,10.67,2,FALSE,"13",19,1129,1,0.109396316469435,28,1.6609837962963,3
"b2.t30.p19.w1132",30,400,0,2,FALSE,"14",19,1132,3,1.60611007206561,3189,1.86467592592593,5
"b2.t30.p19.w1133",30,50,0,2,FALSE,"5",19,1133,2,1.49185597269516,538,1.6609837962963,4
"b2.t30.p19.w1134",30,1000,12,2,FALSE,"15",19,1134,1,-0.201201116768579,28,7.91197916666667,10
"b2.t30.p19.w1135",30,1000,8,2,FALSE,"9",19,1135,2,-0.0161608598882522,24,1.6609837962963,3
"b2.t30.p19.w1136",30,100,0,2,FALSE,"15",19,1136,3,1.78470304896866,977,1.6609837962963,3
"b2.t30.p19.w1138",30,1000,0,2,FALSE,"2",19,1138,3,1.89604960396523,3289,1.86467592592593,5
"b2.t30.p19.w1139",30,50,0,2,FALSE,"10",19,1139,1,1.53725101995809,647,1.6609837962963,3
"b2.t30.p19.w1140",30,25,0,2,FALSE,"11",19,1140,1,0.519406815062835,142,1.6609837962963,4
"b2.t30.p2.w102",30,1000,10.67,2,FALSE,"13",2,102,2,-0.0106924288737917,37,1.62002314814815,3
"b2.t30.p2.w103",30,0,0,2,FALSE,"1",2,103,1,-0.161737160130499,30,7.95260416666667,10
"b2.t30.p2.w105",30,1,0,2,FALSE,"all",2,105,1,-0.207774139956204,31,7.95260416666667,10
"b2.t30.p2.w107",30,1000,8,2,FALSE,"15",2,107,1,0.100746204181869,51,1.82496527777778,4
"b2.t30.p2.w109",30,10,0,2,FALSE,"3",2,109,3,0.445013533355024,79,0.966516203703704,3
"b2.t30.p2.w111",30,25,0,2,FALSE,"9",2,111,2,1.16344279448158,167,0.966516203703704,3
"b2.t30.p2.w116",30,1000,9.33,2,FALSE,"all",2,116,2,0.0898915285437404,42,1.62002314814815,3
"b2.t30.p2.w118",30,1000,5.33,2,FALSE,"2",2,118,1,0.47260914533469,118,0.966516203703704,3
"b2.t30.p2.w119",30,25,0,2,FALSE,"9",2,119,3,1.03450479183312,183,0.966516203703704,3
"b2.t30.p2.w62",30,25,0,2,FALSE,"4",2,62,2,1.11812442521645,141,0.966516203703704,3
"b2.t30.p2.w63",30,10,0,2,FALSE,"none",2,63,3,0.461287594300182,125,0.966516203703704,3
"b2.t30.p2.w64",30,1,0,2,FALSE,"15",2,64,1,0.0669904517784524,76,0.966516203703704,3
"b2.t30.p2.w66",30,1000,2.67,2,FALSE,"11",2,66,3,0.708332624456968,992,1.62002314814815,4
"b2.t30.p2.w70",30,1000,0,2,FALSE,"14",2,70,2,2.03414673761274,3154,1.82496527777778,5
"b2.t30.p2.w71",30,1000,5.33,2,FALSE,"10",2,71,2,0.338505193988277,86,0.966516203703704,3
"b2.t30.p2.w72",30,50,0,2,FALSE,"1",2,72,4,1.416605260357,450,1.62002314814815,4
"b2.t30.p2.w74",30,0,0,2,FALSE,"9",2,74,1,-0.0524383964046175,33,7.95260416666667,10
"b2.t30.p2.w76",30,50,0,2,FALSE,"5",2,76,1,1.52840692180285,576,1.62002314814815,4
"b2.t30.p2.w77",30,50,0,2,FALSE,"none",2,77,3,1.57066444058592,549,1.62002314814815,4
"b2.t30.p2.w78",30,1,0,2,FALSE,"1",2,78,2,-0.200731569384563,31,7.95260416666667,10
"b2.t30.p2.w79",30,100,0,2,FALSE,"all",2,79,1,1.5138961685508,737,1.82496527777778,5
"b2.t30.p2.w80",30,100,0,2,FALSE,"6",2,80,3,1.93702921009181,1009,1.62002314814815,4
"b2.t30.p2.w81",30,0,0,2,FALSE,"14",2,81,1,0.0760719642692954,38,1.82496527777778,4
"b2.t30.p2.w82",30,1000,9.33,2,FALSE,"3",2,82,3,0.181280821794039,46,1.62002314814815,3
"b2.t30.p2.w83",30,1,0,2,FALSE,"14",2,83,1,0.148287190530382,22,1.62002314814815,3
"b2.t30.p2.w84",30,1000,4,2,FALSE,"11",2,84,3,0.480199979589822,168,1.62002314814815,4
"b2.t30.p2.w85",30,1000,10.67,2,FALSE,"10",2,85,1,-0.199351994372643,26,7.95260416666667,10
"b2.t30.p2.w86",30,1000,12,2,FALSE,"15",2,86,3,-0.0673982859054715,25,1.62002314814815,3
"b2.t30.p2.w88",30,1000,12,2,FALSE,"14",2,88,1,-0.124089146171447,34,1.62002314814815,3
"b2.t30.p2.w89",30,1000,2.67,2,FALSE,"7",2,89,1,0.787589425299996,1649,2.74494212962963,6
"b2.t30.p2.w95",30,10,0,2,FALSE,"12",2,95,2,0.564354171404092,88,0.966516203703704,3
"b2.t30.p2.w97",30,1000,5.33,2,FALSE,"7",2,97,3,0.502308275905203,122,0.966516203703704,3
"b2.t30.p2.w99",30,1000,4,2,FALSE,"14",2,99,2,0.514337022416322,153,0.966516203703704,3
"b2.t30.p20.w1141",30,50,0,2,FALSE,"4",20,1141,3,1.29338037338142,458,1.66324074074074,4
"b2.t30.p20.w1142",30,25,0,2,FALSE,"7",20,1142,3,0.563459425270161,154,1.66324074074074,4
"b2.t30.p20.w1143",30,1000,1.33,2,FALSE,"2",20,1143,3,1.16579820484973,5713,1.86707175925926,4
"b2.t30.p20.w1149",30,1000,1.33,2,FALSE,"14",20,1149,3,1.28367326853238,2708,1.66324074074074,3
"b2.t30.p20.w1150",30,50,0,2,FALSE,"8",20,1150,1,1.43229067975919,691,1.66324074074074,3
"b2.t30.p20.w1153",30,5,0,2,FALSE,"12",20,1153,3,-0.0183145823951272,61,1.01537037037037,3
"b2.t30.p20.w1154",30,400,0,2,FALSE,"9",20,1154,3,1.5799205320133,3106,1.86707175925926,4
"b2.t30.p20.w1155",30,700,0,2,FALSE,"1",20,1155,1,1.8640079948126,3235,1.86707175925926,4
"b2.t30.p20.w1159",30,1000,2.67,2,FALSE,"13",20,1159,1,0.176350120079336,1687,1.66324074074074,3
"b2.t30.p20.w1161",30,1000,5.33,2,FALSE,"14",20,1161,3,0.237922108069664,93,1.86707175925926,4
"b2.t30.p20.w1167",30,0,0,2,FALSE,"1",20,1167,3,-0.221637512521721,34,7.90960648148148,10
"b2.t30.p20.w1169",30,5,0,2,FALSE,"all",20,1169,1,0.00702643344993924,64,1.86707175925926,4
"b2.t30.p20.w1170",30,50,0,2,FALSE,"12",20,1170,3,1.47634022206902,521,1.66324074074074,3
"b2.t30.p20.w1171",30,1000,10.67,2,FALSE,"15",20,1171,2,-0.212233067268213,33,7.90960648148148,10
"b2.t30.p20.w1173",30,5,0,2,FALSE,"6",20,1173,1,0.0873877499618188,58,1.01537037037037,3
"b2.t30.p20.w1174",30,100,0,2,FALSE,"8",20,1174,2,1.76169634055138,949,1.66324074074074,4
"b2.t30.p20.w1179",30,5,0,2,FALSE,"5",20,1179,1,-0.0542416440045229,59,1.01537037037037,3
"b2.t30.p20.w1180",30,1000,1.33,2,FALSE,"all",20,1180,2,1.2584677758707,1680,1.86707175925926,5
"b2.t30.p20.w1181",30,1000,6.67,2,FALSE,"11",20,1181,3,0.0447751878655848,45,1.86707175925926,4
"b2.t30.p20.w1183",30,1000,9.33,2,FALSE,"none",20,1183,2,-0.0469350037594867,33,1.66324074074074,3
"b2.t30.p20.w1184",30,1000,10.67,2,FALSE,"1",20,1184,3,-0.153857017446247,30,7.90960648148148,10
"b2.t30.p20.w1185",30,1000,4,2,FALSE,"2",20,1185,3,0.349685353404256,248,1.66324074074074,3
"b2.t30.p20.w1186",30,1000,4,2,FALSE,"8",20,1186,3,0.297836847219684,115,1.66324074074074,3
"b2.t30.p20.w1187",30,1000,9.33,2,FALSE,"8",20,1187,3,-0.111252471536182,28,2.78275462962963,5
"b2.t30.p20.w1188",30,1000,8,2,FALSE,"13",20,1188,2,0.130742237072056,27,1.66324074074074,3
"b2.t30.p20.w1189",30,1000,5.33,2,FALSE,"none",20,1189,2,0.113311776603404,48,1.86707175925926,4
"b2.t30.p20.w1195",30,1000,4,2,FALSE,"4",20,1195,1,0.342367863555003,141,1.66324074074074,3
"b2.t30.p20.w1196",30,1000,0,2,FALSE,"none",20,1196,3,1.9895830681085,3326,1.86707175925926,4
"b2.t30.p20.w1200",30,1000,6.67,2,FALSE,"4",20,1200,1,0.00534847986387334,29,1.66324074074074,3
"b2.t30.p21.w1201",30,1000,5.33,2,FALSE,"1",21,1201,1,0.25466790809866,73,1.66549768518519,3
"b2.t30.p21.w1204",30,25,0,2,FALSE,"6",21,1204,2,0.576642320905449,194,1.86934027777778,5
"b2.t30.p21.w1209",30,1000,8,2,FALSE,"5",21,1209,1,-0.0654842598657926,30,1.66549768518519,3
"b2.t30.p21.w1213",30,1000,9.33,2,FALSE,"5",21,1213,3,-0.0678045808339213,29,1.66549768518519,3
"b2.t30.p21.w1214",30,1000,4,2,FALSE,"12",21,1214,1,0.413191937756232,187,1.66549768518519,3
"b2.t30.p21.w1216",30,1000,12,2,FALSE,"12",21,1216,3,-0.0977770058880667,23,2.78481481481481,5
"b2.t30.p21.w1220",30,0,0,2,FALSE,"3",21,1220,3,-0.108851970365218,35,7.90640046296296,10
"b2.t30.p21.w1222",30,1000,0,2,FALSE,"10",21,1222,1,1.50051703896374,3458,1.86934027777778,5
"b2.t30.p21.w1223",30,1000,2.67,2,FALSE,"10",21,1223,2,0.528454270871283,1599,1.86934027777778,4
"b2.t30.p21.w1224",30,400,0,2,FALSE,"all",21,1224,1,1.62276737447636,2832,1.86934027777778,4
"b2.t30.p21.w1225",30,400,0,2,FALSE,"9",21,1225,1,1.43497675836073,2658,1.86934027777778,4
"b2.t30.p21.w1228",30,1000,10.67,2,FALSE,"all",21,1228,2,-0.0473454278386007,29,1.66549768518519,3
"b2.t30.p21.w1229",30,1000,9.33,2,FALSE,"none",21,1229,1,-0.135954437478778,26,1.86934027777778,4
"b2.t30.p21.w1232",30,1000,6.67,2,FALSE,"1",21,1232,2,0.200447386665059,37,1.66549768518519,3
"b2.t30.p21.w1233",30,1000,4,2,FALSE,"all",21,1233,2,0.156056919236299,122,1.66549768518519,3
"b2.t30.p21.w1234",30,1000,4,2,FALSE,"7",21,1234,2,0.239896496882065,146,1.86934027777778,4
"b2.t30.p21.w1235",30,0,0,2,FALSE,"6",21,1235,3,-0.168390798588075,51,7.90640046296296,10
"b2.t30.p21.w1239",30,1000,0,2,FALSE,"5",21,1239,1,1.57394994659804,2727,1.86934027777778,5
"b2.t30.p21.w1243",30,1000,2.67,2,FALSE,"3",21,1243,3,0.563996434887575,1483,1.86934027777778,4
"b2.t30.p21.w1244",30,25,0,2,FALSE,"10",21,1244,3,0.567216911557163,185,1.01756944444444,3
"b2.t30.p21.w1247",30,1000,2.67,2,FALSE,"15",21,1247,3,0.425430112890143,1176,1.66549768518519,3
"b2.t30.p21.w1254",30,1000,0,2,FALSE,"14",21,1254,3,1.62800808528387,3334,1.86934027777778,4
"b2.t30.p21.w1255",30,1000,10.67,2,FALSE,"14",21,1255,2,-0.224960424378618,33,7.90640046296296,10
"b2.t30.p21.w1257",30,400,0,2,FALSE,"7",21,1257,1,1.66473250536809,2883,1.86934027777778,5
"b2.t30.p21.w1258",30,1,0,2,FALSE,"5",21,1258,2,0.0103952605993865,56,1.01756944444444,3
"b2.t30.p21.w1259",30,10,0,2,FALSE,"10",21,1259,1,0.29974642350958,81,1.01756944444444,3
"b2.t30.p21.w1260",30,10,0,2,FALSE,"1",21,1260,3,-0.125241939084154,73,1.01756944444444,3
"b2.t30.p22.w1261",30,1000,10.67,2,FALSE,"2",22,1261,3,-0.0291295604771433,30,1.66777777777778,3
"b2.t30.p22.w1264",30,100,0,2,FALSE,"all",22,1264,3,1.37661225679992,703,1.87180555555556,4
"b2.t30.p22.w1267",30,1000,12,2,FALSE,"13",22,1267,1,-0.159689799213319,27,6.87579861111111,9
"b2.t30.p22.w1270",30,1000,2.67,2,FALSE,"9",22,1270,1,0.520992446315073,1877,1.87180555555556,4
"b2.t30.p22.w1271",30,50,0,2,FALSE,"1",22,1271,3,1.35507122824221,460,1.66777777777778,3
"b2.t30.p22.w1274",30,1000,9.33,2,FALSE,"15",22,1274,3,0,26,1.66777777777778,3
"b2.t30.p22.w1275",30,0,0,2,FALSE,"14",22,1275,2,-0.0276892257140624,46,1.87180555555556,4
"b2.t30.p22.w1277",30,1000,5.33,2,FALSE,"4",22,1277,2,0.370985283886281,77,1.66777777777778,3
"b2.t30.p22.w1280",30,100,0,2,FALSE,"11",22,1280,3,1.09987487956011,464,1.87180555555556,5
"b2.t30.p22.w1283",30,25,0,2,FALSE,"15",22,1283,1,0.796868312331344,245,1.66777777777778,4
"b2.t30.p22.w1286",30,400,0,2,FALSE,"15",22,1286,3,1.56346796155078,3184,1.87180555555556,4
"b2.t30.p22.w1287",30,1000,9.33,2,FALSE,"10",22,1287,1,0.00718253866664384,27,1.66777777777778,3
"b2.t30.p22.w1289",30,1000,2.67,2,FALSE,"all",22,1289,2,0.440099223763226,619,1.66777777777778,3
"b2.t30.p22.w1291",30,25,0,2,FALSE,"none",22,1291,2,0.741845481613378,260,1.66777777777778,3
"b2.t30.p22.w1293",30,1000,5.33,2,FALSE,"8",22,1293,2,0.213286444600833,63,1.66777777777778,3
"b2.t30.p22.w1296",30,1000,10.67,2,FALSE,"none",22,1296,2,-0.016711967941213,23,1.66777777777778,3
"b2.t30.p22.w1299",30,0,0,2,FALSE,"1",22,1299,2,-0.295191881150207,40,7.90400462962963,10
"b2.t30.p22.w1304",30,400,0,2,FALSE,"5",22,1304,1,1.64097104309558,3007,1.87180555555556,4
"b2.t30.p22.w1308",30,0,0,2,FALSE,"5",22,1308,2,-0.275505422872892,52,7.90400462962963,10
"b2.t30.p22.w1313",30,1000,9.33,2,FALSE,"3",22,1313,2,0.117246131959539,23,1.66777777777778,3
"b2.t30.p22.w1315",30,1000,12,2,FALSE,"13",22,1315,2,-0.0606912430525063,25,1.87180555555556,4
"b2.t30.p22.w1316",30,100,0,2,FALSE,"12",22,1316,2,1.41497021797562,728,1.66777777777778,3
"b2.t30.p22.w1318",30,700,0,2,FALSE,"10",22,1318,2,1.51435038651665,4024,2.78690972222222,6
"b2.t30.p23.w1329",30,50,0,2,FALSE,"none",23,1329,2,1.30534233378286,415,1.67003472222222,3
"b2.t30.p23.w1330",30,5,0,2,FALSE,"5",23,1330,2,0.0845100806175448,141,7.90084490740741,10
"b2.t30.p23.w1331",30,1,0,2,FALSE,"4",23,1331,3,-0.00526734092777924,46,1.87424768518519,4
"b2.t30.p23.w1334",30,25,0,2,FALSE,"2",23,1334,1,0.639477641721367,239,1.87424768518519,4
"b2.t30.p23.w1335",30,100,0,2,FALSE,"2",23,1335,2,1.46475953606233,979,1.87424768518519,4
"b2.t30.p23.w1337",30,400,0,2,FALSE,"5",23,1337,3,1.62648068875997,2909,1.87424768518519,5
"b2.t30.p23.w1340",30,1000,0,2,FALSE,"12",23,1340,1,1.74590230599487,2780,1.87424768518519,4
"b2.t30.p23.w1343",30,1000,0,2,FALSE,"4",23,1343,1,1.39263475671118,2866,1.87424768518519,4
"b2.t30.p23.w1345",30,1000,6.67,2,FALSE,"7",23,1345,2,0.203571896533396,38,1.87424768518519,4
"b2.t30.p23.w1346",30,1000,12,2,FALSE,"4",23,1346,2,-0.0507374192274288,23,1.67003472222222,3
"b2.t30.p23.w1348",30,5,0,2,FALSE,"11",23,1348,2,0.193619284889444,79,1.87424768518519,4
"b2.t30.p23.w1350",30,50,0,2,FALSE,"15",23,1350,1,1.28413172706882,550,1.67003472222222,3
"b2.t30.p23.w1351",30,5,0,2,FALSE,"15",23,1351,2,0.41052654686465,86,1.67003472222222,3
"b2.t30.p23.w1355",30,5,0,2,FALSE,"10",23,1355,3,0.260501310342183,85,1.67003472222222,4
"b2.t30.p23.w1357",30,10,0,2,FALSE,"9",23,1357,2,0.247646476537946,107,1.67003472222222,3
"b2.t30.p23.w1364",30,1000,4,2,FALSE,"15",23,1364,1,0.267161207186386,152,1.67003472222222,3
"b2.t30.p23.w1372",30,1000,1.33,2,FALSE,"10",23,1372,3,0.834356938027523,3829,1.87424768518519,4
"b2.t30.p23.w1373",30,1000,0,2,FALSE,"13",23,1373,1,1.56628571275896,3193,1.67003472222222,3
"b2.t30.p23.w1374",30,700,0,2,FALSE,"2",23,1374,2,1.55121613457873,3696,1.87424768518519,4
"b2.t30.p23.w1375",30,1000,5.33,2,FALSE,"3",23,1375,1,0.327267581806848,78,1.67003472222222,3
"b2.t30.p23.w1376",30,1000,5.33,2,FALSE,"10",23,1376,1,0.110290690433049,41,1.87424768518519,4
"b2.t30.p23.w1377",30,1000,5.33,2,FALSE,"4",23,1377,1,0.219508962430002,48,1.67003472222222,3
"b2.t30.p23.w1378",30,700,0,2,FALSE,"14",23,1378,2,1.7450142196239,3387,1.87424768518519,4
"b2.t30.p23.w1379",30,400,0,2,FALSE,"1",23,1379,2,1.82011439598883,2851,1.87424768518519,4
"b2.t30.p23.w1380",30,5,0,2,FALSE,"2",23,1380,1,0.450495417752089,132,1.87424768518519,4
"b2.t30.p24.w1381",30,1000,0,2,FALSE,"6",24,1381,1,1.41472058934026,3009,1.87690972222222,4
"b2.t30.p24.w1386",30,1000,6.67,2,FALSE,"4",24,1386,3,0.194567703787668,46,1.87690972222222,4
"b2.t30.p24.w1387",30,400,0,2,FALSE,"12",24,1387,1,1.49040149857606,2646,1.87690972222222,4
"b2.t30.p24.w1389",30,1,0,2,FALSE,"6",24,1389,2,-0.220159835744096,43,7.89856481481482,10
"b2.t30.p24.w1394",30,10,0,2,FALSE,"5",24,1394,3,-0.0423241569617244,53,1.02392361111111,3
"b2.t30.p24.w1395",30,25,0,2,FALSE,"3",24,1395,2,0.45472896264578,122,1.67232638888889,4
"b2.t30.p24.w1396",30,50,0,2,FALSE,"4",24,1396,1,1.22504380288248,508,1.67232638888889,3
"b2.t30.p24.w1398",30,1000,0,2,FALSE,"all",24,1398,3,1.68099846782893,3456,1.87690972222222,4
"b2.t30.p24.w1399",30,700,0,2,FALSE,"12",24,1399,1,1.44093750740819,3062,1.87690972222222,4
"b2.t30.p24.w1401",30,1000,9.33,2,FALSE,"9",24,1401,2,-0.0910719224607333,28,2.79113425925926,5
"b2.t30.p24.w1402",30,1000,0,2,FALSE,"3",24,1402,3,1.49305238371863,3274,1.87690972222222,4
"b2.t30.p24.w1403",30,5,0,2,FALSE,"none",24,1403,3,-0.16782067391275,53,1.67232638888889,3
"b2.t30.p24.w1405",30,1000,10.67,2,FALSE,"4",24,1405,2,-0.0698169019292774,26,1.67232638888889,3
"b2.t30.p24.w1408",30,0,0,2,FALSE,"2",24,1408,2,-0.159053757603278,26,5.67263888888889,8
"b2.t30.p24.w1409",30,1000,9.33,2,FALSE,"13",24,1409,2,-0.00638239855644113,24,1.67232638888889,3
"b2.t30.p24.w1410",30,1000,6.67,2,FALSE,"12",24,1410,1,0.0533283115001873,28,1.67232638888889,3
"b2.t30.p24.w1413",30,1,0,2,FALSE,"8",24,1413,3,-0.274950124983304,45,7.89856481481482,10
"b2.t30.p24.w1414",30,1000,0,2,FALSE,"8",24,1414,3,1.58926605226332,3252,1.87690972222222,4
"b2.t30.p24.w1415",30,1000,0,2,FALSE,"13",24,1415,2,1.63770312183724,3028,1.87690972222222,4
"b2.t30.p24.w1416",30,1000,10.67,2,FALSE,"12",24,1416,2,-0.15413899187075,23,7.89856481481482,10
"b2.t30.p24.w1417",30,25,0,2,FALSE,"12",24,1417,3,0.75707626214735,245,1.67232638888889,4
"b2.t30.p24.w1418",30,1000,9.33,2,FALSE,"9",24,1418,3,-0.0240511417136048,24,1.67232638888889,3
"b2.t30.p24.w1420",30,100,0,2,FALSE,"9",24,1420,2,1.7179080334837,1143,1.67232638888889,3
"b2.t30.p24.w1422",30,25,0,2,FALSE,"3",24,1422,3,0.46598715764786,162,1.67232638888889,4
"b2.t30.p24.w1423",30,1000,6.67,2,FALSE,"10",24,1423,1,0.0544823176370859,31,1.67232638888889,3
"b2.t30.p24.w1426",30,400,0,2,FALSE,"10",24,1426,3,1.52088830990034,2460,1.87690972222222,4
"b2.t30.p24.w1427",30,0,0,2,FALSE,"11",24,1427,1,-0.221435882209094,32,7.89856481481482,10
"b2.t30.p24.w1428",30,5,0,2,FALSE,"10",24,1428,1,-0.127801283520697,52,1.67232638888889,3
"b2.t30.p24.w1429",30,1000,10.67,2,FALSE,"6",24,1429,2,-0.0191583241718226,20,1.67232638888889,3
"b2.t30.p24.w1432",30,400,0,2,FALSE,"none",24,1432,1,1.39558159947253,2102,1.87690972222222,5
"b2.t30.p24.w1433",30,0,0,2,FALSE,"15",24,1433,1,-0.230088210373439,38,7.89856481481482,10
"b2.t30.p24.w1435",30,1000,8,2,FALSE,"2",24,1435,2,-0.0306763773226473,28,3.85255787037037,6
"b2.t30.p24.w1436",30,1000,9.33,2,FALSE,"1",24,1436,1,0.22465140425152,30,1.67232638888889,3
"b2.t30.p24.w1437",30,1000,2.67,2,FALSE,"1",24,1437,1,0.757052645653788,1781,2.79113425925926,5
"b2.t30.p24.w1439",30,1000,2.67,2,FALSE,"2",24,1439,1,0.580393911206937,1572,1.67232638888889,3
"b2.t30.p24.w1440",30,25,0,2,FALSE,"15",24,1440,3,0.852172188508395,273,1.67232638888889,3
"b2.t30.p25.w1442",30,1,0,2,FALSE,"none",25,1442,3,-0.0272981571932652,57,1.67466435185185,3
"b2.t30.p25.w1447",30,10,0,2,FALSE,"all",25,1447,3,0.127269774433602,67,1.67466435185185,3
"b2.t30.p25.w1448",30,1000,10.67,2,FALSE,"14",25,1448,1,0.0264157390328684,24,1.67466435185185,3
"b2.t30.p25.w1453",30,1000,6.67,2,FALSE,"none",25,1453,3,-0.0788216958650836,27,1.87907407407407,4
"b2.t30.p25.w1454",30,25,0,2,FALSE,"14",25,1454,1,0.849632860487241,219,1.67466435185185,3
"b2.t30.p25.w1456",30,1000,6.67,2,FALSE,"4",25,1456,2,0.162591370312068,38,1.67466435185185,3
"b2.t30.p25.w1458",30,400,0,2,FALSE,"all",25,1458,2,2.02761963589889,2742,1.87907407407407,4
"b2.t30.p25.w1459",30,1000,10.67,2,FALSE,"8",25,1459,3,-0.15835605963055,21,7.89575231481481,10
"b2.t30.p25.w1463",30,25,0,2,FALSE,"14",25,1463,3,1.05122822702829,274,1.67466435185185,3
"b2.t30.p25.w1464",30,700,0,2,FALSE,"9",25,1464,1,1.92392011660955,3082,1.87907407407407,4
"b2.t30.p25.w1468",30,0,0,2,FALSE,"15",25,1468,2,0.10882721076849,44,1.67466435185185,3
"b2.t30.p25.w1471",30,50,0,2,FALSE,"11",25,1471,1,1.41505632005169,387,1.67466435185185,3
"b2.t30.p25.w1473",30,0,0,2,FALSE,"none",25,1473,1,-0.0945960801529809,38,1.67466435185185,3
"b2.t30.p25.w1474",30,1000,1.33,2,FALSE,"13",25,1474,1,1.23086056789123,2201,1.67466435185185,3
"b2.t30.p25.w1475",30,400,0,2,FALSE,"10",25,1475,2,2.01161908893269,2638,1.87907407407407,4
"b2.t30.p25.w1476",30,1000,12,2,FALSE,"3",25,1476,1,-0.107101641056704,23,1.87907407407407,4
"b2.t30.p25.w1482",30,25,0,2,FALSE,"7",25,1482,1,0.971575123834195,192,1.67466435185185,3
"b2.t30.p25.w1483",30,1000,12,2,FALSE,"1",25,1483,1,-0.0900944190984287,20,1.67466435185185,3
"b2.t30.p25.w1486",30,1000,12,2,FALSE,"10",25,1486,3,-0.0778724874724605,22,1.87907407407407,4
"b2.t30.p25.w1487",30,1000,1.33,2,FALSE,"none",25,1487,2,1.0928810419089,3319,1.67466435185185,3
"b2.t30.p25.w1489",30,1000,4,2,FALSE,"all",25,1489,1,0.270350886202496,145,1.67466435185185,3
"b2.t30.p25.w1490",30,0,0,2,FALSE,"7",25,1490,3,-0.26511355416809,35,7.89575231481481,10
"b2.t30.p25.w1491",30,0,0,2,FALSE,"15",25,1491,3,-0.0331040344515963,33,1.67466435185185,3
"b2.t30.p25.w1492",30,1000,12,2,FALSE,"9",25,1492,1,-0.0228674969750595,22,1.67466435185185,3
"b2.t30.p25.w1494",30,1000,8,2,FALSE,"7",25,1494,2,0.0210234978198744,29,1.67466435185185,3
"b2.t30.p25.w1495",30,1000,8,2,FALSE,"all",25,1495,1,0.0189683810571806,31,1.87907407407407,4
"b2.t30.p25.w1500",30,10,0,2,FALSE,"all",25,1500,1,0.516842675358289,86,1.67466435185185,3
"b2.t30.p26.w1502",30,0,0,2,FALSE,"10",26,1502,1,0.0214880221129603,29,1.6769212962963,3
"b2.t30.p26.w1503",30,1000,9.33,2,FALSE,"1",26,1503,3,-0.0276134516870579,23,2.7953587962963,5
"b2.t30.p26.w1505",30,1000,10.67,2,FALSE,"6",26,1505,1,-0.226631336483658,26,7.89334490740741,10
"b2.t30.p26.w1506",30,1000,12,2,FALSE,"6",26,1506,1,-0.172419752696912,22,7.89334490740741,10
"b2.t30.p26.w1507",30,5,0,2,FALSE,"7",26,1507,1,-0.129429957178079,44,1.6769212962963,3
"b2.t30.p26.w1508",30,1000,6.67,2,FALSE,"7",26,1508,3,0.0991257829173499,33,1.6769212962963,3
"b2.t30.p26.w1510",30,50,0,2,FALSE,"2",26,1510,1,1.33957205838272,420,1.6769212962963,3
"b2.t30.p26.w1512",30,1000,8,2,FALSE,"12",26,1512,1,-0.0366055151706452,21,1.6769212962963,3
"b2.t30.p26.w1514",30,10,0,2,FALSE,"all",26,1514,2,0.497081731326788,117,1.6769212962963,3
"b2.t30.p26.w1516",30,1000,9.33,2,FALSE,"4",26,1516,1,-0.0504177033776294,23,1.6769212962963,3
"b2.t30.p26.w1519",30,1000,9.33,2,FALSE,"4",26,1519,3,-0.141415762636765,25,7.89334490740741,10
"b2.t30.p26.w1522",30,1000,10.67,2,FALSE,"4",26,1522,3,-0.0583788123835865,21,3.85672453703704,6
"b2.t30.p26.w1523",30,1000,6.67,2,FALSE,"6",26,1523,3,-0.0194924487334083,28,1.6769212962963,3
"b2.t30.p26.w1525",30,50,0,2,FALSE,"7",26,1525,1,1.53644357300233,546,1.6769212962963,3
"b2.t30.p26.w1526",30,0,0,2,FALSE,"4",26,1526,3,-0.276886988491067,34,7.89334490740741,10
"b2.t30.p26.w1529",30,1000,2.67,2,FALSE,"7",26,1529,3,0.409483209441729,1699,1.6769212962963,3
"b2.t30.p26.w1531",30,1000,8,2,FALSE,"all",26,1531,3,0.0862650960068643,25,1.6769212962963,3
"b2.t30.p26.w1532",30,1000,0,2,FALSE,"8",26,1532,1,1.85986958270709,3867,1.88140046296296,5
"b2.t30.p26.w1534",30,1000,8,2,FALSE,"12",26,1534,3,0.0586397701371406,22,1.6769212962963,3
"b2.t30.p26.w1536",30,1000,6.67,2,FALSE,"11",26,1536,2,0.122584307357061,35,1.6769212962963,3
"b2.t30.p26.w1537",30,25,0,2,FALSE,"8",26,1537,1,1.2117387806431,308,1.6769212962963,3
"b2.t30.p26.w1540",30,10,0,2,FALSE,"13",26,1540,3,0.0517114366999401,60,1.6769212962963,3
"b2.t30.p26.w1541",30,10,0,2,FALSE,"6",26,1541,2,0.166479243808338,64,1.6769212962963,3
"b2.t30.p26.w1543",30,1000,0,2,FALSE,"11",26,1543,1,1.8458617677441,2977,1.6769212962963,3
"b2.t30.p26.w1546",30,1000,1.33,2,FALSE,"12",26,1546,3,1.24990052496939,3784,1.6769212962963,3
"b2.t30.p26.w1547",30,1000,12,2,FALSE,"3",26,1547,3,-0.0605340800481401,21,1.6769212962963,3
"b2.t30.p26.w1548",30,1000,2.67,2,FALSE,"15",26,1548,2,0.838579946627488,1757,2.7953587962963,5
"b2.t30.p26.w1549",30,1000,10.67,2,FALSE,"9",26,1549,3,-0.18046505427145,23,7.89334490740741,10
"b2.t30.p26.w1551",30,1000,10.67,2,FALSE,"3",26,1551,2,-0.0768250925539479,20,1.6769212962963,3
"b2.t30.p26.w1553",30,1000,5.33,2,FALSE,"7",26,1553,1,0.291312298173865,58,1.88140046296296,4
"b2.t30.p26.w1554",30,1000,4,2,FALSE,"12",26,1554,3,0.390135136130042,153,1.88140046296296,4
"b2.t30.p26.w1555",30,1000,10.67,2,FALSE,"10",26,1555,2,-0.173510217571573,21,7.89334490740741,10
"b2.t30.p26.w1556",30,25,0,2,FALSE,"8",26,1556,2,1.14114092636438,598,1.6769212962963,3
"b2.t30.p26.w1558",30,1000,6.67,2,FALSE,"13",26,1558,1,0.0434780247098288,36,1.88140046296296,4
"b2.t30.p26.w1559",30,1000,5.33,2,FALSE,"all",26,1559,2,0.172337621451861,53,1.88140046296296,4
"b2.t30.p26.w1560",30,1000,8,2,FALSE,"13",26,1560,3,0.125001995134153,28,1.6769212962963,3
"b2.t30.p27.w1563",30,0,0,2,FALSE,"all",27,1563,1,-0.147368511091909,29,1.67921296296296,3
"b2.t30.p27.w1564",30,1000,10.67,2,FALSE,"5",27,1564,3,0.116276204155797,23,1.67921296296296,3
"b2.t30.p27.w1565",30,400,0,2,FALSE,"all",27,1565,3,1.82076041661146,2693,1.88366898148148,4
"b2.t30.p27.w1567",30,25,0,2,FALSE,"5",27,1567,3,0.630530021263789,167,1.67921296296296,3
"b2.t30.p27.w1569",30,50,0,2,FALSE,"14",27,1569,2,1.53248476114315,519,1.67921296296296,3
"b2.t30.p27.w1571",30,5,0,2,FALSE,"9",27,1571,3,0.0102901866054984,50,1.67921296296296,3
"b2.t30.p27.w1576",30,1000,2.67,2,FALSE,"2",27,1576,3,0.775902466392405,1933,2.7974537037037,5
"b2.t30.p27.w1577",30,700,0,2,FALSE,"11",27,1577,1,1.71326917674665,3306,1.88366898148148,4
"b2.t30.p27.w1579",30,1000,5.33,2,FALSE,"10",27,1579,3,0.065082375193759,57,1.88366898148148,4
"b2.t30.p27.w1582",30,5,0,2,FALSE,"6",27,1582,3,0.0626399786796435,56,1.03027777777778,3
"b2.t30.p27.w1586",30,10,0,2,FALSE,"13",27,1586,1,-0.0477887067570181,49,1.88366898148148,4
"b2.t30.p27.w1587",30,25,0,2,FALSE,"10",27,1587,1,0.753076990688269,208,1.67921296296296,3
"b2.t30.p27.w1588",30,400,0,2,FALSE,"3",27,1588,2,1.73750255371336,2806,1.88366898148148,4
"b2.t30.p27.w1589",30,10,0,2,FALSE,"1",27,1589,1,0.25304472574032,61,1.03027777777778,3
"b2.t30.p27.w1591",30,1000,10.67,2,FALSE,"7",27,1591,1,-0.100146947219095,26,1.67921296296296,3
"b2.t30.p27.w1592",30,1000,8,2,FALSE,"15",27,1592,2,-0.507037416156152,95,7.89025462962963,10
"b2.t30.p27.w1595",30,1000,8,2,FALSE,"10",27,1595,1,0.0186498008502149,30,1.67921296296296,3
"b2.t30.p27.w1599",30,1000,5.33,2,FALSE,"11",27,1599,2,0.180294121737911,62,1.67921296296296,3
"b2.t30.p27.w1600",30,1000,1.33,2,FALSE,"1",27,1600,1,1.24218608833694,3461,1.88366898148148,4
"b2.t30.p27.w1602",30,10,0,2,FALSE,"none",27,1602,1,0.160881197174411,88,1.67921296296296,3
"b2.t30.p27.w1604",30,5,0,2,FALSE,"12",27,1604,2,0.17693697571641,61,1.67921296296296,3
"b2.t30.p27.w1605",30,1000,2.67,2,FALSE,"4",27,1605,3,0.715229101249543,1578,1.67921296296296,3
"b2.t30.p27.w1606",30,1000,9.33,2,FALSE,"6",27,1606,1,-0.189500183627496,26,7.89025462962963,10
"b2.t30.p27.w1611",30,1,0,2,FALSE,"9",27,1611,3,-0.13743949563059,44,7.89025462962963,10
"b2.t30.p27.w1612",30,1000,12,2,FALSE,"3",27,1612,2,-0.170721235951407,24,7.89025462962963,10
"b2.t30.p27.w1615",30,1,0,2,FALSE,"11",27,1615,3,-0.125023022380351,37,1.67921296296296,3
"b2.t30.p27.w1616",30,700,0,2,FALSE,"4",27,1616,3,1.70756637346067,3281,1.88366898148148,4
"b2.t30.p27.w1617",30,1000,8,2,FALSE,"11",27,1617,1,0.0624362846137067,31,1.67921296296296,3
"b2.t30.p27.w1618",30,50,0,2,FALSE,"13",27,1618,2,1.41303948425084,395,1.67921296296296,3
"b2.t30.p27.w1619",30,1000,1.33,2,FALSE,"11",27,1619,2,0.299886324311572,1836,1.67921296296296,3
"b2.t30.p27.w1620",30,1000,6.67,2,FALSE,"all",27,1620,1,0.0550765014786316,31,1.67921296296296,3
"b2.t30.p28.w1621",30,50,0,2,FALSE,"8",28,1621,2,1.48645644798992,505,1.68145833333333,3
"b2.t30.p28.w1626",30,5,0,2,FALSE,"8",28,1626,2,0.0188586873196719,56,1.68145833333333,3
"b2.t30.p28.w1627",30,1000,1.33,2,FALSE,"all",28,1627,1,1.37727020032038,2095,2.79959490740741,5
"b2.t30.p28.w1628",30,25,0,2,FALSE,"4",28,1628,3,0.7779025157124,178,1.68145833333333,3
"b2.t30.p28.w1629",30,700,0,2,FALSE,"13",28,1629,3,1.46569894471916,3247,1.88591435185185,4
"b2.t30.p28.w1630",30,1000,0,2,FALSE,"10",28,1630,3,1.67596079778795,3259,1.88591435185185,4
"b2.t30.p28.w1631",30,1000,9.33,2,FALSE,"8",28,1631,2,-0.180771666275381,27,7.88777777777778,10
"b2.t30.p28.w1634",30,1000,4,2,FALSE,"15",28,1634,3,0.278826909862432,201,1.68145833333333,3
"b2.t30.p28.w1635",30,100,0,2,FALSE,"6",28,1635,2,1.67965348814445,1054,1.88591435185185,4
"b2.t30.p28.w1637",30,10,0,2,FALSE,"8",28,1637,3,0.22375806973367,65,1.68145833333333,3
"b2.t30.p28.w1639",30,1000,1.33,2,FALSE,"3",28,1639,3,1.30107867830227,2808,2.79959490740741,5
"b2.t30.p28.w1640",30,1000,6.67,2,FALSE,"13",28,1640,2,0.204331431356496,51,1.68145833333333,3
"b2.t30.p28.w1643",30,1000,10.67,2,FALSE,"all",28,1643,3,-0.0327782748599166,23,1.88591435185185,4
"b2.t30.p28.w1645",30,100,0,2,FALSE,"13",28,1645,1,1.6437799920697,607,1.68145833333333,3
"b2.t30.p28.w1646",30,1000,5.33,2,FALSE,"8",28,1646,3,0.288779357582201,78,1.88591435185185,4
"b2.t30.p28.w1647",30,50,0,2,FALSE,"13",28,1647,1,1.44093615235644,350,1.68145833333333,3
"b2.t30.p28.w1650",30,10,0,2,FALSE,"4",28,1650,3,-0.17250396633186,43,7.88777777777778,10
"b2.t30.p28.w1655",30,1000,8,2,FALSE,"1",28,1655,2,-0.00263903432846745,30,1.88591435185185,4
"b2.t30.p28.w1656",30,1000,9.33,2,FALSE,"10",28,1656,2,-0.14909395792216,23,7.88777777777778,10
"b2.t30.p28.w1657",30,1000,4,2,FALSE,"10",28,1657,1,0.368994259363046,224,2.79959490740741,5
"b2.t30.p28.w1658",30,100,0,2,FALSE,"3",28,1658,3,1.61702826714269,961,1.68145833333333,3
"b2.t30.p28.w1659",30,0,0,2,FALSE,"8",28,1659,1,0.00610983332269068,40,1.68145833333333,3
"b2.t30.p28.w1660",30,1000,5.33,2,FALSE,"2",28,1660,2,0.377293466652668,77,1.68145833333333,3
"b2.t30.p28.w1661",30,1000,4,2,FALSE,"5",28,1661,2,0.17092260217596,104,1.68145833333333,3
"b2.t30.p28.w1662",30,700,0,2,FALSE,"2",28,1662,3,1.76370273990217,3544,1.88591435185185,4
"b2.t30.p28.w1665",30,1000,12,2,FALSE,"11",28,1665,2,-0.142255597528312,23,7.88777777777778,10
"b2.t30.p28.w1669",30,1,0,2,FALSE,"10",28,1669,1,-0.101786782340713,34,1.68145833333333,3
"b2.t30.p28.w1670",30,5,0,2,FALSE,"1",28,1670,2,0.0491433050731039,41,1.68145833333333,3
"b2.t30.p28.w1671",30,100,0,2,FALSE,"15",28,1671,1,1.54870347871654,820,1.88591435185185,4
"b2.t30.p28.w1673",30,1000,2.67,2,FALSE,"7",28,1673,2,0.315827576927874,1141,1.68145833333333,3
"b2.t30.p28.w1674",30,25,0,2,FALSE,"5",28,1674,2,0.995760554938226,239,1.68145833333333,3
"b2.t30.p28.w1676",30,0,0,2,FALSE,"12",28,1676,2,-0.139212226384096,42,1.68145833333333,3
"b2.t30.p28.w1677",30,25,0,2,FALSE,"1",28,1677,2,0.892141520970804,190,1.68145833333333,3
"b2.t30.p28.w1678",30,1000,4,2,FALSE,"3",28,1678,1,0.182290019715318,155,1.88591435185185,4
"b2.t30.p29.w1682",30,1000,1.33,2,FALSE,"none",29,1682,1,1.44206001114984,4349,2.80168981481481,5
"b2.t30.p29.w1683",30,1000,5.33,2,FALSE,"all",29,1683,1,0.183046792413403,50,1.68375,3
"b2.t30.p29.w1684",30,1000,9.33,2,FALSE,"12",29,1684,3,0.380475760443034,334,2.80168981481481,5
"b2.t30.p29.w1687",30,700,0,2,FALSE,"none",29,1687,1,1.70381877595481,3518,1.88818287037037,4
"b2.t30.p29.w1688",30,1000,0,2,FALSE,"all",29,1688,1,2.02660682314605,3364,1.88818287037037,4
"b2.t30.p29.w1690",30,0,0,2,FALSE,"3",29,1690,1,-0.168852356543241,28,5.68528935185185,8
"b2.t30.p29.w1695",30,100,0,2,FALSE,"10",29,1695,3,1.831425387588,999,1.68375,3
"b2.t30.p29.w1696",30,400,0,2,FALSE,"4",29,1696,2,1.77509224182373,2639,1.88818287037037,4
"b2.t30.p29.w1697",30,1000,12,2,FALSE,"2",29,1697,1,-0.109532206596899,20,4.95189814814815,7
"b2.t30.p29.w1698",30,400,0,2,FALSE,"6",29,1698,1,1.80843102721408,2715,1.88818287037037,4
"b2.t30.p29.w1702",30,5,0,2,FALSE,"2",29,1702,3,0.0670904773462304,42,1.68375,3
"b2.t30.p29.w1704",30,1000,9.33,2,FALSE,"11",29,1704,3,-0.0643887018989646,24,1.68375,3
"b2.t30.p29.w1705",30,50,0,2,FALSE,"9",29,1705,2,1.61707189692377,569,1.68375,3
"b2.t30.p29.w1706",30,1,0,2,FALSE,"8",29,1706,2,-0.144715130140818,37,1.68375,3
"b2.t30.p29.w1709",30,1000,1.33,2,FALSE,"1",29,1709,3,1.00851341233396,2887,1.68375,3
"b2.t30.p29.w1712",30,1000,6.67,2,FALSE,"5",29,1712,1,-0.0519229864533286,23,1.88818287037037,4
"b2.t30.p29.w1714",30,100,0,2,FALSE,"7",29,1714,1,1.87104175889645,870,1.68375,3
"b2.t30.p29.w1716",30,1,0,2,FALSE,"15",29,1716,3,-0.118065710465803,41,1.68375,3
"b2.t30.p29.w1717",30,25,0,2,FALSE,"3",29,1717,1,1.25688360145553,269,1.68375,3
"b2.t30.p29.w1719",30,400,0,2,FALSE,"14",29,1719,1,1.76381178294617,2729,1.88818287037037,4
"b2.t30.p29.w1720",30,100,0,2,FALSE,"4",29,1720,2,1.95335914799796,1011,1.68375,3
"b2.t30.p29.w1722",30,1000,4,2,FALSE,"8",29,1722,2,0.380092047066465,163,1.88818287037037,4
"b2.t30.p29.w1723",30,1000,0,2,FALSE,"13",29,1723,3,1.86455644794221,3167,1.88818287037037,4
"b2.t30.p29.w1725",30,50,0,2,FALSE,"15",29,1725,3,1.66290212700523,578,1.68375,3
"b2.t30.p29.w1727",30,5,0,2,FALSE,"11",29,1727,1,-0.238077359720622,37,7.88545138888889,10
"b2.t30.p29.w1728",30,1000,5.33,2,FALSE,"2",29,1728,3,0.300595293307331,61,1.68375,3
"b2.t30.p29.w1729",30,100,0,2,FALSE,"10",29,1729,2,1.95607919444718,958,1.68375,3
"b2.t30.p29.w1731",30,1000,2.67,2,FALSE,"12",29,1731,1,0.773377284231138,1104,2.80168981481481,5
"b2.t30.p29.w1733",30,1000,4,2,FALSE,"1",29,1733,2,0.380067906144962,181,1.68375,3
"b2.t30.p29.w1734",30,1000,2.67,2,FALSE,"15",29,1734,1,0.552758048458449,1523,1.68375,3
"b2.t30.p29.w1735",30,1000,8,2,FALSE,"14",29,1735,3,-0.0366434170222983,25,1.88818287037037,4
"b2.t30.p29.w1736",30,400,0,2,FALSE,"15",29,1736,2,1.9541201700495,2613,1.88818287037037,4
"b2.t30.p29.w1737",30,50,0,2,FALSE,"10",29,1737,3,1.5973414063597,582,1.68375,3
"b2.t30.p29.w1738",30,1,0,2,FALSE,"6",29,1738,3,0.249770066281522,35,1.68375,3
"b2.t30.p3.w124",30,1000,12,2,FALSE,"9",3,124,2,0.00987231903938843,25,1.62236111111111,3
"b2.t30.p3.w125",30,1000,1.33,2,FALSE,"10",3,125,2,1.44370449412172,3941,1.82763888888889,5
"b2.t30.p3.w126",30,50,0,2,FALSE,"none",3,126,1,1.62927626244303,634,1.62236111111111,4
"b2.t30.p3.w128",30,1000,12,2,FALSE,"2",3,128,3,-0.169126850256725,34,2.74697916666667,5
"b2.t30.p3.w129",30,25,0,2,FALSE,"10",3,129,2,1.12666766801292,236,0.968761574074074,3
"b2.t30.p3.w134",30,1000,1.33,2,FALSE,"14",3,134,2,1.56175450277534,4965,1.82763888888889,5
"b2.t30.p3.w136",30,1000,1.33,2,FALSE,"4",3,136,3,1.54166234335591,3323,1.82763888888889,5
"b2.t30.p3.w137",30,700,0,2,FALSE,"3",3,137,3,2.08083999478406,3062,1.82763888888889,5
"b2.t30.p3.w139",30,10,0,2,FALSE,"15",3,139,1,0.527893001152422,60,0.968761574074074,3
"b2.t30.p3.w142",30,1000,0,2,FALSE,"1",3,142,1,2.19894759920464,3445,1.82763888888889,5
"b2.t30.p3.w146",30,1000,12,2,FALSE,"6",3,146,3,-0.156104671180263,30,1.62236111111111,3
"b2.t30.p3.w148",30,1000,1.33,2,FALSE,"7",3,148,1,1.66569253167861,3509,1.62236111111111,4
"b2.t30.p3.w149",30,700,0,2,FALSE,"12",3,149,2,2.07175361093179,3126,1.82763888888889,5
"b2.t30.p3.w150",30,1000,12,2,FALSE,"7",3,150,2,-0.156677414950795,27,3.80873842592593,6
"b2.t30.p3.w152",30,700,0,2,FALSE,"8",3,152,3,1.94342995234807,3996,1.82763888888889,5
"b2.t30.p3.w153",30,1000,4,2,FALSE,"3",3,153,3,0.526734028376737,244,0.968761574074074,3
"b2.t30.p3.w154",30,400,0,2,FALSE,"8",3,154,2,2.15287970458806,2855,1.82763888888889,5
"b2.t30.p3.w155",30,1000,9.33,2,FALSE,"13",3,155,1,0.0603502324376891,44,1.62236111111111,3
"b2.t30.p3.w156",30,50,0,2,FALSE,"4",3,156,2,1.48878947761125,576,1.62236111111111,4
"b2.t30.p3.w159",30,700,0,2,FALSE,"10",3,159,3,1.9302920919486,3095,1.82763888888889,5
"b2.t30.p3.w162",30,1,0,2,FALSE,"7",3,162,2,-0.180068802301527,30,3.80873842592593,6
"b2.t30.p3.w164",30,0,0,2,FALSE,"none",3,164,3,-0.130409550858434,30,6.83467592592593,9
"b2.t30.p3.w167",30,1000,2.67,2,FALSE,"6",3,167,3,1.01558130931177,1922,2.74697916666667,6
"b2.t30.p3.w170",30,0,0,2,FALSE,"6",3,170,1,-0.128451840792762,39,0.968761574074074,3
"b2.t30.p3.w173",30,1000,0,2,FALSE,"9",3,173,3,2.08630884279069,4048,1.82763888888889,5
"b2.t30.p3.w176",30,1000,0,2,FALSE,"15",3,176,2,2.05861140619321,3550,1.82763888888889,5
"b2.t30.p3.w177",30,50,0,2,FALSE,"13",3,177,3,1.38680105782372,315,1.62236111111111,3
"b2.t30.p3.w179",30,1000,8,2,FALSE,"10",3,179,3,-0.0131166484315183,44,1.82763888888889,4
"b2.t30.p3.w180",30,25,0,2,FALSE,"1",3,180,1,0.910742595972503,121,0.968761574074074,3
"b2.t30.p30.w1741",30,700,0,2,FALSE,"13",30,1741,2,1.84499814188342,3604,1.89043981481481,4
"b2.t30.p30.w1742",30,1000,10.67,2,FALSE,"11",30,1742,1,-0.233490318569884,29,7.88319444444444,10
"b2.t30.p30.w1743",30,50,0,2,FALSE,"6",30,1743,3,1.59581419256593,613,1.6859837962963,3
"b2.t30.p30.w1744",30,1000,9.33,2,FALSE,"1",30,1744,2,-0.0313772908075114,23,2.8037962962963,5
"b2.t30.p30.w1745",30,1000,0,2,FALSE,"5",30,1745,2,1.77860727533532,3430,1.89043981481481,4
"b2.t30.p30.w1746",30,100,0,2,FALSE,"14",30,1746,1,2.12260944844068,1152,1.6859837962963,3
"b2.t30.p30.w1747",30,1000,1.33,2,FALSE,"9",30,1747,3,1.00292036970751,3980,1.6859837962963,3
"b2.t30.p30.w1748",30,1000,2.67,2,FALSE,"3",30,1748,2,0.751898823738425,2112,2.8037962962963,5
"b2.t30.p30.w1749",30,1000,9.33,2,FALSE,"11",30,1749,1,-0.0405897270555735,20,2.8037962962963,5
"b2.t30.p30.w1751",30,10,0,2,FALSE,"7",30,1751,3,0.408622637919017,135,1.6859837962963,3
"b2.t30.p30.w1752",30,1000,9.33,2,FALSE,"12",30,1752,2,-0.0452726088640128,21,1.6859837962963,3
"b2.t30.p30.w1753",30,5,0,2,FALSE,"2",30,1753,2,0.0840629284950437,34,1.6859837962963,3
"b2.t30.p30.w1754",30,5,0,2,FALSE,"14",30,1754,3,0.319065699896503,59,1.6859837962963,3
"b2.t30.p30.w1756",30,1,0,2,FALSE,"3",30,1756,1,-0.204238781416323,34,7.88319444444444,10
"b2.t30.p30.w1761",30,25,0,2,FALSE,"6",30,1761,1,1.31071852375304,335,1.6859837962963,3
"b2.t30.p30.w1762",30,1000,6.67,2,FALSE,"14",30,1762,1,-0.0975189120507425,29,1.6859837962963,3
"b2.t30.p30.w1763",30,100,0,2,FALSE,"1",30,1763,2,1.87008040787391,1057,1.6859837962963,3
"b2.t30.p30.w1766",30,1000,4,2,FALSE,"7",30,1766,3,0.247358696833346,125,1.6859837962963,3
"b2.t30.p30.w1767",30,1000,0,2,FALSE,"2",30,1767,2,1.74615307806209,2794,1.6859837962963,3
"b2.t30.p30.w1768",30,5,0,2,FALSE,"14",30,1768,1,0.0165378973937444,51,1.6859837962963,3
"b2.t30.p30.w1769",30,700,0,2,FALSE,"4",30,1769,2,1.71894559648107,2786,1.89043981481481,4
"b2.t30.p30.w1770",30,25,0,2,FALSE,"9",30,1770,1,1.11149671419634,301,1.6859837962963,3
"b2.t30.p30.w1771",30,1000,10.67,2,FALSE,"11",30,1771,3,-0.174939340435909,25,7.88319444444444,10
"b2.t30.p30.w1772",30,1000,8,2,FALSE,"8",30,1772,3,-0.156271657830371,23,7.88319444444444,10
"b2.t30.p30.w1774",30,1000,0,2,FALSE,"11",30,1774,2,1.92842512040379,2798,1.89043981481481,4
"b2.t30.p30.w1778",30,10,0,2,FALSE,"8",30,1778,2,0.161697196766888,69,1.03664351851852,3
"b2.t30.p30.w1779",30,50,0,2,FALSE,"6",30,1779,2,1.61940113307026,637,1.6859837962963,3
"b2.t30.p30.w1784",30,1000,8,2,FALSE,"3",30,1784,1,-0.0985490276469565,24,3.86509259259259,6
"b2.t30.p30.w1787",30,1000,4,2,FALSE,"5",30,1787,1,0.292454506673622,135,1.89043981481481,4
"b2.t30.p30.w1788",30,1000,1.33,2,FALSE,"5",30,1788,1,1.36473194182299,3004,2.8037962962963,5
"b2.t30.p30.w1791",30,1,0,2,FALSE,"9",30,1791,2,-0.125271614069601,33,4.95418981481482,7
"b2.t30.p30.w1797",30,1000,8,2,FALSE,"none",30,1797,1,-0.034626140540159,22,1.6859837962963,3
"b2.t30.p30.w1799",30,700,0,2,FALSE,"12",30,1799,3,1.76530403648202,3090,1.89043981481481,4
"b2.t30.p30.w1800",30,5,0,2,FALSE,"3",30,1800,2,0.0263869206860315,44,1.6859837962963,3
"b2.t30.p31.w1802",30,1000,12,2,FALSE,"10",31,1802,1,-0.218397290096045,23,7.88040509259259,9
"b2.t30.p31.w1803",30,1,0,2,FALSE,"1",31,1803,1,0.125446039315573,73,3.86711805555556,5
"b2.t30.p31.w1804",30,5,0,2,FALSE,"15",31,1804,3,0.380308650961665,75,1.68826388888889,3
"b2.t30.p31.w1807",30,1,0,2,FALSE,"6",31,1807,1,-0.10550089276564,35,1.68826388888889,3
"b2.t30.p31.w1809",30,1000,12,2,FALSE,"1",31,1809,3,-0.184270299484454,28,5.68994212962963,7
"b2.t30.p31.w1814",30,1000,1.33,2,FALSE,"4",31,1814,1,0.512737240893775,2997,1.68826388888889,3
"b2.t30.p31.w1819",30,700,0,2,FALSE,"14",31,1819,1,1.68553621677819,3653,1.8927662037037,4
"b2.t30.p31.w1821",30,1000,0,2,FALSE,"11",31,1821,3,1.99095982016166,2575,1.8927662037037,4
"b2.t30.p31.w1824",30,10,0,2,FALSE,"12",31,1824,3,0.438435678614513,88,1.68826388888889,3
"b2.t30.p31.w1834",30,100,0,2,FALSE,"10",31,1834,1,1.7056695109332,975,1.68826388888889,3
"b2.t30.p31.w1837",30,10,0,2,FALSE,"10",31,1837,3,0.305629122964349,67,1.68826388888889,3
"b2.t30.p31.w1839",30,10,0,2,FALSE,"9",31,1839,1,0.207338746555192,65,1.68826388888889,3
"b2.t30.p31.w1840",30,700,0,2,FALSE,"11",31,1840,2,1.85791812544208,3377,1.8927662037037,4
"b2.t30.p31.w1841",30,1000,4,2,FALSE,"15",31,1841,2,0.272021656934696,131,1.8927662037037,4
"b2.t30.p31.w1842",30,1000,12,2,FALSE,"8",31,1842,1,-0.176491534974415,23,7.88040509259259,9
"b2.t30.p31.w1843",30,1000,6.67,2,FALSE,"all",31,1843,2,0.0806570056016955,30,1.8927662037037,4
"b2.t30.p31.w1844",30,1000,9.33,2,FALSE,"14",31,1844,2,-0.157251060591423,24,7.88040509259259,9
"b2.t30.p31.w1845",30,1000,5.33,2,FALSE,"9",31,1845,3,0.294290903955292,73,1.8927662037037,4
"b2.t30.p31.w1846",30,1000,6.67,2,FALSE,"13",31,1846,3,0.0372305212910725,37,1.8927662037037,4
"b2.t30.p31.w1850",30,1000,5.33,2,FALSE,"all",31,1850,3,0.134368373074974,50,1.8927662037037,4
"b2.t30.p31.w1853",30,1000,9.33,2,FALSE,"6",31,1853,2,-0.131983551768254,22,7.88040509259259,9
"b2.t30.p31.w1854",30,1000,6.67,2,FALSE,"5",31,1854,2,-0.0415804836433782,33,1.8927662037037,4
"b2.t30.p31.w1855",30,100,0,2,FALSE,"15",31,1855,2,1.67548196838153,728,1.68826388888889,3
"b2.t30.p31.w1857",30,1000,4,2,FALSE,"11",31,1857,2,0.18262158568006,80,1.68826388888889,3
"b2.t30.p31.w1859",30,1000,1.33,2,FALSE,"9",31,1859,1,1.80580723357168,4958,1.68826388888889,3
"b2.t30.p32.w1864",30,100,0,2,FALSE,"4",32,1864,3,1.35131518177745,709,1.89501157407407,4
"b2.t30.p32.w1865",30,1000,2.67,2,FALSE,"4",32,1865,1,0.695374260271868,1800,2.80793981481481,5
"b2.t30.p32.w1868",30,1000,0,2,FALSE,"4",32,1868,3,1.50209915114815,3406,1.89501157407407,4
"b2.t30.p32.w1870",30,1000,12,2,FALSE,"4",32,1870,1,-0.113563032733081,24,5.6922337962963,8
"b2.t30.p32.w1874",30,1000,0,2,FALSE,"4",32,1874,2,1.49936557831139,3274,1.89501157407407,4
"b2.t30.p32.w1877",30,1000,5.33,2,FALSE,"14",32,1877,1,0.162531419064497,67,1.69055555555556,3
"b2.t30.p32.w1878",30,400,0,2,FALSE,"7",32,1878,3,1.67593725542968,3641,1.89501157407407,4
"b2.t30.p32.w1880",30,1000,4,2,FALSE,"8",32,1880,1,0.188604812586646,141,1.69055555555556,3
"b2.t30.p32.w1886",30,1000,2.67,2,FALSE,"3",32,1886,1,0.710068526733524,2346,2.80793981481481,5
"b2.t30.p32.w1887",30,50,0,2,FALSE,"all",32,1887,3,1.06281062663575,323,1.69055555555556,3
"b2.t30.p32.w1888",30,1000,12,2,FALSE,"14",32,1888,3,-0.184026808014692,24,1.69055555555556,3
"b2.t30.p32.w1889",30,1000,8,2,FALSE,"13",32,1889,1,0.0191107070115583,31,1.69055555555556,3
"b2.t30.p32.w1891",30,25,0,2,FALSE,"12",32,1891,2,1.09329551197902,292,1.69055555555556,3
"b2.t30.p32.w1892",30,1000,4,2,FALSE,"14",32,1892,3,0.353139107267268,263,1.69055555555556,3
"b2.t30.p32.w1897",30,100,0,2,FALSE,"5",32,1897,3,1.59465651630785,953,1.89501157407407,4
"b2.t30.p32.w1898",30,1000,6.67,2,FALSE,"5",32,1898,3,-0.0256042426482222,24,1.69055555555556,3
"b2.t30.p32.w1899",30,5,0,2,FALSE,"1",32,1899,1,-0.0833694973960056,45,1.69055555555556,3
"b2.t30.p32.w1902",30,700,0,2,FALSE,"5",32,1902,2,1.60162041578984,4120,1.89501157407407,4
"b2.t30.p32.w1905",30,1000,5.33,2,FALSE,"4",32,1905,3,0.210640832302176,58,1.89501157407407,4
"b2.t30.p32.w1907",30,1000,10.67,2,FALSE,"none",32,1907,3,-0.196070915645092,28,7.87803240740741,10
"b2.t30.p32.w1910",30,25,0,2,FALSE,"none",32,1910,3,1.08587402673735,244,1.69055555555556,3
"b2.t30.p32.w1912",30,1000,1.33,2,FALSE,"9",32,1912,2,1.00627561249171,4827,1.89501157407407,4
"b2.t30.p32.w1913",30,1000,4,2,FALSE,"13",32,1913,2,0.173077479660934,124,7.87803240740741,10
"b2.t30.p32.w1916",30,1000,2.67,2,FALSE,"all",32,1916,3,0.332636822646433,1616,1.69055555555556,3
"b2.t30.p32.w1918",30,5,0,2,FALSE,"3",32,1918,1,-0.112350214565378,43,1.69055555555556,3
"b2.t30.p32.w1919",30,100,0,2,FALSE,"13",32,1919,3,1.75053577101274,612,1.69055555555556,3
"b2.t30.p4.w181",30,0,0,2,FALSE,"12",4,181,3,-0.245649965296755,48,7.94773148148148,10
"b2.t30.p4.w182",30,1000,10.67,2,FALSE,"8",4,182,2,-0.202311124009469,27,7.94773148148148,10
"b2.t30.p4.w184",30,1000,1.33,2,FALSE,"none",4,184,3,1.6112207572664,4484,1.8299537037037,5
"b2.t30.p4.w185",30,1000,9.33,2,FALSE,"9",4,185,1,0.0147108532426595,37,1.6247337962963,3
"b2.t30.p4.w186",30,1000,8,2,FALSE,"none",4,186,2,-0.0144160137521024,45,1.6247337962963,3
"b2.t30.p4.w188",30,50,0,2,FALSE,"1",4,188,1,1.53017662111929,540,1.6247337962963,4
"b2.t30.p4.w192",30,50,0,2,FALSE,"3",4,192,1,1.43048926670667,495,1.6247337962963,4
"b2.t30.p4.w193",30,50,0,2,FALSE,"1",4,193,2,1.34551113831105,469,1.6247337962963,4
"b2.t30.p4.w195",30,1000,0,2,FALSE,"3",4,195,1,2.00937762912958,3051,1.8299537037037,5
"b2.t30.p4.w196",30,10,0,2,FALSE,"2",4,196,3,-0.172401682915224,48,0.971006944444444,3
"b2.t30.p4.w197",30,1000,8,2,FALSE,"11",4,197,3,0.118022243583386,55,1.6247337962963,3
"b2.t30.p4.w198",30,100,0,2,FALSE,"7",4,198,3,1.89039212552211,1216,1.6247337962963,4
"b2.t30.p4.w201",30,25,0,2,FALSE,"13",4,201,2,0.812821085981194,120,0.971006944444444,3
"b2.t30.p4.w204",30,700,0,2,FALSE,"7",4,204,2,1.9067405348997,3344,1.8299537037037,5
"b2.t30.p4.w206",30,0,0,2,FALSE,"4",4,206,2,-0.0660671249348121,22,1.6247337962963,3
"b2.t30.p4.w208",30,1000,10.67,2,FALSE,"1",4,208,2,-0.152195772648367,39,2.74909722222222,5
"b2.t30.p4.w209",30,1000,6.67,2,FALSE,"2",4,209,1,0.220023853242959,51,1.6247337962963,3
"b2.t30.p4.w210",30,1000,6.67,2,FALSE,"6",4,210,2,0.180358720323475,47,1.6247337962963,3
"b2.t30.p4.w212",30,1000,5.33,2,FALSE,"9",4,212,1,0.250757874846352,115,1.8299537037037,5
"b2.t30.p4.w213",30,5,0,2,FALSE,"8",4,213,1,0.50246796219519,78,0.971006944444444,3
"b2.t30.p4.w214",30,1000,4,2,FALSE,"6",4,214,2,0.497606619181096,438,1.8299537037037,5
"b2.t30.p4.w215",30,0,0,2,FALSE,"12",4,215,1,-0.222064059344068,37,7.94773148148148,10
"b2.t30.p4.w217",30,1,0,2,FALSE,"1",4,217,3,-0.253894857685422,32,7.94773148148148,10
"b2.t30.p4.w219",30,0,0,2,FALSE,"7",4,219,2,-0.046292409679978,22,1.6247337962963,3
"b2.t30.p4.w221",30,1000,12,2,FALSE,"5",4,221,1,0.0152433702150084,30,1.6247337962963,3
"b2.t30.p4.w223",30,5,0,2,FALSE,"none",4,223,2,0.241735218757062,51,0.971006944444444,3
"b2.t30.p4.w226",30,700,0,2,FALSE,"8",4,226,2,1.81735187076391,3325,1.8299537037037,5
"b2.t30.p4.w228",30,1000,6.67,2,FALSE,"14",4,228,3,0.19100917525772,45,1.6247337962963,3
"b2.t30.p4.w230",30,1000,12,2,FALSE,"1",4,230,2,-0.212808643719311,35,7.94773148148148,10
"b2.t30.p4.w233",30,1000,1.33,2,FALSE,"10",4,233,1,1.57283646178647,4788,1.8299537037037,5
"b2.t30.p4.w234",30,700,0,2,FALSE,"15",4,234,3,1.70131867477905,3351,1.8299537037037,5
"b2.t30.p4.w236",30,1000,5.33,2,FALSE,"7",4,236,2,0.286528637229539,72,1.6247337962963,4
"b2.t30.p4.w237",30,1000,4,2,FALSE,"3",4,237,2,0.297281913045706,138,1.8299537037037,5
"b2.t30.p4.w238",30,1000,8,2,FALSE,"8",4,238,2,0.0245900037409233,40,1.6247337962963,3
"b2.t30.p4.w240",30,1000,8,2,FALSE,"11",4,240,2,0.223439097838082,45,1.6247337962963,3
"b2.t30.p5.w241",30,400,0,2,FALSE,"3",5,241,3,1.91785619044134,3156,1.83225694444444,4
"b2.t30.p5.w242",30,1000,5.33,2,FALSE,"5",5,242,1,0.41072431591684,86,0.973090277777778,3
"b2.t30.p5.w243",30,1000,2.67,2,FALSE,"5",5,243,3,0.804387670309184,1353,2.75113425925926,6
"b2.t30.p5.w247",30,1000,10.67,2,FALSE,"11",5,247,2,0,27,1.62703703703704,3
"b2.t30.p5.w249",30,1000,1.33,2,FALSE,"6",5,249,1,1.73985618767288,3786,1.83225694444444,5
"b2.t30.p5.w253",30,1000,8,2,FALSE,"6",5,253,2,0.115777156997217,40,1.62703703703704,3
"b2.t30.p5.w255",30,100,0,2,FALSE,"2",5,255,1,1.90742604919403,1046,1.62703703703704,4
"b2.t30.p5.w257",30,5,0,2,FALSE,"12",5,257,1,0.258154642723321,87,0.973090277777778,3
"b2.t30.p5.w258",30,400,0,2,FALSE,"6",5,258,2,1.74860471508548,3158,1.83225694444444,5
"b2.t30.p5.w259",30,1000,8,2,FALSE,"1",5,259,1,0.204759603373493,60,1.62703703703704,3
"b2.t30.p5.w260",30,1000,2.67,2,FALSE,"all",5,260,1,0.600677963320691,658,2.75113425925926,6
"b2.t30.p5.w264",30,1000,10.67,2,FALSE,"2",5,264,2,0.0214599440464922,28,1.62703703703704,3
"b2.t30.p5.w265",30,1000,9.33,2,FALSE,"10",5,265,3,-0.0397662920312495,29,1.62703703703704,3
"b2.t30.p5.w268",30,700,0,2,FALSE,"14",5,268,3,2.06873467956976,2903,1.83225694444444,5
"b2.t30.p5.w276",30,1000,8,2,FALSE,"5",5,276,2,-0.0764284393213135,39,2.75113425925926,5
"b2.t30.p5.w278",30,50,0,2,FALSE,"12",5,278,1,1.54952588219544,628,1.62703703703704,4
"b2.t30.p5.w279",30,1000,6.67,2,FALSE,"all",5,279,3,0.236895378506044,48,1.62703703703704,3
"b2.t30.p5.w280",30,100,0,2,FALSE,"9",5,280,3,1.89350687821613,1178,1.62703703703704,4
"b2.t30.p5.w283",30,700,0,2,FALSE,"10",5,283,1,1.78595754229405,3530,1.83225694444444,5
"b2.t30.p5.w284",30,1000,2.67,2,FALSE,"11",5,284,1,0.584689994395377,527,1.83225694444444,5
"b2.t30.p5.w285",30,1,0,2,FALSE,"7",5,285,3,-0.21737275114612,36,7.94545138888889,10
"b2.t30.p5.w286",30,1000,10.67,2,FALSE,"1",5,286,1,-0.0124874041202288,27,1.62703703703704,3
"b2.t30.p5.w291",30,1000,12,2,FALSE,"12",5,291,1,-0.120570412635279,30,1.62703703703704,3
"b2.t30.p5.w297",30,1000,4,2,FALSE,"12",5,297,2,0.501325807177596,101,0.973090277777778,3
"b2.t30.p5.w298",30,25,0,2,FALSE,"7",5,298,2,0.68163682186786,250,0.973090277777778,3
"b2.t30.p5.w299",30,1000,12,2,FALSE,"none",5,299,2,-0.203144253334544,25,7.94545138888889,10
"b2.t30.p5.w300",30,1000,12,2,FALSE,"7",5,300,1,-0.1449000130348,24,7.94545138888889,10
"b2.t30.p6.w302",30,1000,0,2,FALSE,"6",6,302,2,1.87595926648308,3193,1.83449074074074,5
"b2.t30.p6.w303",30,1000,5.33,2,FALSE,"13",6,303,1,0.441454500943675,85,0.975208333333333,3
"b2.t30.p6.w307",30,5,0,2,FALSE,"4",6,307,1,-0.176266383812433,37,7.94319444444444,10
"b2.t30.p6.w310",30,10,0,2,FALSE,"11",6,310,1,0.122611054377287,57,0.975208333333333,3
"b2.t30.p6.w313",30,700,0,2,FALSE,"all",6,313,1,1.94245771671424,3808,1.83449074074074,5
"b2.t30.p6.w316",30,400,0,2,FALSE,"2",6,316,2,2.019229279601,2802,1.62967592592593,3
"b2.t30.p6.w319",30,50,0,2,FALSE,"7",6,319,3,1.32890774093559,484,1.62967592592593,3
"b2.t30.p6.w320",30,400,0,2,FALSE,"2",6,320,3,2.20592465316969,2399,1.83449074074074,5
"b2.t30.p6.w323",30,1,0,2,FALSE,"8",6,323,1,-0.143814743300882,31,7.94319444444444,10
"b2.t30.p6.w324",30,1000,4,2,FALSE,"none",6,324,3,0.460537043200887,153,0.975208333333333,3
"b2.t30.p6.w325",30,1000,2.67,2,FALSE,"8",6,325,2,0.807527488473176,1477,1.83449074074074,5
"b2.t30.p6.w329",30,0,0,2,FALSE,"8",6,329,2,-0.154813228277018,52,0.975208333333333,3
"b2.t30.p6.w330",30,1000,2.67,2,FALSE,"10",6,330,1,0.844834530974126,1268,2.75320601851852,6
"b2.t30.p6.w331",30,1000,5.33,2,FALSE,"8",6,331,1,0.275552848642005,90,1.62967592592593,3
"b2.t30.p6.w332",30,1000,2.67,2,FALSE,"6",6,332,1,0.778198077733576,1812,2.75320601851852,6
"b2.t30.p6.w333",30,1000,2.67,2,FALSE,"14",6,333,1,0.780676608801061,1673,2.75320601851852,6
"b2.t30.p6.w335",30,1000,0,2,FALSE,"7",6,335,3,1.96225220941547,3018,1.83449074074074,5
"b2.t30.p6.w340",30,1000,6.67,2,FALSE,"none",6,340,1,0.106834634278457,41,1.62967592592593,3
"b2.t30.p6.w341",30,1000,1.33,2,FALSE,"13",6,341,3,1.45568913858727,3653,2.75320601851852,6
"b2.t30.p6.w343",30,100,0,2,FALSE,"none",6,343,1,1.88406441117411,1006,1.62967592592593,4
"b2.t30.p6.w345",30,1000,5.33,2,FALSE,"none",6,345,3,0.289616404278538,82,1.62967592592593,4
"b2.t30.p6.w347",30,1000,6.67,2,FALSE,"3",6,347,1,0.152050393367549,71,1.62967592592593,3
"b2.t30.p6.w349",30,1000,10.67,2,FALSE,"3",6,349,3,0.0487598373998207,27,1.62967592592593,3
"b2.t30.p6.w350",30,10,0,2,FALSE,"7",6,350,2,0.138230537182944,70,0.975208333333333,3
"b2.t30.p6.w351",30,1000,0,2,FALSE,"3",6,351,2,2.02198242743556,3213,1.83449074074074,5
"b2.t30.p6.w352",30,50,0,2,FALSE,"2",6,352,2,1.03780796998812,290,1.62967592592593,4
"b2.t30.p6.w354",30,25,0,2,FALSE,"2",6,354,2,0.907362545605413,120,0.975208333333333,3
"b2.t30.p6.w355",30,1000,8,2,FALSE,"7",6,355,1,0.139985443969012,51,1.62967592592593,3
"b2.t30.p6.w360",30,400,0,2,FALSE,"13",6,360,3,2.06332475620783,2645,1.83449074074074,5
"b2.t30.p7.w361",30,10,0,2,FALSE,"11",7,361,4,0.31156309412128,83,0.977337962962963,3
"b2.t30.p7.w362",30,1000,9.33,2,FALSE,"11",7,362,2,0.159674131268544,34,1.63186342592593,3
"b2.t30.p7.w363",30,25,0,2,FALSE,"12",7,363,1,0.699443347790076,175,1.63186342592593,4
"b2.t30.p7.w365",30,1000,0,2,FALSE,"14",7,365,1,1.946745822662,3517,1.83675925925926,5
"b2.t30.p7.w366",30,5,0,2,FALSE,"4",7,366,2,-0.0476059402887116,78,7.94099537037037,10
"b2.t30.p7.w367",30,1000,0,2,FALSE,"10",7,367,2,1.98989966077312,3799,1.83675925925926,5
"b2.t30.p7.w368",30,1000,2.67,2,FALSE,"8",7,368,3,0.628109763791107,1825,1.83675925925926,5
"b2.t30.p7.w371",30,1000,1.33,2,FALSE,"2",7,371,2,1.33159991289601,4318,2.75527777777778,6
"b2.t30.p7.w372",30,1000,2.67,2,FALSE,"10",7,372,3,0.892243800333794,2474,1.83675925925926,5
"b2.t30.p7.w374",30,1000,1.33,2,FALSE,"8",7,374,1,1.45622115954158,7591,2.75527777777778,6
"b2.t30.p7.w378",30,0,0,2,FALSE,"10",7,378,2,0.0185923140378227,60,7.94099537037037,10
"b2.t30.p7.w379",30,50,0,2,FALSE,"all",7,379,1,1.11498644667582,346,1.83675925925926,5
"b2.t30.p7.w383",30,1000,2.67,2,FALSE,"5",7,383,2,0.80045720878561,2543,3.8171412037037,7
"b2.t30.p7.w386",30,1000,10.67,2,FALSE,"15",7,386,3,-0.0142824838969889,28,1.63186342592593,3
"b2.t30.p7.w387",30,1,0,2,FALSE,"10",7,387,3,-0.185225501473728,37,7.94099537037037,10
"b2.t30.p7.w392",30,10,0,2,FALSE,"2",7,392,1,-0.121032633782904,52,0.977337962962963,3
"b2.t30.p7.w394",30,1000,2.67,2,FALSE,"12",7,394,3,0.777082738266944,2223,1.83675925925926,5
"b2.t30.p7.w397",30,1000,4,2,FALSE,"11",7,397,1,0.397196178096589,128,0.977337962962963,3
"b2.t30.p7.w398",30,100,0,2,FALSE,"3",7,398,2,1.93818031107171,942,1.63186342592593,3
"b2.t30.p7.w399",30,1,0,2,FALSE,"2",7,399,1,-0.0851322689201174,25,7.94099537037037,10
"b2.t30.p7.w400",30,1000,10.67,2,FALSE,"10",7,400,3,-0.0852032321428777,28,1.63186342592593,3
"b2.t30.p7.w407",30,0,0,2,FALSE,"3",7,407,2,-0.137499582882074,32,7.94099537037037,10
"b2.t30.p7.w409",30,400,0,2,FALSE,"8",7,409,1,1.62435622599349,2567,1.83675925925926,5
"b2.t30.p7.w410",30,1000,12,2,FALSE,"5",7,410,3,-0.195077334276819,31,7.94099537037037,10
"b2.t30.p7.w413",30,100,0,2,FALSE,"none",7,413,3,1.91155312800703,966,1.63186342592593,4
"b2.t30.p7.w414",30,700,0,2,FALSE,"15",7,414,2,1.72595548099161,3399,1.83675925925926,5
"b2.t30.p7.w417",30,1000,2.67,2,FALSE,"none",7,417,2,0.739354363639031,2057,1.83675925925926,5
"b2.t30.p7.w418",30,0,0,2,FALSE,"5",7,418,3,-0.097393934755419,41,7.94099537037037,10
"b2.t30.p8.w421",30,1,0,2,FALSE,"12",8,421,3,0.0800912805909388,51,1.63435185185185,3
"b2.t30.p8.w423",30,700,0,2,FALSE,"11",8,423,3,1.68256426206695,3682,1.83905092592593,5
"b2.t30.p8.w425",30,1000,9.33,2,FALSE,"2",8,425,3,-0.138029781440101,18,1.63435185185185,3
"b2.t30.p8.w426",30,1000,12,2,FALSE,"7",8,426,3,0.0158506701305217,29,1.63435185185185,3
"b2.t30.p8.w428",30,1000,10.67,2,FALSE,"9",8,428,1,-0.0395542139444796,29,1.63435185185185,3
"b2.t30.p8.w430",30,1,0,2,FALSE,"2",8,430,3,-0.0871908503300288,29,1.63435185185185,3
"b2.t30.p8.w431",30,400,0,2,FALSE,"none",8,431,3,1.48108255823808,3185,2.75737268518519,6
"b2.t30.p8.w432",30,5,0,2,FALSE,"4",8,432,3,-0.285837987531592,50,7.93883101851852,10
"b2.t30.p8.w435",30,1000,4,2,FALSE,"6",8,435,1,0.448244642587633,293,1.83905092592593,5
"b2.t30.p8.w436",30,1000,0,2,FALSE,"7",8,436,2,1.85828602634146,2814,1.83905092592593,5
"b2.t30.p8.w437",30,1,0,2,FALSE,"3",8,437,3,-0.192000421515581,38,7.93883101851852,10
"b2.t30.p8.w438",30,100,0,2,FALSE,"13",8,438,2,1.51923623519559,548,1.63435185185185,4
"b2.t30.p8.w439",30,1000,9.33,2,FALSE,"12",8,439,1,0.0096838541910704,35,1.63435185185185,3
"b2.t30.p8.w440",30,0,0,2,FALSE,"2",8,440,3,-0.0940299107630981,27,7.93883101851852,10
"b2.t30.p8.w443",30,5,0,2,FALSE,"14",8,443,2,0.572722206900918,85,0.979467592592593,3
"b2.t30.p8.w446",30,10,0,2,FALSE,"3",8,446,2,0.124816589210783,69,0.979467592592593,3
"b2.t30.p8.w447",30,10,0,2,FALSE,"none",8,447,2,0.69962448683835,92,0.979467592592593,3
"b2.t30.p8.w448",30,1000,4,2,FALSE,"4",8,448,2,0.389012988593468,180,1.63435185185185,3
"b2.t30.p8.w449",30,0,0,2,FALSE,"6",8,449,2,-0.141294329620209,41,7.93883101851852,10
"b2.t30.p8.w455",30,1000,4,2,FALSE,"6",8,455,3,0.356809437346975,418,1.63435185185185,3
"b2.t30.p8.w461",30,400,0,2,FALSE,"11",8,461,3,1.62531934110364,2825,1.83905092592593,5
"b2.t30.p8.w462",30,1000,10.67,2,FALSE,"2",8,462,1,0.0476952184865016,41,1.63435185185185,3
"b2.t30.p8.w463",30,1000,1.33,2,FALSE,"2",8,463,1,1.36444913604412,4103,2.75737268518519,6
"b2.t30.p8.w464",30,1000,10.67,2,FALSE,"12",8,464,1,-0.0506211090838706,24,1.63435185185185,3
"b2.t30.p8.w466",30,1000,0,2,FALSE,"9",8,466,2,1.85723736353417,2810,1.83905092592593,5
"b2.t30.p8.w468",30,1000,12,2,FALSE,"5",8,468,2,-0.159072089080311,24,7.93883101851852,10
"b2.t30.p8.w472",30,0,0,2,FALSE,"10",8,472,3,-0.127463465169503,36,7.93883101851852,10
"b2.t30.p8.w473",30,25,0,2,FALSE,"4",8,473,1,0.779995486844661,134,0.979467592592593,3
"b2.t30.p8.w476",30,1000,4,2,FALSE,"10",8,476,3,0.257166843092697,202,1.63435185185185,3
"b2.t30.p8.w477",30,5,0,2,FALSE,"3",8,477,3,0.418686155410681,73,1.63435185185185,3
"b2.t30.p8.w480",30,700,0,2,FALSE,"5",8,480,3,1.61249238057695,3186,1.83905092592593,5
"b2.t30.p9.w481",30,1,0,2,FALSE,"12",9,481,2,-0.0708527974290517,48,0.981701388888889,3
"b2.t30.p9.w484",30,1000,1.33,2,FALSE,"7",9,484,3,1.55370355622583,3333,1.84128472222222,5
"b2.t30.p9.w485",30,5,0,2,FALSE,"8",9,485,3,0.44022276603591,73,0.981701388888889,3
"b2.t30.p9.w488",30,1000,9.33,2,FALSE,"7",9,488,1,0.0533310345585962,33,1.63748842592593,3
"b2.t30.p9.w489",30,400,0,2,FALSE,"15",9,489,1,1.87769475007213,3114,1.84128472222222,5
"b2.t30.p9.w491",30,1,0,2,FALSE,"4",9,491,2,-0.190973508084133,37,0.981701388888889,3
"b2.t30.p9.w492",30,1000,0,2,FALSE,"12",9,492,2,2.04185714629005,3016,1.84128472222222,5
"b2.t30.p9.w494",30,1000,12,2,FALSE,"12",9,494,2,-0.115739822207693,28,1.84128472222222,4
"b2.t30.p9.w495",30,1000,6.67,2,FALSE,"8",9,495,2,0.328981923171353,64,1.63748842592593,3
"b2.t30.p9.w496",30,0,0,2,FALSE,"4",9,496,1,-0.215247531378948,28,7.93664351851852,10
"b2.t30.p9.w497",30,1000,8,2,FALSE,"15",9,497,3,0.0891331898786226,39,1.84128472222222,4
"b2.t30.p9.w500",30,1,0,2,FALSE,"9",9,500,1,-0.218970944159216,38,7.93664351851852,10
"b2.t30.p9.w504",30,50,0,2,FALSE,"6",9,504,1,1.64094113074038,674,1.63748842592593,4
"b2.t30.p9.w506",30,1000,5.33,2,FALSE,"12",9,506,2,0.236576045993584,82,1.84128472222222,5
"b2.t30.p9.w507",30,100,0,2,FALSE,"12",9,507,1,2.16602824541311,1210,1.63748842592593,4
"b2.t30.p9.w509",30,5,0,2,FALSE,"13",9,509,2,-0.0695939529569859,56,0.981701388888889,3
"b2.t30.p9.w510",30,1000,2.67,2,FALSE,"9",9,510,2,0.861412948505618,1851,1.84128472222222,5
"b2.t30.p9.w511",30,1000,2.67,2,FALSE,"2",9,511,2,0.675424292830193,1741,1.84128472222222,4
"b2.t30.p9.w512",30,1000,9.33,2,FALSE,"2",9,512,1,0.0940498395600929,36,1.63748842592593,3
"b2.t30.p9.w513",30,1000,9.33,2,FALSE,"4",9,513,2,0.00810949662205612,31,1.63748842592593,3
"b2.t30.p9.w518",30,100,0,2,FALSE,"all",9,518,2,1.65373297757672,726,1.63748842592593,4
"b2.t30.p9.w520",30,100,0,2,FALSE,"14",9,520,2,2.048148509123,1301,1.63748842592593,4
"b2.t30.p9.w521",30,1,0,2,FALSE,"15",9,521,2,-0.137426270926321,57,0.981701388888889,3
"b2.t30.p9.w522",30,1000,8,2,FALSE,"2",9,522,3,0.118593478043317,59,1.84128472222222,5
"b2.t30.p9.w524",30,1,0,2,FALSE,"5",9,524,3,8.61399706755694e-05,50,0.981701388888889,3
"b2.t30.p9.w525",30,5,0,2,FALSE,"1",9,525,3,0.0713204969835586,60,0.981701388888889,3
"b2.t30.p9.w527",30,1000,2.67,2,FALSE,"8",9,527,1,0.834076375750969,1629,2.75946759259259,6
"b2.t30.p9.w528",30,100,0,2,FALSE,"8",9,528,3,2.00433337123716,1239,1.63748842592593,4
"b2.t30.p9.w530",30,1000,1.33,2,FALSE,"14",9,530,1,1.43094680887499,3490,1.84128472222222,5
"b2.t30.p9.w532",30,1000,1.33,2,FALSE,"8",9,532,2,1.50630141431684,4236,1.84128472222222,5
"b2.t30.p9.w534",30,100,0,2,FALSE,"11",9,534,2,1.46786285743962,625,1.84128472222222,5
"b2.t30.p9.w536",30,1000,1.33,2,FALSE,"12",9,536,2,1.38520795206139,3615,1.84128472222222,5
"b2.t30.p9.w538",30,25,0,2,FALSE,"6",9,538,3,1.08092739935699,222,0.981701388888889,3
"b2.t33.p1.w12",33,1000,0,2,FALSE,"7",1,12,3,2.1690518765084,3698,1.84572916666667,4
"b2.t33.p1.w13",33,1000,0,2,FALSE,"none",1,13,3,2.13374931718217,3369,1.16849537037037,3
"b2.t33.p1.w15",33,1000,0,2,FALSE,"15",1,15,1,2.31036848276969,4858,1.16849537037037,3
"b2.t33.p1.w19",33,1000,0,2,FALSE,"none",1,19,1,2.186929495165,2652,1.84572916666667,4
"b2.t33.p1.w25",33,1000,0,2,FALSE,"9",1,25,1,2.19445188674597,3150,1.16849537037037,3
"b2.t33.p1.w30",33,1000,0,2,FALSE,"10",1,30,3,2.18581109695634,2513,1.84572916666667,4
"b2.t33.p1.w32",33,1000,0,2,FALSE,"7",1,32,1,2.09742712019643,3318,1.84572916666667,4
"b2.t33.p1.w33",33,1000,0,2,FALSE,"11",1,33,2,1.95078226073486,2917,1.16849537037037,3
"b2.t33.p1.w34",33,1000,0,2,FALSE,"2",1,34,1,2.18310943468917,3402,1.16849537037037,3
"b2.t33.p1.w36",33,1000,0,2,FALSE,"7",1,36,2,2.03371953416259,3218,1.16849537037037,3
"b2.t33.p1.w39",33,1000,0,2,FALSE,"5",1,39,3,2.10956699247266,2907,1.16849537037037,3
"b2.t33.p1.w4",33,1000,0,2,FALSE,"9",1,4,2,1.97120383423441,3405,1.16849537037037,3
"b2.t33.p1.w42",33,1000,0,2,FALSE,"14",1,42,1,2.1998685388994,2937,1.84572916666667,4
"b2.t33.p1.w5",33,1000,0,2,FALSE,"5",1,5,1,1.96423080111503,3825,1.16849537037037,3
"b2.t33.p1.w51",33,1000,0,2,FALSE,"13",1,51,2,2.34356628897346,3571,1.84572916666667,4
"b2.t33.p1.w54",33,1000,0,2,FALSE,"none",1,54,2,2.15766192427958,2799,1.84572916666667,4
"b2.t33.p1.w55",33,1000,0,2,FALSE,"11",1,55,1,2.05158697815036,3066,1.84572916666667,4
"b2.t33.p1.w56",33,1000,0,2,FALSE,"2",1,56,2,1.97797374994319,3443,1.16849537037037,3
"b2.t33.p1.w57",33,1000,0,2,FALSE,"all",1,57,3,2.1719984432042,2812,1.16849537037037,3
"b2.t33.p1.w6",33,1000,0,2,FALSE,"8",1,6,1,2.01722069985532,3413,1.16849537037037,3
"b2.t33.p1.w60",33,1000,0,2,FALSE,"3",1,60,1,2.23174713436349,2278,1.84572916666667,4
"b2.t33.p1.w7",33,1000,0,2,FALSE,"5",1,7,2,2.08584992001365,3388,1.16849537037037,3
"b2.t33.p1.w8",33,1000,0,2,FALSE,"13",1,8,1,2.17714705195003,2681,1.16849537037037,3
"b2.t33.p1.w9",33,1000,0,2,FALSE,"8",1,9,3,2.00472790105878,2803,1.16849537037037,3
"b2.t33.p2.w101",33,1000,0,2,FALSE,"12",2,101,1,2.29318588456072,3570,1.8484837962963,4
"b2.t33.p2.w102",33,1000,0,2,FALSE,"14",2,102,2,2.21951451868209,3913,1.8484837962963,4
"b2.t33.p2.w103",33,1000,0,2,FALSE,"4",2,103,3,2.02597353269856,3476,1.17103009259259,3
"b2.t33.p2.w104",33,1000,0,2,FALSE,"13",2,104,3,1.94595077427279,2663,1.17103009259259,3
"b2.t33.p2.w105",33,1000,0,2,FALSE,"11",2,105,3,2.38020193152326,3767,1.8484837962963,4
"b2.t33.p2.w109",33,1000,0,2,FALSE,"4",2,109,1,2.08192351523414,3078,1.8484837962963,4
"b2.t33.p2.w111",33,1000,0,2,FALSE,"1",2,111,2,1.85836870670425,3108,1.17103009259259,3
"b2.t33.p2.w112",33,1000,0,2,FALSE,"15",2,112,3,2.26274784474897,3258,1.17103009259259,3
"b2.t33.p2.w113",33,1000,0,2,FALSE,"10",2,113,1,2.0237889357331,2493,1.17103009259259,3
"b2.t33.p2.w114",33,1000,0,2,FALSE,"12",2,114,2,1.98175741041923,2900,1.17103009259259,3
"b2.t33.p2.w120",33,1000,0,2,FALSE,"6",2,120,3,2.26235930499087,2696,1.8484837962963,4
"b2.t33.p2.w61",33,1000,0,2,FALSE,"15",2,61,2,2.110507572795,2455,1.8484837962963,4
"b2.t33.p2.w62",33,1000,0,2,FALSE,"14",2,62,3,1.99323912367013,2948,1.17103009259259,3
"b2.t33.p2.w64",33,1000,0,2,FALSE,"6",2,64,1,1.97404896848612,2562,1.17103009259259,3
"b2.t33.p2.w67",33,1000,0,2,FALSE,"6",2,67,2,2.34616638484209,2704,1.17103009259259,3
"b2.t33.p2.w69",33,1000,0,2,FALSE,"all",2,69,2,2.23089409388166,2144,1.17103009259259,3
"b2.t33.p2.w71",33,1000,0,2,FALSE,"1",2,71,3,2.15166520135084,3256,1.8484837962963,4
"b2.t33.p2.w73",33,1000,0,2,FALSE,"9",2,73,3,2.0865387043523,2834,1.8484837962963,4
"b2.t33.p2.w78",33,1000,0,2,FALSE,"4",2,78,2,2.09533565886202,3052,1.17103009259259,3
"b2.t33.p2.w80",33,1000,0,2,FALSE,"12",2,80,3,1.96568421855405,2501,1.17103009259259,3
"b2.t33.p2.w81",33,1000,0,2,FALSE,"1",2,81,1,2.03215726153213,3313,1.8484837962963,4
"b2.t33.p2.w82",33,1000,0,2,FALSE,"2",2,82,3,2.09210623879966,3489,1.8484837962963,4
"b2.t33.p2.w83",33,1000,0,2,FALSE,"8",2,83,2,2.17718032192284,3385,1.8484837962963,4
"b2.t33.p2.w84",33,1000,0,2,FALSE,"all",2,84,1,2.25034435860978,3589,1.8484837962963,4
"b2.t33.p2.w85",33,1000,0,2,FALSE,"10",2,85,2,2.1464495185944,2614,1.8484837962963,4
"b2.t33.p2.w86",33,1000,0,2,FALSE,"3",2,86,2,1.80844783090305,3073,1.17103009259259,3
"b2.t33.p2.w87",33,1000,0,2,FALSE,"3",2,87,3,2.18807236791294,2999,1.8484837962963,4
"b2.t35.p1.w1",35,1000,0,2,FALSE,"11",1,1,2,2.00970564357852,2932,1.18751157407407,4
"b2.t35.p1.w10",35,1000,0,2,FALSE,"1",1,10,1,2.41029948260139,3672,1.18751157407407,3
"b2.t35.p1.w13",35,1000,0,2,FALSE,"none",1,13,1,2.32445890416988,4065,1.18751157407407,3
"b2.t35.p1.w14",35,1000,0,2,FALSE,"10",1,14,2,2.40552010320422,3540,1.18751157407407,3
"b2.t35.p1.w16",35,1000,0,2,FALSE,"none",1,16,2,2.18725178329257,3679,1.18751157407407,3
"b2.t35.p1.w17",35,1000,0,2,FALSE,"6",1,17,1,2.50645814500753,3845,1.18751157407407,3
"b2.t35.p1.w18",35,1000,0,2,FALSE,"15",1,18,2,2.54723434109529,4999,1.18751157407407,3
"b2.t35.p1.w2",35,1000,0,2,FALSE,"4",1,2,2,2.31790822255817,3681,1.18751157407407,3
"b2.t35.p1.w21",35,1000,0,2,FALSE,"5",1,21,3,1.89170878110903,3323,1.18751157407407,3
"b2.t35.p1.w22",35,1000,0,2,FALSE,"9",1,22,2,1.9958184770796,3119,1.18751157407407,3
"b2.t35.p1.w23",35,1000,0,2,FALSE,"11",1,23,3,2.29649479890394,3083,1.18751157407407,3
"b2.t35.p1.w26",35,1000,0,2,FALSE,"7",1,26,2,2.07920770087532,4195,1.18751157407407,3
"b2.t35.p1.w31",35,1000,0,2,FALSE,"none",1,31,3,1.8978886911215,3239,1.18751157407407,3
"b2.t35.p1.w32",35,1000,0,2,FALSE,"13",1,32,3,2.14478976344972,3229,1.18751157407407,3
"b2.t35.p1.w33",35,1000,0,2,FALSE,"1",1,33,3,2.3444282779661,3355,1.18751157407407,3
"b2.t35.p1.w34",35,1000,0,2,FALSE,"all",1,34,1,2.4066621098219,3181,1.18751157407407,3
"b2.t35.p1.w35",35,1000,0,2,FALSE,"14",1,35,1,2.27503525530175,3897,1.18751157407407,3
"b2.t35.p1.w4",35,1000,0,2,FALSE,"9",1,4,3,2.18508975865376,3491,1.18751157407407,3
"b2.t35.p1.w40",35,1000,0,2,FALSE,"4",1,40,1,2.24041829047943,3847,1.18751157407407,3
"b2.t35.p1.w42",35,1000,0,2,FALSE,"4",1,42,3,2.0467896455274,3243,1.18751157407407,3
"b2.t35.p1.w5",35,1000,0,2,FALSE,"all",1,5,2,2.31754051503926,3312,1.18751157407407,3
"b2.t35.p1.w55",35,1000,0,2,FALSE,"9",1,55,1,1.97295707481048,4291,1.18751157407407,3
"b2.t35.p1.w6",35,1000,0,2,FALSE,"10",1,6,1,2.44223790785509,3672,1.18751157407407,3
"b2.t35.p1.w60",35,1000,0,2,FALSE,"11",1,60,1,2.35956778089123,3524,1.18751157407407,3
"b2.t35.p1.w9",35,1000,0,2,FALSE,"13",1,9,2,2.51130369431138,3529,1.18751157407407,3
"b2.t35.p2.w100",35,1000,0,2,FALSE,"13",2,100,1,2.35520450996278,3305,1.19003472222222,3
"b2.t35.p2.w104",35,1000,0,2,FALSE,"2",2,104,1,2.28022313354432,3321,1.19003472222222,3
"b2.t35.p2.w105",35,1000,0,2,FALSE,"12",2,105,2,2.05907584353094,3895,1.19003472222222,3
"b2.t35.p2.w106",35,1000,0,2,FALSE,"12",2,106,1,2.26471093917038,3827,1.19003472222222,3
"b2.t35.p2.w108",35,1000,0,2,FALSE,"2",2,108,2,2.40383723573099,3834,1.19003472222222,3
"b2.t35.p2.w109",35,1000,0,2,FALSE,"6",2,109,2,2.14642982899459,3982,1.19003472222222,3
"b2.t35.p2.w111",35,1000,0,2,FALSE,"8",2,111,2,2.12976253563425,3477,1.19003472222222,3
"b2.t35.p2.w114",35,1000,0,2,FALSE,"10",2,114,3,2.23578800092532,3867,1.19003472222222,3
"b2.t35.p2.w115",35,1000,0,2,FALSE,"8",2,115,1,2.49825815697735,3624,1.19003472222222,3
"b2.t35.p2.w117",35,1000,0,2,FALSE,"14",2,117,2,2.59749599090373,3715,1.19003472222222,3
"b2.t35.p2.w118",35,1000,0,2,FALSE,"5",2,118,1,2.47704768287822,3327,1.19003472222222,3
"b2.t35.p2.w120",35,1000,0,2,FALSE,"7",2,120,1,2.54733803179984,3412,1.19003472222222,3
"b2.t35.p2.w61",35,1000,0,2,FALSE,"12",2,61,3,1.95529009640338,2681,1.19003472222222,3
"b2.t35.p2.w62",35,1000,0,2,FALSE,"5",2,62,2,2.08241033278057,3370,1.19003472222222,3
"b2.t35.p2.w63",35,1000,0,2,FALSE,"8",2,63,3,2.18276045779934,4775,1.19003472222222,3
"b2.t35.p2.w64",35,1000,0,2,FALSE,"15",2,64,1,2.41017119056006,3184,1.19003472222222,3
"b2.t35.p2.w70",35,1000,0,2,FALSE,"14",2,70,3,2.36230171196696,2062,1.19003472222222,3
"b2.t35.p2.w72",35,1000,0,2,FALSE,"3",2,72,2,2.17833311691017,3487,1.86782407407407,4
"b2.t35.p2.w78",35,1000,0,2,FALSE,"1",2,78,2,2.05477369084034,2258,1.19003472222222,3
"b2.t35.p2.w79",35,1000,0,2,FALSE,"all",2,79,3,1.86634734702357,2187,1.19003472222222,3
"b2.t35.p2.w80",35,1000,0,2,FALSE,"7",2,80,3,2.24373916611876,2991,1.19003472222222,3
"b2.t35.p2.w83",35,1000,0,2,FALSE,"3",2,83,1,1.99520431754566,3778,1.19003472222222,3
"b2.t35.p2.w85",35,1000,0,2,FALSE,"6",2,85,3,2.25517121355097,3331,1.19003472222222,3
"b2.t35.p2.w89",35,1000,0,2,FALSE,"15",2,89,3,2.14721067468327,3241,1.19003472222222,3
"b2.t35.p2.w96",35,1000,0,2,FALSE,"2",2,96,3,2.09979786355336,3258,1.19003472222222,3
"b2.t35.p2.w99",35,1000,0,2,FALSE,"3",2,99,3,2.12574230495199,3317,1.19003472222222,3
"b2.t39.p1.w12",39,1000,0,2,FALSE,"3",1,12,2,1.16052771579073,318,1.2215625,3
"b2.t39.p1.w13",39,1000,0,2,FALSE,"8",1,13,3,0.972360528147487,381,1.2215625,3
"b2.t39.p1.w15",39,1000,0,2,FALSE,"15",1,15,1,1.06438135583845,414,1.2215625,3
"b2.t39.p1.w17",39,1000,0,2,FALSE,"9",1,17,2,0.994972250491106,461,1.2215625,3
"b2.t39.p1.w19",39,1000,0,2,FALSE,"2",1,19,2,1.11637168108597,777,1.2215625,3
"b2.t39.p1.w22",39,1000,0,2,FALSE,"8",1,22,1,1.04946640248491,383,1.2215625,3
"b2.t39.p1.w26",39,1000,0,2,FALSE,"1",1,26,2,1.17794900227231,550,1.2215625,3
"b2.t39.p1.w29",39,1000,0,2,FALSE,"5",1,29,2,1.2316517336565,307,1.2215625,3
"b2.t39.p1.w32",39,1000,0,2,FALSE,"9",1,32,3,1.04094021842865,286,1.2215625,3
"b2.t39.p1.w33",39,1000,0,2,FALSE,"12",1,33,2,1.03088960736683,364,1.2215625,3
"b2.t39.p1.w38",39,1000,0,2,FALSE,"3",1,38,1,1.10508619523815,350,1.2215625,3
"b2.t39.p1.w39",39,1000,0,2,FALSE,"6",1,39,1,1.14207747784834,656,1.2215625,3
"b2.t39.p1.w4",39,1000,0,2,FALSE,"3",1,4,3,0.993119340294617,309,1.2215625,3
"b2.t39.p1.w40",39,1000,0,2,FALSE,"15",1,40,3,1.20174353523565,517,1.2215625,3
"b2.t39.p1.w41",39,1000,0,2,FALSE,"11",1,41,1,0.814979192222261,393,1.2215625,3
"b2.t39.p1.w42",39,1000,0,2,FALSE,"7",1,42,3,0.994097616883452,397,1.2215625,3
"b2.t39.p1.w43",39,1000,0,2,FALSE,"8",1,43,2,1.37702076808626,436,1.2215625,3
"b2.t39.p1.w44",39,1000,0,2,FALSE,"4",1,44,2,1.27701857957662,551,1.2215625,3
"b2.t39.p1.w48",39,1000,0,2,FALSE,"10",1,48,1,1.02889755745889,430,1.2215625,3
"b2.t39.p1.w51",39,1000,0,2,FALSE,"12",1,51,1,0.802047826079327,340,1.2215625,3
"b2.t39.p1.w53",39,1000,0,2,FALSE,"all",1,53,2,1.11143164757155,817,1.2215625,3
"b2.t39.p1.w54",39,1000,0,2,FALSE,"none",1,54,3,1.13956868099331,379,1.2215625,3
"b2.t39.p1.w56",39,1000,0,2,FALSE,"none",1,56,2,0.906539434214066,622,1.2215625,3
"b2.t39.p1.w6",39,1000,0,2,FALSE,"11",1,6,3,1.08898329236936,380,1.2215625,3
"b2.t39.p1.w60",39,1000,0,2,FALSE,"6",1,60,3,1.13014041792732,1035,1.2215625,3
"b2.t39.p1.w7",39,1000,0,2,FALSE,"2",1,7,3,1.40305086042885,945,1.2215625,3
"b2.t39.p2.w104",39,1000,0,2,FALSE,"5",2,104,1,0.94647887048586,271,1.22408564814815,3
"b2.t39.p2.w107",39,1000,0,2,FALSE,"14",2,107,1,0.943023278409463,484,1.22408564814815,3
"b2.t39.p2.w110",39,1000,0,2,FALSE,"all",2,110,3,1.0211154397796,599,1.22408564814815,3
"b2.t39.p2.w111",39,1000,0,2,FALSE,"13",2,111,2,0.434403735627713,123,1.22408564814815,3
"b2.t39.p2.w113",39,1000,0,2,FALSE,"4",2,113,3,1.09105936950605,229,1.22408564814815,3
"b2.t39.p2.w115",39,1000,0,2,FALSE,"9",2,115,1,1.1619157821401,671,1.22408564814815,3
"b2.t39.p2.w118",39,1000,0,2,FALSE,"15",2,118,2,1.08138559260157,986,1.22408564814815,3
"b2.t39.p2.w62",39,1000,0,2,FALSE,"all",2,62,1,1.02445105304061,437,1.22408564814815,3
"b2.t39.p2.w63",39,1000,0,2,FALSE,"6",2,63,2,1.23205438604065,580,1.22408564814815,3
"b2.t39.p2.w65",39,1000,0,2,FALSE,"1",2,65,1,1.22593793221374,955,1.22408564814815,3
"b2.t39.p2.w68",39,1000,0,2,FALSE,"13",2,68,1,0.892747984734754,620,1.22408564814815,3
"b2.t39.p2.w72",39,1000,0,2,FALSE,"14",2,72,2,1.05960505505312,432,1.22408564814815,3
"b2.t39.p2.w75",39,1000,0,2,FALSE,"2",2,75,1,1.26413442670998,1013,1.22408564814815,3
"b2.t39.p2.w77",39,1000,0,2,FALSE,"1",2,77,3,1.17528561308955,1095,1.22408564814815,3
"b2.t39.p2.w80",39,1000,0,2,FALSE,"13",2,80,3,1.20591221685561,899,1.22408564814815,3
"b2.t39.p2.w81",39,1000,0,2,FALSE,"11",2,81,2,0.960633047627618,376,1.22408564814815,3
"b2.t39.p2.w82",39,1000,0,2,FALSE,"7",2,82,2,0.971304771865362,246,1.22408564814815,3
"b2.t39.p2.w88",39,1000,0,2,FALSE,"10",2,88,3,0.770979467380493,372,1.22408564814815,3
"b2.t39.p2.w89",39,1000,0,2,FALSE,"10",2,89,2,1.1554416621754,401,1.22408564814815,3
"b2.t39.p2.w90",39,1000,0,2,FALSE,"12",2,90,3,0.936169143332115,655,1.22408564814815,3
"b2.t39.p2.w92",39,1000,0,2,FALSE,"none",2,92,1,0.930711096420068,196,1.22408564814815,3
"b2.t39.p2.w94",39,1000,0,2,FALSE,"5",2,94,3,1.13994814082171,302,1.22408564814815,3
"b2.t39.p2.w96",39,1000,0,2,FALSE,"7",2,96,1,1.10847221045378,347,1.22408564814815,3
"b2.t39.p2.w97",39,1000,0,2,FALSE,"14",2,97,3,1.30300451732508,503,1.22408564814815,3
"b2.t39.p2.w99",39,1000,0,2,FALSE,"4",2,99,1,1.13849941105686,323,1.22408564814815,3
"b2.t43.p1.w11",43,1000,0,2,FALSE,"4",1,11,3,-0.178408976493321,22,8.15878472222222,11
"b2.t43.p1.w17",43,1000,0,2,FALSE,"15",1,17,3,-0.270565701969074,28,8.15878472222222,11
"b2.t43.p1.w2",43,1000,0,2,FALSE,"all",1,2,1,-0.189846691085623,27,1.25452546296296,3
"b2.t43.p1.w20",43,1000,0,2,FALSE,"13",1,20,2,-0.266116744830844,28,8.15878472222222,11
"b2.t43.p1.w26",43,1000,0,2,FALSE,"6",1,26,3,-0.227310209418916,22,8.15878472222222,11
"b2.t43.p1.w29",43,1000,0,2,FALSE,"1",1,29,3,-0.22758139967818,21,8.15878472222222,11
"b2.t43.p1.w30",43,1000,0,2,FALSE,"12",1,30,3,-0.234489415770037,25,8.15878472222222,11
"b2.t43.p1.w32",43,1000,0,2,FALSE,"10",1,32,3,-0.272193552946645,27,8.15878472222222,11
"b2.t43.p1.w33",43,1000,0,2,FALSE,"9",1,33,1,-0.179295818586799,20,1.25452546296296,3
"b2.t43.p1.w37",43,1000,0,2,FALSE,"11",1,37,2,-0.185689805416787,20,8.15878472222222,11
"b2.t43.p1.w39",43,1000,0,2,FALSE,"8",1,39,2,-0.349642136079302,31,8.15878472222222,11
"b2.t43.p1.w41",43,1000,0,2,FALSE,"12",1,41,2,-0.153563877643211,19,8.15878472222222,11
"b2.t43.p1.w43",43,1000,0,2,FALSE,"none",1,43,2,-0.228947720457225,27,8.15878472222222,11
"b2.t43.p1.w45",43,1000,0,2,FALSE,"13",1,45,1,-0.233623886832012,25,8.15878472222222,11
"b2.t43.p1.w46",43,1000,0,2,FALSE,"7",1,46,2,-0.209714953919479,23,7.14774305555556,10
"b2.t43.p1.w48",43,1000,0,2,FALSE,"15",1,48,1,-0.347422896645851,32,8.15878472222222,11
"b2.t43.p1.w49",43,1000,0,2,FALSE,"14",1,49,1,-0.279602023846692,28,8.15878472222222,11
"b2.t43.p1.w51",43,1000,0,2,FALSE,"10",1,51,2,-0.245186052772353,26,8.15878472222222,11
"b2.t43.p1.w52",43,1000,0,2,FALSE,"13",1,52,3,-0.24919617336808,25,8.15878472222222,11
"b2.t43.p1.w54",43,1000,0,2,FALSE,"2",1,54,2,-0.140369782733565,26,1.25452546296296,3
"b2.t43.p1.w57",43,1000,0,2,FALSE,"1",1,57,1,-0.269728138693087,26,8.15878472222222,11
"b2.t43.p1.w6",43,1000,0,2,FALSE,"12",1,6,1,-0.18834851972053,23,8.15878472222222,11
"b2.t43.p1.w9",43,1000,0,2,FALSE,"2",1,9,3,-0.306586565025806,21,1.25452546296296,3
"b2.t43.p2.w101",43,1000,0,2,FALSE,"4",2,101,2,-0.293160394970644,20,1.25777777777778,3
"b2.t43.p2.w102",43,1000,0,2,FALSE,"3",2,102,2,-0.254749004237062,24,8.16116898148148,11
"b2.t43.p2.w104",43,1000,0,2,FALSE,"9",2,104,3,-0.348242444765521,19,1.25777777777778,3
"b2.t43.p2.w107",43,1000,0,2,FALSE,"1",2,107,2,-0.2100530106986,24,7.14994212962963,10
"b2.t43.p2.w109",43,1000,0,2,FALSE,"5",2,109,1,-0.298739550472325,24,5.90501157407407,9
"b2.t43.p2.w111",43,1000,0,2,FALSE,"6",2,111,2,-0.199745767614044,23,8.16116898148148,11
"b2.t43.p2.w113",43,1000,0,2,FALSE,"11",2,113,3,-0.164879307642812,23,8.16116898148148,11
"b2.t43.p2.w114",43,1000,0,2,FALSE,"7",2,114,3,-0.22187971357272,27,8.16116898148148,11
"b2.t43.p2.w116",43,1000,0,2,FALSE,"8",2,116,1,-0.330339367443622,33,8.16116898148148,11
"b2.t43.p2.w117",43,1000,0,2,FALSE,"8",2,117,3,-0.179745091113733,21,1.25777777777778,3
"b2.t43.p2.w119",43,1000,0,2,FALSE,"14",2,119,2,-0.198523177808255,24,8.16116898148148,11
"b2.t43.p2.w120",43,1000,0,2,FALSE,"none",2,120,1,-0.166002484818848,22,8.16116898148148,11
"b2.t43.p2.w61",43,1000,0,2,FALSE,"3",2,61,1,-0.308290834512211,30,8.16116898148148,11
"b2.t43.p2.w64",43,1000,0,2,FALSE,"3",2,64,3,-0.277240287744644,22,8.16116898148148,11
"b2.t43.p2.w66",43,1000,0,2,FALSE,"11",2,66,1,-0.279936485377481,26,8.16116898148148,11
"b2.t43.p2.w68",43,1000,0,2,FALSE,"15",2,68,2,-0.265375937234108,27,8.16116898148148,11
"b2.t43.p2.w69",43,1000,0,2,FALSE,"2",2,69,1,-0.225557707498101,24,7.14994212962963,10
"b2.t43.p2.w73",43,1000,0,2,FALSE,"none",2,73,3,-0.262255743944789,23,8.16116898148148,11
"b2.t43.p2.w78",43,1000,0,2,FALSE,"14",2,78,3,-0.17386173959682,19,7.14994212962963,10
"b2.t43.p2.w80",43,1000,0,2,FALSE,"all",2,80,2,-0.208816902024038,24,1.25777777777778,3
"b2.t43.p2.w81",43,1000,0,2,FALSE,"6",2,81,1,-0.191536408335646,23,8.16116898148148,11
"b2.t43.p2.w82",43,1000,0,2,FALSE,"7",2,82,1,-0.263821010352909,27,7.14994212962963,10
"b2.t43.p2.w83",43,1000,0,2,FALSE,"5",2,83,3,-0.241321189907903,22,1.25777777777778,3
"b2.t43.p2.w84",43,1000,0,2,FALSE,"all",2,84,3,-0.184325874998059,20,8.16116898148148,11
"b2.t43.p2.w85",43,1000,0,2,FALSE,"5",2,85,2,-0.244238063260276,24,8.16116898148148,11
"b2.t43.p2.w88",43,1000,0,2,FALSE,"10",2,88,1,-0.344611314185233,27,8.16116898148148,11
"b2.t43.p2.w95",43,1000,0,2,FALSE,"4",2,95,1,-0.229082595916419,25,7.14994212962963,10
"b2.t43.p2.w97",43,1000,0,2,FALSE,"9",2,97,2,-0.205108298329855,23,1.25777777777778,3
"b2.t8.p1.w10",8,1000,0,2,FALSE,"14",1,10,3,0.2537472658242,1128,13.8663888888889,14
"b2.t8.p1.w11",8,1000,0,2,FALSE,"1",1,11,2,0.17382414643343,1414,10.0524074074074,13
"b2.t8.p1.w14",8,1000,0,2,FALSE,"11",1,14,3,0.194467810714038,720,13.8663888888889,14
"b2.t8.p1.w16",8,1000,0,2,FALSE,"7",1,16,3,0.239975270107598,647,10.0524074074074,13
"b2.t8.p1.w19",8,1000,0,2,FALSE,"12",1,19,3,0.232811688606512,896,13.8663888888889,14
"b2.t8.p1.w27",8,1000,0,2,FALSE,"15",1,27,2,0.296545293624865,907,10.0524074074074,13
"b2.t8.p1.w29",8,1000,0,2,FALSE,"10",1,29,1,0.252080734903347,1052,13.8663888888889,14
"b2.t8.p1.w31",8,1000,0,2,FALSE,"8",1,31,3,0.298098578839826,986,10.0524074074074,13
"b2.t8.p1.w32",8,1000,0,2,FALSE,"9",1,32,1,0.271051284227321,856,10.0524074074074,13
"b2.t8.p1.w33",8,1000,0,2,FALSE,"3",1,33,2,0.251554421408211,664,10.0524074074074,13
"b2.t8.p1.w34",8,1000,0,2,FALSE,"8",1,34,1,0.329653399678862,1329,10.0524074074074,13
"b2.t8.p1.w36",8,1000,0,2,FALSE,"9",1,36,3,0.269536043439986,830,10.0524074074074,13
"b2.t8.p1.w37",8,1000,0,2,FALSE,"12",1,37,1,0.28508930997274,973,10.0524074074074,13
"b2.t8.p1.w39",8,1000,0,2,FALSE,"1",1,39,1,0.21335983155997,576,10.0524074074074,13
"b2.t8.p1.w4",8,1000,0,2,FALSE,"15",1,4,1,0.296309697006657,956,10.0524074074074,13
"b2.t8.p1.w40",8,1000,0,2,FALSE,"9",1,40,2,0.301937621137571,1032,10.0524074074074,13
"b2.t8.p1.w41",8,1000,0,2,FALSE,"6",1,41,1,0.246582586585365,1140,13.8663888888889,14
"b2.t8.p1.w42",8,1000,0,2,FALSE,"8",1,42,2,0.217802962720936,882,13.8663888888889,14
"b2.t8.p1.w48",8,1000,0,2,FALSE,"10",1,48,3,0.18346916598369,438,10.0524074074074,13
"b2.t8.p1.w49",8,1000,0,2,FALSE,"5",1,49,2,0.250808674340215,585,10.0524074074074,13
"b2.t8.p1.w51",8,1000,0,2,FALSE,"5",1,51,1,0.286429421209122,1987,13.8663888888889,14
"b2.t8.p1.w52",8,1000,0,2,FALSE,"4",1,52,3,0.170192970390005,694,10.0524074074074,13
"b2.t8.p1.w56",8,1000,0,2,FALSE,"7",1,56,2,0.194470437047502,401,10.0524074074074,13
"b2.t8.p1.w59",8,1000,0,2,FALSE,"3",1,59,3,0.205671456595717,1101,10.0524074074074,13
"b2.t8.p1.w6",8,1000,0,2,FALSE,"none",1,6,1,0.180333332574671,606,14.8468402777778,15
"b2.t8.p1.w60",8,1000,0,2,FALSE,"2",1,60,1,0.157218287479237,425,14.8468402777778,15
"b2.t8.p1.w7",8,1000,0,2,FALSE,"6",1,7,3,0.284371138509281,880,10.0524074074074,13
"b2.t8.p1.w8",8,1000,0,2,FALSE,"13",1,8,3,0.282113770403035,909,10.0524074074074,13
"b2.t8.p2.w101",8,1000,0,2,FALSE,"4",2,101,1,0.201832411412875,700,13.868587962963,14
"b2.t8.p2.w103",8,1000,0,2,FALSE,"13",2,103,1,0.200016240951427,903,14.8490162037037,15
"b2.t8.p2.w105",8,1000,0,2,FALSE,"11",2,105,1,0.210926223668947,907,15.9037037037037,16
"b2.t8.p2.w108",8,1000,0,2,FALSE,"all",2,108,3,0.184715279950536,721,14.8490162037037,15
"b2.t8.p2.w109",8,1000,0,2,FALSE,"14",2,109,2,0.23244820627931,918,13.868587962963,14
"b2.t8.p2.w118",8,1000,0,2,FALSE,"15",2,118,3,0.16139336062932,442,13.868587962963,14
"b2.t8.p2.w119",8,1000,0,2,FALSE,"2",2,119,3,0.227422902583516,993,13.868587962963,14
"b2.t8.p2.w63",8,1000,0,2,FALSE,"13",2,63,2,0.188139915225003,674,14.8490162037037,15
"b2.t8.p2.w66",8,1000,0,2,FALSE,"2",2,66,2,0.199798083838454,893,14.8490162037037,15
"b2.t8.p2.w68",8,1000,0,2,FALSE,"10",2,68,2,0.176172655348084,499,15.9037037037037,16
"b2.t8.p2.w71",8,1000,0,2,FALSE,"5",2,71,3,0.20433840770591,631,13.868587962963,14
"b2.t8.p2.w72",8,1000,0,2,FALSE,"14",2,72,1,0.193480430284083,1050,14.8490162037037,15
"b2.t8.p2.w73",8,1000,0,2,FALSE,"6",2,73,2,0.209577885229891,749,13.868587962963,14
"b2.t8.p2.w76",8,1000,0,2,FALSE,"12",2,76,2,0.206825038770545,812,13.868587962963,14
"b2.t8.p2.w77",8,1000,0,2,FALSE,"all",2,77,2,0.167949745677371,782,14.8490162037037,15
"b2.t8.p2.w78",8,1000,0,2,FALSE,"7",2,78,1,0.163901823443181,550,15.9037037037037,16
"b2.t8.p2.w80",8,1000,0,2,FALSE,"none",2,80,3,0.198848301856163,719,15.9037037037037,16
"b2.t8.p2.w82",8,1000,0,2,FALSE,"4",2,82,2,0.182345676387473,1107,14.8490162037037,15
"b2.t8.p2.w86",8,1000,0,2,FALSE,"11",2,86,2,0.220113765794437,886,14.8490162037037,15
"b2.t8.p2.w88",8,1000,0,2,FALSE,"none",2,88,2,0.149504999205731,661,15.9037037037037,16
"b2.t8.p2.w90",8,1000,0,2,FALSE,"all",2,90,1,0.208954331529589,699,14.8490162037037,15
"b2.t8.p2.w91",8,1000,0,2,FALSE,"1",2,91,3,0.190249383611787,738,14.8490162037037,15
"b2.t8.p2.w97",8,1000,0,2,FALSE,"3",2,97,1,0.184312075244814,760,14.8490162037037,15
"b3.t14.p1.w15",14,1000,0,3,TRUE,"10",1,15,3,0.554240858160402,1099,7.18528935185185,8
"b3.t14.p1.w16",14,1000,0,3,TRUE,"11",1,16,3,0.501566257895838,1202,7.18528935185185,8
"b3.t14.p1.w17",14,1000,0,3,TRUE,"15",1,17,2,0.521629334520813,1028,7.18528935185185,8
"b3.t14.p1.w18",14,1000,0,3,TRUE,"14",1,18,1,0.438212966439217,746,7.18528935185185,8
"b3.t14.p1.w19",14,1000,0,3,TRUE,"11",1,19,2,0.517239588925914,1192,7.18528935185185,8
"b3.t14.p1.w20",14,1000,0,3,TRUE,"1",1,20,3,0.440315316802513,870,7.18528935185185,8
"b3.t14.p1.w21",14,1000,0,3,TRUE,"none",1,21,1,0.500376529676891,1161,7.18528935185185,8
"b3.t14.p1.w24",14,1000,0,3,TRUE,"all",1,24,2,0.340487950486293,494,7.18528935185185,8
"b3.t14.p1.w26",14,1000,0,3,TRUE,"8",1,26,2,0.5088653298712,1305,7.18528935185185,8
"b3.t14.p1.w3",14,1000,0,3,TRUE,"1",1,3,2,0.490670134847005,1014,7.18528935185185,8
"b3.t14.p1.w30",14,1000,0,3,TRUE,"none",1,30,2,0.414312787422104,794,7.18528935185185,8
"b3.t14.p1.w31",14,1000,0,3,TRUE,"14",1,31,2,0.451509068680736,831,7.18528935185185,8
"b3.t14.p1.w35",14,1000,0,3,TRUE,"7",1,35,2,0.468432958074243,826,7.18528935185185,8
"b3.t14.p1.w37",14,1000,0,3,TRUE,"5",1,37,2,0.460890208572446,823,7.18528935185185,8
"b3.t14.p1.w43",14,1000,0,3,TRUE,"11",1,43,1,0.447355961628657,1073,7.18528935185185,8
"b3.t14.p1.w46",14,1000,0,3,TRUE,"2",1,46,1,0.481910485595536,987,7.18528935185185,8
"b3.t14.p1.w49",14,1000,0,3,TRUE,"6",1,49,2,0.457879985468349,772,7.18528935185185,8
"b3.t14.p1.w5",14,1000,0,3,TRUE,"all",1,5,1,0.355207258399405,376,7.18528935185185,8
"b3.t14.p1.w52",14,1000,0,3,TRUE,"5",1,52,3,0.446944664094237,773,7.18528935185185,8
"b3.t14.p1.w54",14,1000,0,3,TRUE,"2",1,54,3,0.457796831684301,974,7.18528935185185,8
"b3.t14.p1.w57",14,1000,0,3,TRUE,"15",1,57,3,0.491845543907423,889,7.18528935185185,8
"b3.t14.p1.w58",14,1000,0,3,TRUE,"3",1,58,2,0.444287224291619,697,7.18528935185185,8
"b3.t14.p1.w60",14,1000,0,3,TRUE,"9",1,60,3,0.481598389066261,1078,7.18528935185185,8
"b3.t14.p1.w8",14,1000,0,3,TRUE,"1",1,8,1,0.431869506547079,974,7.18528935185185,8
"b3.t14.p2.w106",14,1000,0,3,TRUE,"12",2,106,3,0.499618558260618,1359,7.18746527777778,8
"b3.t14.p2.w108",14,1000,0,3,TRUE,"6",2,108,3,0.699159856681913,2495,6.0178587962963,7
"b3.t14.p2.w110",14,1000,0,3,TRUE,"4",2,110,1,0.492044753515261,1066,7.18746527777778,8
"b3.t14.p2.w112",14,1000,0,3,TRUE,"8",2,112,3,0.490916332846406,1014,7.18746527777778,8
"b3.t14.p2.w117",14,1000,0,3,TRUE,"13",2,117,1,0.513914522019239,926,7.18746527777778,8
"b3.t14.p2.w118",14,1000,0,3,TRUE,"10",2,118,1,0.508590246783293,1132,7.18746527777778,8
"b3.t14.p2.w120",14,1000,0,3,TRUE,"7",2,120,3,0.459879103649208,908,7.18746527777778,8
"b3.t14.p2.w67",14,1000,0,3,TRUE,"12",2,67,2,0.456531345474833,980,7.18746527777778,8
"b3.t14.p2.w68",14,1000,0,3,TRUE,"13",2,68,2,0.440996715946821,922,7.18746527777778,8
"b3.t14.p2.w69",14,1000,0,3,TRUE,"7",2,69,1,0.417704077671215,759,7.18746527777778,8
"b3.t14.p2.w71",14,1000,0,3,TRUE,"none",2,71,3,0.509063774022347,1209,7.18746527777778,8
"b3.t14.p2.w72",14,1000,0,3,TRUE,"15",2,72,1,0.560754118374469,1886,7.18746527777778,8
"b3.t14.p2.w73",14,1000,0,3,TRUE,"2",2,73,2,0.504240602816167,1489,7.18746527777778,8
"b3.t14.p2.w75",14,1000,0,3,TRUE,"8",2,75,1,0.478500381766805,1143,7.18746527777778,8
"b3.t14.p2.w76",14,1000,0,3,TRUE,"12",2,76,1,0.474310007849303,1123,7.18746527777778,8
"b3.t14.p2.w79",14,1000,0,3,TRUE,"3",2,79,3,0.403087156270895,1149,7.18746527777778,8
"b3.t14.p2.w81",14,1000,0,3,TRUE,"14",2,81,3,0.521014008470896,1751,7.18746527777778,8
"b3.t14.p2.w83",14,1000,0,3,TRUE,"4",2,83,2,0.469402183764531,1428,7.18746527777778,8
"b3.t14.p2.w84",14,1000,0,3,TRUE,"6",2,84,1,0.519570642137157,1039,7.18746527777778,8
"b3.t14.p2.w86",14,1000,0,3,TRUE,"4",2,86,3,0.517914338987197,1124,7.18746527777778,8
"b3.t14.p2.w88",14,1000,0,3,TRUE,"all",2,88,3,0.375877395769439,581,7.18746527777778,8
"b3.t14.p2.w89",14,1000,0,3,TRUE,"9",2,89,2,0.477922465785691,1041,7.18746527777778,8
"b3.t14.p2.w90",14,1000,0,3,TRUE,"13",2,90,3,0.464887100869209,928,7.18746527777778,8
"b3.t14.p2.w94",14,1000,0,3,TRUE,"10",2,94,2,0.464691002539581,986,7.18746527777778,8
"b3.t14.p2.w95",14,1000,0,3,TRUE,"9",2,95,1,0.48058255899521,1078,7.18746527777778,8
"b3.t14.p2.w96",14,1000,0,3,TRUE,"3",2,96,1,0.527239715958467,1545,7.18746527777778,8
"b3.t14.p2.w99",14,1000,0,3,TRUE,"5",2,99,1,0.45108207101401,940,7.18746527777778,8
"b3.t20.p1.w1",20,1000,0,3,TRUE,"6",1,1,3,1.02411107302953,1690,2.97366898148148,4
"b3.t20.p1.w11",20,1000,0,3,TRUE,"14",1,11,2,1.06411304396073,1842,2.97366898148148,4
"b3.t20.p1.w12",20,1000,0,3,TRUE,"11",1,12,1,0.697927946151877,440,1.98736111111111,3
"b3.t20.p1.w18",20,1000,0,3,TRUE,"4",1,18,1,0.982075955531816,1565,1.98736111111111,3
"b3.t20.p1.w2",20,1000,0,3,TRUE,"5",1,2,2,0.957282605101583,1934,4.00611111111111,5
"b3.t20.p1.w22",20,1000,0,3,TRUE,"10",1,22,1,1.0992529354347,1447,2.97366898148148,4
"b3.t20.p1.w23",20,1000,0,3,TRUE,"1",1,23,3,1.07798965523779,1641,2.97366898148148,4
"b3.t20.p1.w28",20,1000,0,3,TRUE,"2",1,28,1,1.51468988487301,3976,2.97366898148148,4
"b3.t20.p1.w3",20,1000,0,3,TRUE,"4",1,3,2,0.971016163980004,1704,4.00611111111111,5
"b3.t20.p1.w33",20,1000,0,3,TRUE,"9",1,33,1,1.10669152625932,1834,2.97366898148148,4
"b3.t20.p1.w36",20,1000,0,3,TRUE,"6",1,36,1,1.48446374062164,3685,2.97366898148148,4
"b3.t20.p1.w39",20,1000,0,3,TRUE,"14",1,39,3,1.09899417506958,1989,2.97366898148148,4
"b3.t20.p1.w41",20,1000,0,3,TRUE,"13",1,41,1,0.965456998919132,997,2.97366898148148,4
"b3.t20.p1.w42",20,1000,0,3,TRUE,"1",1,42,1,1.13522889974858,1670,2.97366898148148,4
"b3.t20.p1.w43",20,1000,0,3,TRUE,"all",1,43,1,1.34022062672231,1081,2.97366898148148,4
"b3.t20.p1.w46",20,1000,0,3,TRUE,"none",1,46,1,1.03553391490561,1590,2.97366898148148,4
"b3.t20.p1.w47",20,1000,0,3,TRUE,"15",1,47,2,1.11657810724676,1794,2.97366898148148,4
"b3.t20.p1.w49",20,1000,0,3,TRUE,"6",1,49,2,1.21844295225092,2322,2.97366898148148,4
"b3.t20.p1.w5",20,1000,0,3,TRUE,"9",1,5,2,1.1242975073775,1755,2.97366898148148,4
"b3.t20.p1.w50",20,1000,0,3,TRUE,"13",1,50,3,1.03485055208694,1393,2.97366898148148,4
"b3.t20.p1.w51",20,1000,0,3,TRUE,"none",1,51,3,1.10799493475111,1225,2.97366898148148,4
"b3.t20.p1.w54",20,1000,0,3,TRUE,"3",1,54,2,1.1753867908492,1695,2.97366898148148,4
"b3.t20.p1.w55",20,1000,0,3,TRUE,"13",1,55,2,1.08292482357649,1055,2.97366898148148,4
"b3.t20.p1.w56",20,1000,0,3,TRUE,"none",1,56,2,1.14470894520415,1788,2.97366898148148,4
"b3.t20.p1.w58",20,1000,0,3,TRUE,"10",1,58,2,1.13018417241172,1565,2.97366898148148,4
"b3.t20.p1.w8",20,1000,0,3,TRUE,"11",1,8,3,1.05785414548335,456,1.98736111111111,3
"b3.t20.p2.w100",20,1000,0,3,TRUE,"3",2,100,3,1.05186425611884,1378,2.97575231481481,4
"b3.t20.p2.w106",20,1000,0,3,TRUE,"7",2,106,3,1.06792284763195,1160,2.97575231481481,4
"b3.t20.p2.w110",20,1000,0,3,TRUE,"8",2,110,2,1.09827675184963,1774,2.97575231481481,4
"b3.t20.p2.w112",20,1000,0,3,TRUE,"3",2,112,1,1.13917520364419,1882,2.97575231481481,4
"b3.t20.p2.w113",20,1000,0,3,TRUE,"2",2,113,2,1.11383840873707,1729,2.97575231481481,4
"b3.t20.p2.w115",20,1000,0,3,TRUE,"15",2,115,3,1.12043654842725,1497,2.97575231481481,4
"b3.t20.p2.w116",20,1000,0,3,TRUE,"all",2,116,2,1.20853785795312,1207,2.97575231481481,4
"b3.t20.p2.w118",20,1000,0,3,TRUE,"7",2,118,2,1.00870713080072,1455,2.97575231481481,4
"b3.t20.p2.w120",20,1000,0,3,TRUE,"9",2,120,3,1.16710489312221,2049,2.97575231481481,4
"b3.t20.p2.w61",20,1000,0,3,TRUE,"7",2,61,1,0.998080503835114,1786,2.97575231481481,4
"b3.t20.p2.w62",20,1000,0,3,TRUE,"all",2,62,3,1.00692353884883,726,2.97575231481481,4
"b3.t20.p2.w65",20,1000,0,3,TRUE,"10",2,65,3,1.06905298514158,1498,2.97575231481481,4
"b3.t20.p2.w68",20,1000,0,3,TRUE,"5",2,68,1,0.934042821654471,1304,2.97575231481481,4
"b3.t20.p2.w70",20,1000,0,3,TRUE,"12",2,70,1,0.986884094155626,1959,1.98975694444444,3
"b3.t20.p2.w72",20,1000,0,3,TRUE,"8",2,72,3,1.13961217008221,1696,2.97575231481481,4
"b3.t20.p2.w75",20,1000,0,3,TRUE,"12",2,75,2,1.23141128511277,2066,2.97575231481481,4
"b3.t20.p2.w77",20,1000,0,3,TRUE,"5",2,77,3,1.0173484459564,1424,2.97575231481481,4
"b3.t20.p2.w78",20,1000,0,3,TRUE,"11",2,78,2,0.95367296639357,312,1.98975694444444,3
"b3.t20.p2.w80",20,1000,0,3,TRUE,"12",2,80,3,1.0934669403647,1590,2.97575231481481,4
"b3.t20.p2.w83",20,1000,0,3,TRUE,"15",2,83,1,1.18127308354997,2031,2.97575231481481,4
"b3.t20.p2.w86",20,1000,0,3,TRUE,"8",2,86,1,1.16170717949621,1651,2.97575231481481,4
"b3.t20.p2.w89",20,1000,0,3,TRUE,"1",2,89,2,1.0600419594496,1329,2.97575231481481,4
"b3.t20.p2.w90",20,1000,0,3,TRUE,"14",2,90,1,1.01518692719433,1261,1.98975694444444,3
"b3.t20.p2.w94",20,1000,0,3,TRUE,"4",2,94,3,0.992037671767574,1349,2.97575231481481,4
"b3.t20.p2.w95",20,1000,0,3,TRUE,"2",2,95,3,1.02933796098117,1360,2.97575231481481,4
"b3.t25.p1.w10",25,1000,0,3,TRUE,"none",1,10,3,1.59591358118456,2825,1.97768518518519,3
"b3.t25.p1.w11",25,1000,0,3,TRUE,"7",1,11,2,1.40470127843259,1944,1.97768518518519,3
"b3.t25.p1.w12",25,1000,0,3,TRUE,"13",1,12,3,1.71697722040999,2313,1.97768518518519,3
"b3.t25.p1.w13",25,1000,0,3,TRUE,"5",1,13,2,1.66168942363901,2625,1.97768518518519,3
"b3.t25.p1.w14",25,1000,0,3,TRUE,"all",1,14,3,1.77550184544144,1310,1.97768518518519,3
"b3.t25.p1.w16",25,1000,0,3,TRUE,"none",1,16,2,1.58882858041985,2508,1.97768518518519,3
"b3.t25.p1.w17",25,1000,0,3,TRUE,"9",1,17,2,1.68284792944272,2872,1.97768518518519,3
"b3.t25.p1.w19",25,1000,0,3,TRUE,"7",1,19,3,1.71050558659615,2512,1.97768518518519,3
"b3.t25.p1.w2",25,1000,0,3,TRUE,"15",1,2,3,1.66848708970336,2722,1.97768518518519,3
"b3.t25.p1.w21",25,1000,0,3,TRUE,"6",1,21,3,1.42284256630417,2336,1.97768518518519,3
"b3.t25.p1.w27",25,1000,0,3,TRUE,"12",1,27,1,1.6253012502478,2692,1.97768518518519,3
"b3.t25.p1.w28",25,1000,0,3,TRUE,"14",1,28,3,1.6652623078675,2699,1.97768518518519,3
"b3.t25.p1.w31",25,1000,0,3,TRUE,"1",1,31,2,1.53287531623848,2606,1.97768518518519,3
"b3.t25.p1.w34",25,1000,0,3,TRUE,"11",1,34,1,1.13643535497106,402,1.97768518518519,3
"b3.t25.p1.w35",25,1000,0,3,TRUE,"5",1,35,1,1.60225616310039,2310,1.97768518518519,3
"b3.t25.p1.w36",25,1000,0,3,TRUE,"1",1,36,3,1.61960619492335,2334,1.97768518518519,3
"b3.t25.p1.w39",25,1000,0,3,TRUE,"4",1,39,1,1.61448497124511,2288,1.97768518518519,3
"b3.t25.p1.w4",25,1000,0,3,TRUE,"14",1,4,2,1.47299141835551,2379,1.97768518518519,3
"b3.t25.p1.w41",25,1000,0,3,TRUE,"15",1,41,1,1.67321447600922,2839,1.97768518518519,3
"b3.t25.p1.w42",25,1000,0,3,TRUE,"10",1,42,3,1.46382035507447,2588,1.97768518518519,3
"b3.t25.p1.w44",25,1000,0,3,TRUE,"6",1,44,1,1.4975623350298,2428,1.97768518518519,3
"b3.t25.p1.w47",25,1000,0,3,TRUE,"2",1,47,2,1.566763543472,2475,1.97768518518519,3
"b3.t25.p1.w5",25,1000,0,3,TRUE,"2",1,5,3,1.54082845724795,2575,1.97768518518519,3
"b3.t25.p1.w52",25,1000,0,3,TRUE,"11",1,52,2,1.01256987481238,317,1.97768518518519,3
"b3.t25.p1.w54",25,1000,0,3,TRUE,"9",1,54,3,1.44664154338661,2247,1.97768518518519,3
"b3.t25.p1.w55",25,1000,0,3,TRUE,"3",1,55,1,1.39468197677887,2562,1.97768518518519,3
"b3.t25.p1.w59",25,1000,0,3,TRUE,"11",1,59,3,1.13791355125361,405,1.97768518518519,3
"b3.t25.p1.w6",25,1000,0,3,TRUE,"8",1,6,1,1.46929319350823,2170,1.97768518518519,3
"b3.t25.p1.w9",25,1000,0,3,TRUE,"12",1,9,2,1.5667846009216,2600,1.97768518518519,3
"b3.t25.p2.w100",25,1000,0,3,TRUE,"13",2,100,1,-0.0531701555835435,18,1.97987268518519,3
"b3.t25.p2.w105",25,1000,0,3,TRUE,"none",2,105,1,1.39576356284635,2311,1.97987268518519,3
"b3.t25.p2.w107",25,1000,0,3,TRUE,"10",2,107,1,1.57241313230087,3006,1.97987268518519,3
"b3.t25.p2.w112",25,1000,0,3,TRUE,"9",2,112,1,1.61440104320831,2764,1.97987268518519,3
"b3.t25.p2.w114",25,1000,0,3,TRUE,"2",2,114,1,1.53242120367097,2944,1.97987268518519,3
"b3.t25.p2.w115",25,1000,0,3,TRUE,"4",2,115,2,1.5722024766677,2942,1.97987268518519,3
"b3.t25.p2.w116",25,1000,0,3,TRUE,"1",2,116,1,1.65676082967498,3188,1.97987268518519,3
"b3.t25.p2.w117",25,1000,0,3,TRUE,"14",2,117,1,1.50518445756689,3448,1.97987268518519,3
"b3.t25.p2.w119",25,1000,0,3,TRUE,"7",2,119,1,1.60237628586974,3190,1.97987268518519,3
"b3.t25.p2.w61",25,1000,0,3,TRUE,"4",2,61,3,1.63068695487245,3068,1.97987268518519,3
"b3.t25.p2.w67",25,1000,0,3,TRUE,"all",2,67,1,1.55669772824684,1125,1.97987268518519,3
"b3.t25.p2.w68",25,1000,0,3,TRUE,"6",2,68,2,1.62003543655079,2984,1.97987268518519,3
"b3.t25.p2.w70",25,1000,0,3,TRUE,"15",2,70,2,1.66057388791507,2263,1.97987268518519,3
"b3.t25.p2.w71",25,1000,0,3,TRUE,"3",2,71,2,1.55983707208683,2780,1.97987268518519,3
"b3.t25.p2.w72",25,1000,0,3,TRUE,"all",2,72,2,1.48413257873788,1491,1.97987268518519,3
"b3.t25.p2.w73",25,1000,0,3,TRUE,"12",2,73,3,1.67116728578263,1563,1.97987268518519,3
"b3.t25.p2.w75",25,1000,0,3,TRUE,"8",2,75,3,1.56028394422333,2735,1.97987268518519,3
"b3.t25.p2.w78",25,1000,0,3,TRUE,"13",2,78,2,1.62918070599077,2221,1.97987268518519,3
"b3.t25.p2.w82",25,1000,0,3,TRUE,"5",2,82,3,1.5282650481578,2837,1.97987268518519,3
"b3.t25.p2.w84",25,1000,0,3,TRUE,"8",2,84,2,1.42717370403788,2449,1.97987268518519,3
"b3.t25.p2.w85",25,1000,0,3,TRUE,"10",2,85,2,1.41049155477301,2252,1.97987268518519,3
"b3.t25.p2.w92",25,1000,0,3,TRUE,"3",2,92,3,1.53555986624598,2862,1.97987268518519,3
"b3.t30.p1.w13",30,100,0,3,TRUE,"11",1,13,2,0.562742094278538,163,1.67336805555556,3
"b3.t30.p1.w14",30,1000,9.33,3,TRUE,"8",1,14,1,-0.0731488746104359,14,10.6260416666667,10
"b3.t30.p1.w15",30,1000,12,3,TRUE,"3",1,15,2,-0.152625669238132,24,10.6260416666667,10
"b3.t30.p1.w18",30,5,0,3,TRUE,"none",1,18,2,0.0595010331164307,68,1.67336805555556,3
"b3.t30.p1.w19",30,700,0,3,TRUE,"all",1,19,1,2.10700392304746,2556,1.67336805555556,3
"b3.t30.p1.w21",30,1000,6.67,3,TRUE,"all",1,21,1,0.076873742333568,83,2.65383101851852,3
"b3.t30.p1.w23",30,1000,9.33,3,TRUE,"10",1,23,2,-0.177587149737463,34,10.6260416666667,10
"b3.t30.p1.w25",30,400,0,3,TRUE,"2",1,25,3,1.42668662475926,2411,1.67336805555556,3
"b3.t30.p1.w29",30,1000,1.33,3,TRUE,"13",1,29,1,1.29367974126883,5280,1.67336805555556,3
"b3.t30.p1.w3",30,1000,12,3,TRUE,"10",1,3,1,-0.194038052388664,28,10.6260416666667,10
"b3.t30.p1.w32",30,25,0,3,TRUE,"9",1,32,2,0.505696209044874,148,1.67336805555556,3
"b3.t30.p1.w35",30,5,0,3,TRUE,"12",1,35,1,-0.012244525177445,80,1.67336805555556,3
"b3.t30.p1.w39",30,1000,2.67,3,TRUE,"3",1,39,1,0.797170181482478,449,1.67336805555556,3
"b3.t30.p1.w4",30,100,0,3,TRUE,"8",1,4,2,1.15349390760304,471,1.67336805555556,3
"b3.t30.p1.w40",30,50,0,3,TRUE,"5",1,40,1,0.816223516820435,278,1.67336805555556,3
"b3.t30.p1.w44",30,1000,6.67,3,TRUE,"2",1,44,2,0.135094132654925,81,2.65383101851852,3
"b3.t30.p1.w46",30,1000,8,3,TRUE,"14",1,46,3,0.000961788504749959,45,2.65383101851852,3
"b3.t30.p1.w47",30,1000,6.67,3,TRUE,"1",1,47,2,0.390634256420954,102,1.67336805555556,3
"b3.t30.p1.w49",30,700,0,3,TRUE,"14",1,49,1,1.55631648718919,2818,1.67336805555556,3
"b3.t30.p1.w5",30,25,0,3,TRUE,"8",1,5,2,0.545250939690674,140,1.67336805555556,3
"b3.t30.p1.w52",30,1000,2.67,3,TRUE,"14",1,52,2,0.670515403441918,923,1.67336805555556,3
"b3.t30.p1.w54",30,25,0,3,TRUE,"none",1,54,3,0.619885815712149,173,1.67336805555556,3
"b3.t30.p1.w56",30,700,0,3,TRUE,"15",1,56,1,1.57921619531479,3108,1.67336805555556,3
"b3.t30.p1.w57",30,25,0,3,TRUE,"7",1,57,2,0.508762675054244,136,1.67336805555556,3
"b3.t30.p1.w58",30,100,0,3,TRUE,"6",1,58,3,1.03755710469687,635,1.67336805555556,3
"b3.t30.p1.w60",30,1000,2.67,3,TRUE,"7",1,60,1,0.632598870019445,252,1.67336805555556,3
"b3.t30.p1.w8",30,1,0,3,TRUE,"6",1,8,2,-0.0538504696548979,59,10.6260416666667,10
"b3.t30.p10.w541",30,1000,8,3,TRUE,"9",10,541,2,-0.0386823780200897,37,2.67478009259259,3
"b3.t30.p10.w542",30,50,0,3,TRUE,"11",10,542,1,0.496403555631203,125,1.69371527777778,3
"b3.t30.p10.w546",30,1000,6.67,3,TRUE,"9",10,546,1,0.187761813952173,64,2.67478009259259,3
"b3.t30.p10.w547",30,100,0,3,TRUE,"4",10,547,3,1.15323995699316,478,1.69371527777778,3
"b3.t30.p10.w550",30,0,0,3,TRUE,"14",10,550,1,-0.0945390893278653,58,1.69371527777778,3
"b3.t30.p10.w551",30,50,0,3,TRUE,"13",10,551,3,0.548391572876084,138,1.69371527777778,3
"b3.t30.p10.w554",30,1000,5.33,3,TRUE,"8",10,554,2,0.315522527225683,99,1.69371527777778,3
"b3.t30.p10.w555",30,700,0,3,TRUE,"9",10,555,1,1.49694497194565,1916,1.69371527777778,3
"b3.t30.p10.w556",30,1000,2.67,3,TRUE,"4",10,556,2,0.669304058466255,1479,1.69371527777778,3
"b3.t30.p10.w557",30,1000,9.33,3,TRUE,"7",10,557,1,-0.113004483478609,31,2.67478009259259,3
"b3.t30.p10.w563",30,1000,5.33,3,TRUE,"5",10,563,1,0.215047918441792,79,2.67478009259259,3
"b3.t30.p10.w565",30,400,0,3,TRUE,"9",10,565,2,1.66280864669575,2129,1.69371527777778,3
"b3.t30.p10.w568",30,50,0,3,TRUE,"none",10,568,3,0.703849771463573,219,1.69371527777778,3
"b3.t30.p10.w570",30,50,0,3,TRUE,"all",10,570,3,0.338781540485656,126,1.69371527777778,3
"b3.t30.p10.w571",30,100,0,3,TRUE,"14",10,571,2,1.1956693085886,516,1.69371527777778,3
"b3.t30.p10.w574",30,1000,0,3,TRUE,"7",10,574,2,1.51919796919298,3092,1.69371527777778,3
"b3.t30.p10.w576",30,400,0,3,TRUE,"9",10,576,3,1.37965411224545,2114,1.69371527777778,3
"b3.t30.p10.w579",30,10,0,3,TRUE,"all",10,579,2,0.0969023740404457,75,1.69371527777778,3
"b3.t30.p10.w581",30,100,0,3,TRUE,"3",10,581,2,1.39764382420069,581,1.69371527777778,3
"b3.t30.p10.w582",30,400,0,3,TRUE,"7",10,582,3,1.47620757562823,2259,1.69371527777778,3
"b3.t30.p10.w583",30,1000,6.67,3,TRUE,"13",10,583,3,0.110448992523541,63,2.67478009259259,3
"b3.t30.p10.w587",30,1000,4,3,TRUE,"4",10,587,2,0.593903915162746,185,1.69371527777778,3
"b3.t30.p10.w588",30,1000,12,3,TRUE,"all",10,588,1,-0.0197102059959361,22,10.7209490740741,10
"b3.t30.p10.w589",30,10,0,3,TRUE,"9",10,589,2,0.0459864783246696,73,1.69371527777778,3
"b3.t30.p10.w590",30,5,0,3,TRUE,"none",10,590,3,-0.043993299120167,59,1.69371527777778,3
"b3.t30.p10.w592",30,1000,10.67,3,TRUE,"6",10,592,1,-0.178474336960188,31,10.7209490740741,10
"b3.t30.p10.w595",30,1000,9.33,3,TRUE,"4",10,595,1,-0.0910452108570747,28,2.67478009259259,3
"b3.t30.p10.w596",30,25,0,3,TRUE,"8",10,596,3,0.431422105649346,134,1.69371527777778,3
"b3.t30.p10.w598",30,1000,2.67,3,TRUE,"6",10,598,2,0.533098692952168,1059,1.69371527777778,3
"b3.t30.p10.w600",30,1000,4,3,TRUE,"all",10,600,1,0.475662237740651,141,1.69371527777778,3
"b3.t30.p11.w602",30,400,0,3,TRUE,"none",11,602,3,1.42992726172674,2847,1.69597222222222,3
"b3.t30.p11.w603",30,400,0,3,TRUE,"2",11,603,1,1.40167502125025,2343,1.69597222222222,3
"b3.t30.p11.w608",30,100,0,3,TRUE,"9",11,608,3,0.944000724639823,693,1.69597222222222,3
"b3.t30.p11.w609",30,10,0,3,TRUE,"4",11,609,2,-0.0123343287863337,56,1.69597222222222,3
"b3.t30.p11.w610",30,1000,9.33,3,TRUE,"2",11,610,2,-0.0105375289316851,34,2.67690972222222,3
"b3.t30.p11.w612",30,0,0,3,TRUE,"6",11,612,1,-0.000413095051295658,39,6.7687037037037,7
"b3.t30.p11.w613",30,0,0,3,TRUE,"15",11,613,3,-0.0779273274200778,44,10.7278009259259,10
"b3.t30.p11.w614",30,1000,10.67,3,TRUE,"5",11,614,2,-0.10008062003402,30,2.67690972222222,3
"b3.t30.p11.w619",30,1000,10.67,3,TRUE,"7",11,619,1,-0.125986726957028,30,10.7278009259259,10
"b3.t30.p11.w622",30,100,0,3,TRUE,"2",11,622,3,0.956382472457342,545,1.69597222222222,3
"b3.t30.p11.w624",30,1000,4,3,TRUE,"all",11,624,3,0.283465405997133,116,1.69597222222222,3
"b3.t30.p11.w629",30,100,0,3,TRUE,"1",11,629,3,0.746707709332085,500,1.69597222222222,3
"b3.t30.p11.w631",30,1000,0,3,TRUE,"15",11,631,2,1.19495125234461,2699,2.67690972222222,4
"b3.t30.p11.w632",30,1000,5.33,3,TRUE,"4",11,632,3,0.344695099468885,124,2.67690972222222,3
"b3.t30.p11.w633",30,1000,4,3,TRUE,"2",11,633,1,0.488514805797954,230,1.69597222222222,3
"b3.t30.p11.w634",30,1000,8,3,TRUE,"15",11,634,1,0.163374394223404,46,2.67690972222222,3
"b3.t30.p11.w635",30,1000,9.33,3,TRUE,"all",11,635,1,0.130819261739861,44,2.67690972222222,3
"b3.t30.p11.w636",30,0,0,3,TRUE,"9",11,636,3,-0.150874555016772,41,10.7278009259259,10
"b3.t30.p11.w640",30,1000,6.67,3,TRUE,"12",11,640,3,0.0894688099350995,50,2.67690972222222,3
"b3.t30.p11.w641",30,50,0,3,TRUE,"14",11,641,1,0.920238396641501,319,1.69597222222222,3
"b3.t30.p11.w642",30,1000,4,3,TRUE,"8",11,642,2,0.384967118724493,162,2.67690972222222,3
"b3.t30.p11.w643",30,1000,1.33,3,TRUE,"10",11,643,2,0.863302739323992,5955,2.67690972222222,4
"b3.t30.p11.w644",30,1000,12,3,TRUE,"13",11,644,2,-0.109400110309016,31,2.67690972222222,3
"b3.t30.p11.w645",30,25,0,3,TRUE,"7",11,645,3,0.297082973118495,130,1.69597222222222,3
"b3.t30.p11.w646",30,5,0,3,TRUE,"11",11,646,2,-0.134749007847562,63,1.69597222222222,3
"b3.t30.p11.w651",30,50,0,3,TRUE,"7",11,651,2,0.915805991876113,337,1.69597222222222,3
"b3.t30.p11.w652",30,0,0,3,TRUE,"3",11,652,2,0.0132098017124929,89,10.7278009259259,10
"b3.t30.p11.w653",30,1000,0,3,TRUE,"13",11,653,1,1.32617055999488,1853,2.67690972222222,3
"b3.t30.p11.w654",30,5,0,3,TRUE,"8",11,654,1,0.122944841362125,109,1.69597222222222,3
"b3.t30.p11.w655",30,5,0,3,TRUE,"10",11,655,1,0.0909839347774557,214,10.7278009259259,11
"b3.t30.p11.w658",30,1000,10.67,3,TRUE,"none",11,658,2,-0.0906715478553988,26,2.67690972222222,3
"b3.t30.p11.w659",30,700,0,3,TRUE,"all",11,659,2,1.38969948453708,1386,1.69597222222222,3
"b3.t30.p12.w662",30,10,0,3,TRUE,"10",12,662,2,0.207219630905659,76,1.69825231481481,3
"b3.t30.p12.w664",30,1000,8,3,TRUE,"1",12,664,2,0.104638383720298,48,2.6791087962963,3
"b3.t30.p12.w665",30,1000,9.33,3,TRUE,"5",12,665,3,-0.169396616039023,33,10.7300694444444,10
"b3.t30.p12.w666",30,1000,4,3,TRUE,"5",12,666,1,0.363840689854761,146,1.69825231481481,3
"b3.t30.p12.w668",30,1000,5.33,3,TRUE,"3",12,668,1,0.180471050677125,76,2.6791087962963,3
"b3.t30.p12.w669",30,100,0,3,TRUE,"10",12,669,3,0.996439515689498,605,1.69825231481481,3
"b3.t30.p12.w670",30,50,0,3,TRUE,"none",12,670,1,0.729858193638886,230,1.69825231481481,3
"b3.t30.p12.w671",30,0,0,3,TRUE,"15",12,671,1,-0.195842767904485,57,1.69825231481481,3
"b3.t30.p12.w674",30,1000,8,3,TRUE,"15",12,674,2,0.0236732264865051,45,2.6791087962963,3
"b3.t30.p12.w675",30,0,0,3,TRUE,"none",12,675,3,-0.13600705569802,46,1.69825231481481,3
"b3.t30.p12.w676",30,50,0,3,TRUE,"14",12,676,2,0.681083230924439,181,1.69825231481481,3
"b3.t30.p12.w678",30,400,0,3,TRUE,"all",12,678,2,1.78628393126556,1605,1.69825231481481,3
"b3.t30.p12.w680",30,1000,9.33,3,TRUE,"9",12,680,3,-0.0466068337678659,30,2.6791087962963,3
"b3.t30.p12.w684",30,1000,12,3,TRUE,"none",12,684,1,-0.152240916562128,28,10.7300694444444,10
"b3.t30.p12.w687",30,0,0,3,TRUE,"4",12,687,1,-0.199130829069135,44,10.7300694444444,10
"b3.t30.p12.w688",30,5,0,3,TRUE,"13",12,688,1,-0.191527064156974,50,1.69825231481481,3
"b3.t30.p12.w692",30,1000,12,3,TRUE,"7",12,692,3,-0.117866619202647,25,10.7300694444444,10
"b3.t30.p12.w693",30,25,0,3,TRUE,"1",12,693,1,0.367926004551504,101,1.69825231481481,3
"b3.t30.p12.w694",30,1000,2.67,3,TRUE,"all",12,694,1,0.451866794908454,255,1.69825231481481,3
"b3.t30.p12.w696",30,1000,10.67,3,TRUE,"9",12,696,3,-0.1269074648619,25,2.6791087962963,3
"b3.t30.p12.w698",30,5,0,3,TRUE,"9",12,698,3,-0.00910202020447637,52,1.69825231481481,3
"b3.t30.p12.w700",30,1,0,3,TRUE,"none",12,700,3,-0.0989380229502811,47,10.7300694444444,10
"b3.t30.p12.w702",30,10,0,3,TRUE,"all",12,702,3,0.0185039740406048,80,2.6791087962963,3
"b3.t30.p12.w704",30,1000,12,3,TRUE,"11",12,704,2,-0.0274565142267931,29,9.57796296296296,9
"b3.t30.p12.w706",30,1000,4,3,TRUE,"14",12,706,2,0.366255087512517,155,2.6791087962963,3
"b3.t30.p12.w707",30,1000,8,3,TRUE,"5",12,707,1,0.0774313442760792,40,2.6791087962963,3
"b3.t30.p12.w710",30,5,0,3,TRUE,"6",12,710,2,-0.00641199875443967,67,1.69825231481481,3
"b3.t30.p12.w711",30,10,0,3,TRUE,"all",12,711,1,0.0999191677323207,50,1.69825231481481,3
"b3.t30.p12.w712",30,50,0,3,TRUE,"2",12,712,2,0.687566378400427,210,1.69825231481481,3
"b3.t30.p12.w715",30,100,0,3,TRUE,"10",12,715,2,0.854178498089032,593,1.69825231481481,3
"b3.t30.p12.w716",30,0,0,3,TRUE,"15",12,716,2,-0.0156978331183037,58,10.7300694444444,10
"b3.t30.p12.w717",30,1000,1.33,3,TRUE,"all",12,717,3,0.836506124320468,723,1.69825231481481,3
"b3.t30.p13.w721",30,25,0,3,TRUE,"3",13,721,3,0.389975314229344,110,1.70113425925926,3
"b3.t30.p13.w725",30,1000,2.67,3,TRUE,"2",13,725,2,0.7006733166685,1331,3.72112268518519,5
"b3.t30.p13.w727",30,50,0,3,TRUE,"12",13,727,2,0.496974350239977,144,1.70113425925926,3
"b3.t30.p13.w728",30,1000,12,3,TRUE,"13",13,728,1,-0.199482045676499,31,10.732337962963,10
"b3.t30.p13.w730",30,1000,8,3,TRUE,"8",13,730,2,-0.185729971887896,39,10.732337962963,10
"b3.t30.p13.w731",30,1000,9.33,3,TRUE,"4",13,731,2,-0.0455430624900207,23,2.68125,3
"b3.t30.p13.w732",30,10,0,3,TRUE,"14",13,732,3,0.00689342580821015,52,1.70113425925926,3
"b3.t30.p13.w733",30,1,0,3,TRUE,"3",13,733,1,-0.152784391125459,46,10.732337962963,10
"b3.t30.p13.w734",30,1000,6.67,3,TRUE,"none",13,734,1,0.0992009449264957,61,2.68125,3
"b3.t30.p13.w736",30,1000,4,3,TRUE,"3",13,736,1,0.324318992732367,144,2.68125,3
"b3.t30.p13.w740",30,1000,4,3,TRUE,"7",13,740,2,0.35026811935187,177,2.68125,3
"b3.t30.p13.w741",30,1000,10.67,3,TRUE,"7",13,741,3,-0.054837741068542,27,2.68125,3
"b3.t30.p13.w742",30,5,0,3,TRUE,"7",13,742,3,-0.196599032557394,56,10.732337962963,10
"b3.t30.p13.w743",30,1000,8,3,TRUE,"6",13,743,1,0.0595816623099952,32,2.68125,3
"b3.t30.p13.w744",30,1000,1.33,3,TRUE,"12",13,744,3,0.973321937625418,4669,1.70113425925926,3
"b3.t30.p13.w745",30,700,0,3,TRUE,"13",13,745,3,1.29777422995396,2239,1.70113425925926,3
"b3.t30.p13.w747",30,25,0,3,TRUE,"14",13,747,3,0.366451688637333,95,1.70113425925926,3
"b3.t30.p13.w748",30,1000,5.33,3,TRUE,"12",13,748,1,0.189654258903935,60,2.68125,3
"b3.t30.p13.w749",30,700,0,3,TRUE,"15",13,749,2,1.35154199709375,2183,1.70113425925926,3
"b3.t30.p13.w752",30,1,0,3,TRUE,"8",13,752,2,-0.0357861858960385,47,10.732337962963,10
"b3.t30.p13.w753",30,1000,10.67,3,TRUE,"14",13,753,3,-0.146040198949235,30,10.732337962963,10
"b3.t30.p13.w754",30,1000,9.33,3,TRUE,"14",13,754,1,-0.09919269270177,34,2.68125,3
"b3.t30.p13.w755",30,1000,4,3,TRUE,"10",13,755,3,0.317772134749752,108,2.68125,3
"b3.t30.p13.w757",30,1000,5.33,3,TRUE,"10",13,757,1,0.274797243357727,67,2.68125,3
"b3.t30.p13.w759",30,10,0,3,TRUE,"2",13,759,3,0.0737476863906244,69,1.70113425925926,3
"b3.t30.p13.w760",30,1000,9.33,3,TRUE,"all",13,760,2,0.0911860607858015,35,2.68125,3
"b3.t30.p13.w763",30,1000,6.67,3,TRUE,"7",13,763,1,0.290243562963144,87,2.68125,3
"b3.t30.p13.w765",30,700,0,3,TRUE,"14",13,765,2,1.29305047365119,3130,2.68125,4
"b3.t30.p13.w767",30,1000,6.67,3,TRUE,"3",13,767,3,0.181211170296909,52,2.68125,3
"b3.t30.p13.w768",30,700,0,3,TRUE,"9",13,768,3,1.26667520139156,2697,2.68125,4
"b3.t30.p13.w769",30,1000,4,3,TRUE,"2",13,769,3,0.437738437803883,248,2.68125,3
"b3.t30.p13.w773",30,1000,9.33,3,TRUE,"12",13,773,3,-0.0504407338493712,34,2.68125,3
"b3.t30.p13.w777",30,400,0,3,TRUE,"6",13,777,3,1.29314464462863,2379,1.70113425925926,3
"b3.t30.p13.w780",30,1000,5.33,3,TRUE,"10",13,780,2,0.168751136388926,66,2.68125,3
"b3.t30.p14.w782",30,1000,2.67,3,TRUE,"8",14,782,2,0.507854197245432,1286,1.70329861111111,3
"b3.t30.p14.w783",30,10,0,3,TRUE,"11",14,783,1,0.0404633444214646,58,1.70329861111111,3
"b3.t30.p14.w784",30,1000,8,3,TRUE,"11",14,784,3,0.160998842670318,46,2.68353009259259,3
"b3.t30.p14.w786",30,400,0,3,TRUE,"11",14,786,3,1.74686612748504,1809,1.70329861111111,3
"b3.t30.p14.w788",30,700,0,3,TRUE,"1",14,788,3,1.28108721397289,2259,1.70329861111111,3
"b3.t30.p14.w795",30,1000,10.67,3,TRUE,"3",14,795,1,-0.0737990123242217,26,2.68353009259259,3
"b3.t30.p14.w797",30,1000,6.67,3,TRUE,"5",14,797,1,0.118401546280896,57,2.68353009259259,3
"b3.t30.p14.w799",30,1000,8,3,TRUE,"14",14,799,1,-0.0217970950112999,39,2.68353009259259,3
"b3.t30.p14.w802",30,10,0,3,TRUE,"9",14,802,1,0.00118000288781431,55,1.70329861111111,3
"b3.t30.p14.w805",30,50,0,3,TRUE,"1",14,805,3,0.566526754654394,158,1.70329861111111,3
"b3.t30.p14.w808",30,1000,1.33,3,TRUE,"11",14,808,2,0.573980397856504,226,2.68353009259259,3
"b3.t30.p14.w810",30,5,0,3,TRUE,"5",14,810,3,-0.133225893641316,52,1.70329861111111,3
"b3.t30.p14.w811",30,5,0,3,TRUE,"8",14,811,3,-0.117523707534859,47,10.7346412037037,10
"b3.t30.p14.w812",30,1000,10.67,3,TRUE,"8",14,812,3,-0.204696985237766,35,10.7346412037037,10
"b3.t30.p14.w816",30,1000,5.33,3,TRUE,"6",14,816,1,0.274229734214146,105,2.68353009259259,3
"b3.t30.p14.w817",30,1000,6.67,3,TRUE,"12",14,817,2,0.0941396907664225,54,2.68353009259259,3
"b3.t30.p14.w824",30,1000,12,3,TRUE,"2",14,824,3,-0.0506922114980309,17,4.5874537037037,5
"b3.t30.p14.w825",30,1000,12,3,TRUE,"13",14,825,3,-0.10341806297827,24,10.7346412037037,10
"b3.t30.p14.w828",30,5,0,3,TRUE,"5",14,828,1,0.0136233612341789,61,10.7346412037037,11
"b3.t30.p14.w830",30,1000,5.33,3,TRUE,"1",14,830,3,0.279365632114976,83,2.68353009259259,3
"b3.t30.p14.w833",30,10,0,3,TRUE,"12",14,833,3,0.0687560013608928,57,1.70329861111111,3
"b3.t30.p14.w834",30,400,0,3,TRUE,"10",14,834,2,1.30727983166917,2765,1.70329861111111,3
"b3.t30.p14.w835",30,25,0,3,TRUE,"14",14,835,2,0.656519321604329,123,1.70329861111111,3
"b3.t30.p14.w836",30,10,0,3,TRUE,"none",14,836,1,0.135574580971898,82,1.70329861111111,3
"b3.t30.p14.w838",30,1000,5.33,3,TRUE,"1",14,838,2,0.314620400372139,107,2.68353009259259,3
"b3.t30.p15.w842",30,10,0,3,TRUE,"11",15,842,4,0.0666439798618706,69,1.70563657407407,3
"b3.t30.p15.w843",30,25,0,3,TRUE,"5",15,843,2,0.429236750632634,214,1.70563657407407,3
"b3.t30.p15.w844",30,700,0,3,TRUE,"13",15,844,1,1.26228641206815,2348,1.70563657407407,3
"b3.t30.p15.w845",30,1000,2.67,3,TRUE,"14",15,845,1,0.564321169453938,601,1.70563657407407,3
"b3.t30.p15.w846",30,1,0,3,TRUE,"4",15,846,2,-0.131819383513663,39,10.7369675925926,10
"b3.t30.p15.w847",30,1000,1.33,3,TRUE,"12",15,847,2,0.958998477127344,4859,2.68575231481482,4
"b3.t30.p15.w850",30,700,0,3,TRUE,"10",15,850,3,1.32665478745303,2468,1.70563657407407,3
"b3.t30.p15.w852",30,1000,8,3,TRUE,"13",15,852,3,0.0104799593240469,32,2.68575231481482,3
"b3.t30.p15.w853",30,1000,5.33,3,TRUE,"8",15,853,3,0.134819466460643,56,2.68575231481482,3
"b3.t30.p15.w854",30,1000,1.33,3,TRUE,"9",15,854,2,1.02017328885311,4811,2.68575231481482,4
"b3.t30.p15.w855",30,1000,8,3,TRUE,"10",15,855,2,-0.0604517238280033,33,2.68575231481482,3
"b3.t30.p15.w856",30,1000,8,3,TRUE,"4",15,856,2,0.0803930588756629,36,2.68575231481482,3
"b3.t30.p15.w859",30,400,0,3,TRUE,"10",15,859,1,1.42507704956709,2781,1.70563657407407,3
"b3.t30.p15.w862",30,1000,5.33,3,TRUE,"8",15,862,1,0.217577491676397,56,2.68575231481482,3
"b3.t30.p15.w863",30,1000,10.67,3,TRUE,"3",15,863,3,-0.147929865545599,24,10.7369675925926,10
"b3.t30.p15.w864",30,1000,6.67,3,TRUE,"15",15,864,2,0.0764247025606975,55,2.68575231481482,3
"b3.t30.p15.w865",30,5,0,3,TRUE,"11",15,865,3,-0.199969197302908,43,10.7369675925926,10
"b3.t30.p15.w869",30,1000,2.67,3,TRUE,"3",15,869,3,0.441116419911928,1084,2.68575231481482,3
"b3.t30.p15.w870",30,1000,12,3,TRUE,"7",15,870,2,-0.1685669017902,28,10.7369675925926,10
"b3.t30.p15.w876",30,50,0,3,TRUE,"12",15,876,3,0.454846124398463,137,1.70563657407407,3
"b3.t30.p15.w877",30,1000,4,3,TRUE,"4",15,877,3,0.336630779290888,107,2.68575231481482,3
"b3.t30.p15.w882",30,1000,5.33,3,TRUE,"10",15,882,3,0.173700705125508,59,2.68575231481482,3
"b3.t30.p15.w886",30,1,0,3,TRUE,"7",15,886,2,-0.168971344617875,36,10.7369675925926,10
"b3.t30.p15.w889",30,1,0,3,TRUE,"10",15,889,2,-0.0540876504938521,37,10.7369675925926,10
"b3.t30.p15.w895",30,700,0,3,TRUE,"7",15,895,2,1.29226911404475,2195,1.70563657407407,3
"b3.t30.p15.w896",30,50,0,3,TRUE,"11",15,896,3,0.138603483091636,80,1.70563657407407,3
"b3.t30.p15.w899",30,1,0,3,TRUE,"all",15,899,1,-0.0292318542491488,21,2.68575231481482,3
"b3.t30.p16.w901",30,50,0,3,TRUE,"9",16,901,3,0.747225396373461,273,1.70795138888889,3
"b3.t30.p16.w902",30,1000,0,3,TRUE,"all",16,902,3,1.7189081831047,1607,1.70795138888889,3
"b3.t30.p16.w905",30,1000,6.67,3,TRUE,"2",16,905,3,0.0732836017294448,49,2.69832175925926,3
"b3.t30.p16.w910",30,1000,8,3,TRUE,"4",16,910,3,-0.00296931663217958,32,2.69832175925926,3
"b3.t30.p16.w911",30,10,0,3,TRUE,"14",16,911,2,0.0380629810150737,81,1.70795138888889,3
"b3.t30.p16.w915",30,1000,1.33,3,TRUE,"13",16,915,3,1.07130512055066,4847,2.69832175925926,4
"b3.t30.p16.w916",30,0,0,3,TRUE,"11",16,916,2,-0.198344921371412,42,10.7392824074074,10
"b3.t30.p16.w918",30,1000,0,3,TRUE,"6",16,918,2,1.42575648685974,3319,2.69832175925926,3
"b3.t30.p16.w919",30,1000,1.33,3,TRUE,"6",16,919,2,0.920161083761644,4293,2.69832175925926,3
"b3.t30.p16.w920",30,1000,2.67,3,TRUE,"11",16,920,3,0.167607438540392,93,2.69832175925926,3
"b3.t30.p16.w922",30,1000,5.33,3,TRUE,"14",16,922,2,0.225493000006543,70,2.69832175925926,3
"b3.t30.p16.w926",30,1000,0,3,TRUE,"1",16,926,1,1.42346315049723,3323,1.70795138888889,3
"b3.t30.p16.w928",30,1000,2.67,3,TRUE,"all",16,928,3,0.406394321140097,190,1.70795138888889,3
"b3.t30.p16.w936",30,1,0,3,TRUE,"11",16,936,2,-0.183652459424396,47,10.7392824074074,10
"b3.t30.p16.w939",30,1000,9.33,3,TRUE,"3",16,939,1,-0.0585261259008469,24,2.69832175925926,3
"b3.t30.p16.w942",30,1000,5.33,3,TRUE,"5",16,942,3,0.217257657694321,69,2.69832175925926,3
"b3.t30.p16.w943",30,50,0,3,TRUE,"9",16,943,2,0.609876692230397,313,1.70795138888889,3
"b3.t30.p16.w948",30,1000,9.33,3,TRUE,"1",16,948,1,0.0301470779544285,30,2.69832175925926,3
"b3.t30.p16.w949",30,100,0,3,TRUE,"none",16,949,2,0.897148428740819,753,1.70795138888889,3
"b3.t30.p16.w950",30,0,0,3,TRUE,"7",16,950,1,0.0919127096084603,105,10.7392824074074,10
"b3.t30.p16.w953",30,1000,9.33,3,TRUE,"11",16,953,1,0.0907523330310346,31,2.69832175925926,3
"b3.t30.p16.w955",30,1,0,3,TRUE,"11",16,955,1,-0.184875807425647,40,10.7392824074074,10
"b3.t30.p17.w1000",30,1,0,3,TRUE,"12",17,1000,1,0.0206290429025797,52,9.59002314814815,9
"b3.t30.p17.w1001",30,1000,1.33,3,TRUE,"all",17,1001,1,0.998297982901166,970,2.70052083333333,3
"b3.t30.p17.w1002",30,1000,9.33,3,TRUE,"10",17,1002,1,-0.149082416498687,27,10.7462731481481,10
"b3.t30.p17.w1003",30,5,0,3,TRUE,"15",17,1003,2,0.0758955614065827,81,1.71013888888889,3
"b3.t30.p17.w1006",30,100,0,3,TRUE,"none",17,1006,3,1.07391075298827,630,1.71013888888889,3
"b3.t30.p17.w1009",30,1000,1.33,3,TRUE,"2",17,1009,3,1.14085843249853,4875,2.70052083333333,3
"b3.t30.p17.w1013",30,10,0,3,TRUE,"3",17,1013,2,-0.0164834952354774,52,2.70052083333333,3
"b3.t30.p17.w1014",30,5,0,3,TRUE,"4",17,1014,3,-0.0690421578550982,38,10.7462731481481,10
"b3.t30.p17.w1015",30,1000,8,3,TRUE,"2",17,1015,2,0.0698191023549869,44,2.70052083333333,3
"b3.t30.p17.w1016",30,1000,0,3,TRUE,"9",17,1016,2,1.51688086501581,3685,2.70052083333333,4
"b3.t30.p17.w1017",30,700,0,3,TRUE,"5",17,1017,2,1.40667721635937,3017,2.70052083333333,4
"b3.t30.p17.w961",30,1000,9.33,3,TRUE,"13",17,961,1,-0.121216894790723,25,10.7462731481481,10
"b3.t30.p17.w962",30,1000,9.33,3,TRUE,"11",17,962,2,0,35,2.70052083333333,3
"b3.t30.p17.w963",30,700,0,3,TRUE,"8",17,963,3,1.45964428837047,3139,2.70052083333333,4
"b3.t30.p17.w964",30,1000,10.67,3,TRUE,"2",17,964,2,-0.13798657367752,27,10.7462731481481,10
"b3.t30.p17.w966",30,1000,5.33,3,TRUE,"9",17,966,1,0.32424638653463,81,1.71013888888889,3
"b3.t30.p17.w968",30,1000,12,3,TRUE,"5",17,968,2,-0.204908482962934,28,8.73520833333333,8
"b3.t30.p17.w970",30,100,0,3,TRUE,"1",17,970,1,1.16770619263483,610,1.71013888888889,3
"b3.t30.p17.w972",30,1000,4,3,TRUE,"13",17,972,3,0.220791419079454,113,2.70052083333333,3
"b3.t30.p17.w974",30,1000,8,3,TRUE,"10",17,974,3,-0.143260208763986,33,2.70052083333333,3
"b3.t30.p17.w975",30,25,0,3,TRUE,"13",17,975,1,0.747439082000707,201,1.71013888888889,3
"b3.t30.p17.w977",30,1000,10.67,3,TRUE,"1",17,977,2,-0.152702355862983,31,10.7462731481481,10
"b3.t30.p17.w979",30,100,0,3,TRUE,"11",17,979,3,0.795488906678963,390,1.71013888888889,3
"b3.t30.p17.w983",30,10,0,3,TRUE,"7",17,983,2,0.0258501040397635,59,1.71013888888889,3
"b3.t30.p17.w985",30,700,0,3,TRUE,"11",17,985,3,1.90933407178408,2638,1.71013888888889,3
"b3.t30.p17.w986",30,100,0,3,TRUE,"9",17,986,1,1.08457079516511,552,1.71013888888889,3
"b3.t30.p17.w987",30,100,0,3,TRUE,"13",17,987,1,1.06660403366596,540,1.71013888888889,3
"b3.t30.p17.w988",30,700,0,3,TRUE,"2",17,988,3,1.62691248530245,3640,1.71013888888889,3
"b3.t30.p17.w992",30,700,0,3,TRUE,"4",17,992,3,1.41796605061819,2990,2.70052083333333,4
"b3.t30.p17.w993",30,1000,1.33,3,TRUE,"8",17,993,3,1.0502302055953,5322,2.70052083333333,4
"b3.t30.p17.w994",30,1000,10.67,3,TRUE,"6",17,994,3,-0.190578445915011,31,10.7462731481481,10
"b3.t30.p17.w995",30,1000,6.67,3,TRUE,"14",17,995,3,0.0415267426053814,39,2.70052083333333,3
"b3.t30.p17.w996",30,1000,9.33,3,TRUE,"12",17,996,1,-0.0953050302133564,32,2.70052083333333,3
"b3.t30.p17.w997",30,1000,2.67,3,TRUE,"12",17,997,2,0.490426105100916,907,2.70052083333333,3
"b3.t30.p17.w998",30,100,0,3,TRUE,"3",17,998,1,1.0115585881521,496,1.71013888888889,3
"b3.t30.p18.w1022",30,1000,9.33,3,TRUE,"9",18,1022,1,-0.171208228008369,33,2.70263888888889,3
"b3.t30.p18.w1027",30,1000,9.33,3,TRUE,"6",18,1027,1,-0.185611605450826,30,9.59244212962963,9
"b3.t30.p18.w1028",30,1000,12,3,TRUE,"14",18,1028,2,-0.167422272141699,25,10.748599537037,10
"b3.t30.p18.w1029",30,1000,6.67,3,TRUE,"all",18,1029,3,0.27056002513071,57,2.70263888888889,3
"b3.t30.p18.w1030",30,1000,4,3,TRUE,"5",18,1030,2,0.249612559755301,84,1.71253472222222,3
"b3.t30.p18.w1031",30,1000,0,3,TRUE,"3",18,1031,3,1.57771567734487,4054,2.70263888888889,3
"b3.t30.p18.w1034",30,5,0,3,TRUE,"14",18,1034,3,-0.0488334640328452,55,1.71253472222222,3
"b3.t30.p18.w1035",30,1000,4,3,TRUE,"11",18,1035,3,0.361281403250041,125,2.70263888888889,3
"b3.t30.p18.w1036",30,10,0,3,TRUE,"none",18,1036,2,-0.075771450445837,77,2.70263888888889,3
"b3.t30.p18.w1037",30,1000,12,3,TRUE,"9",18,1037,2,-0.158546441712901,25,10.748599537037,10
"b3.t30.p18.w1041",30,50,0,3,TRUE,"all",18,1041,2,0.596168628667052,215,1.71253472222222,3
"b3.t30.p18.w1042",30,1000,8,3,TRUE,"14",18,1042,2,-0.0544955112185495,32,2.70263888888889,3
"b3.t30.p18.w1043",30,1000,9.33,3,TRUE,"15",18,1043,3,-0.192731013817805,29,10.748599537037,10
"b3.t30.p18.w1044",30,5,0,3,TRUE,"7",18,1044,1,-0.248796130017567,55,10.748599537037,10
"b3.t30.p18.w1050",30,1000,2.67,3,TRUE,"6",18,1050,3,0.452803185028645,399,2.70263888888889,3
"b3.t30.p18.w1054",30,1000,0,3,TRUE,"3",18,1054,2,1.47385825404881,2644,2.70263888888889,3
"b3.t30.p18.w1055",30,5,0,3,TRUE,"12",18,1055,3,-0.10294457468071,63,1.71253472222222,3
"b3.t30.p18.w1056",30,0,0,3,TRUE,"11",18,1056,1,-0.144985254724075,30,10.748599537037,10
"b3.t30.p18.w1058",30,1000,4,3,TRUE,"8",18,1058,3,0.383566550050182,90,2.70263888888889,3
"b3.t30.p18.w1059",30,1000,5.33,3,TRUE,"13",18,1059,2,0.242357440827344,87,2.70263888888889,3
"b3.t30.p18.w1060",30,1,0,3,TRUE,"9",18,1060,3,-0.120804040952178,38,10.748599537037,10
"b3.t30.p18.w1062",30,1000,5.33,3,TRUE,"7",18,1062,2,0.31481790271227,88,2.70263888888889,3
"b3.t30.p18.w1065",30,10,0,3,TRUE,"5",18,1065,1,-0.0573970798848353,62,2.70263888888889,3
"b3.t30.p18.w1067",30,1000,4,3,TRUE,"1",18,1067,2,0.423773876512842,241,1.71253472222222,3
"b3.t30.p18.w1068",30,700,0,3,TRUE,"none",18,1068,2,1.30428605090577,2819,1.71253472222222,3
"b3.t30.p18.w1069",30,100,0,3,TRUE,"7",18,1069,2,1.12055603625769,486,1.71253472222222,3
"b3.t30.p18.w1071",30,1000,0,3,TRUE,"14",18,1071,1,1.51186334671142,5133,1.71253472222222,3
"b3.t30.p18.w1073",30,0,0,3,TRUE,"12",18,1073,1,-0.0601127420771309,38,10.748599537037,10
"b3.t30.p18.w1074",30,1000,10.67,3,TRUE,"10",18,1074,1,-0.203011952442899,26,10.748599537037,10
"b3.t30.p18.w1075",30,5,0,3,TRUE,"9",18,1075,1,-0.126535406920021,51,2.70263888888889,3
"b3.t30.p18.w1076",30,1000,12,3,TRUE,"all",18,1076,2,-0.0533911950922117,24,10.748599537037,10
"b3.t30.p18.w1077",30,100,0,3,TRUE,"14",18,1077,1,1.159508391444,549,1.71253472222222,3
"b3.t30.p18.w1078",30,1000,8,3,TRUE,"13",18,1078,1,0.0290012934885147,31,2.70263888888889,3
"b3.t30.p18.w1079",30,1000,1.33,3,TRUE,"14",18,1079,2,1.09551550262757,6868,2.70263888888889,3
"b3.t30.p19.w1082",30,700,0,3,TRUE,"6",19,1082,2,1.37346260291388,2749,1.71497685185185,3
"b3.t30.p19.w1083",30,1,0,3,TRUE,"1",19,1083,1,-0.255517760225926,50,10.7510416666667,10
"b3.t30.p19.w1084",30,1000,5.33,3,TRUE,"12",19,1084,2,0.0104079749977038,40,2.70615740740741,3
"b3.t30.p19.w1085",30,1000,2.67,3,TRUE,"12",19,1085,3,0.494472214481178,386,1.71497685185185,3
"b3.t30.p19.w1087",30,1,0,3,TRUE,"2",19,1087,1,-0.201305448001551,42,9.59480324074074,9
"b3.t30.p19.w1091",30,0,0,3,TRUE,"12",19,1091,3,-0.0845855271261939,37,10.7510416666667,10
"b3.t30.p19.w1095",30,400,0,3,TRUE,"14",19,1095,2,1.37188980485071,2278,1.71497685185185,3
"b3.t30.p19.w1098",30,10,0,3,TRUE,"15",19,1098,3,0.114745169523544,218,9.59480324074074,9
"b3.t30.p19.w1099",30,1000,1.33,3,TRUE,"11",19,1099,1,1.13219417814695,647,1.71497685185185,3
"b3.t30.p19.w1100",30,1000,12,3,TRUE,"6",19,1100,2,-0.144239828660346,25,10.7510416666667,10
"b3.t30.p19.w1101",30,400,0,3,TRUE,"1",19,1101,1,1.45680687254331,2609,1.71497685185185,3
"b3.t30.p19.w1102",30,1000,12,3,TRUE,"11",19,1102,3,-0.045257164273799,24,10.7510416666667,10
"b3.t30.p19.w1103",30,1000,2.67,3,TRUE,"3",19,1103,2,0.472444452238494,583,2.70615740740741,3
"b3.t30.p19.w1105",30,1000,0,3,TRUE,"6",19,1105,1,1.55827433995698,3007,2.70615740740741,3
"b3.t30.p19.w1106",30,1000,1.33,3,TRUE,"8",19,1106,2,1.16409801102431,4896,2.70615740740741,3
"b3.t30.p19.w1107",30,50,0,3,TRUE,"6",19,1107,2,0.641505461838387,204,1.71497685185185,3
"b3.t30.p19.w1109",30,1000,5.33,3,TRUE,"13",19,1109,3,0.235231767837351,80,2.70615740740741,3
"b3.t30.p19.w1112",30,1000,0,3,TRUE,"15",19,1112,3,1.60482766110447,4027,2.70615740740741,3
"b3.t30.p19.w1113",30,10,0,3,TRUE,"12",19,1113,2,-0.0598153639323984,51,10.7510416666667,10
"b3.t30.p19.w1114",30,10,0,3,TRUE,"5",19,1114,2,-0.0501756255874943,59,2.70615740740741,3
"b3.t30.p19.w1117",30,700,0,3,TRUE,"7",19,1117,3,1.42823249424622,3006,2.70615740740741,3
"b3.t30.p19.w1119",30,100,0,3,TRUE,"8",19,1119,3,1.16942997007222,595,1.71497685185185,3
"b3.t30.p19.w1120",30,25,0,3,TRUE,"4",19,1120,2,0.208944319781315,344,1.71497685185185,3
"b3.t30.p19.w1123",30,25,0,3,TRUE,"6",19,1123,3,0.330737639155406,103,1.71497685185185,3
"b3.t30.p19.w1124",30,1,0,3,TRUE,"6",19,1124,3,-0.12981016379609,45,10.7510416666667,10
"b3.t30.p19.w1126",30,1000,10.67,3,TRUE,"6",19,1126,2,-0.157572204347665,30,10.7510416666667,10
"b3.t30.p19.w1128",30,1000,12,3,TRUE,"4",19,1128,2,-0.142716835850691,26,10.7510416666667,10
"b3.t30.p19.w1129",30,25,0,3,TRUE,"3",19,1129,2,0.203550841135969,80,1.71497685185185,3
"b3.t30.p19.w1132",30,400,0,3,TRUE,"2",19,1132,2,1.54515403687519,2685,1.71497685185185,3
"b3.t30.p19.w1133",30,700,0,3,TRUE,"3",19,1133,2,1.50470731829679,3178,2.70615740740741,3
"b3.t30.p19.w1134",30,5,0,3,TRUE,"4",19,1134,1,-0.0893163733992111,38,9.59480324074074,9
"b3.t30.p19.w1135",30,1000,1.33,3,TRUE,"none",19,1135,2,1.15297591706628,4730,2.70615740740741,3
"b3.t30.p19.w1136",30,0,0,3,TRUE,"6",19,1136,3,-0.0693210574080182,35,10.7510416666667,10
"b3.t30.p19.w1137",30,10,0,3,TRUE,"9",19,1137,3,0.0659600379620249,55,2.70615740740741,3
"b3.t30.p19.w1138",30,700,0,3,TRUE,"12",19,1138,3,1.48634310492984,3017,2.70615740740741,3
"b3.t30.p19.w1139",30,5,0,3,TRUE,"10",19,1139,3,-0.0621513707979706,47,9.59480324074074,9
"b3.t30.p2.w100",30,1000,4,3,TRUE,"6",2,100,1,0.586594139934428,332,1.67554398148148,3
"b3.t30.p2.w101",30,1000,1.33,3,TRUE,"11",2,101,3,1.10226829369547,450,1.67554398148148,3
"b3.t30.p2.w103",30,400,0,3,TRUE,"all",2,103,3,2.10876359973428,2262,1.67554398148148,3
"b3.t30.p2.w105",30,1000,12,3,TRUE,"14",2,105,3,-0.154779554018863,21,10.628599537037,10
"b3.t30.p2.w106",30,10,0,3,TRUE,"1",2,106,3,0.0808990850587334,64,1.67554398148148,3
"b3.t30.p2.w108",30,1000,6.67,3,TRUE,"3",2,108,2,0.0885765076172087,62,1.67554398148148,3
"b3.t30.p2.w110",30,100,0,3,TRUE,"11",2,110,1,0.831041796214494,237,1.67554398148148,3
"b3.t30.p2.w113",30,1000,5.33,3,TRUE,"4",2,113,1,0.371893646320184,98,1.67554398148148,3
"b3.t30.p2.w115",30,1000,10.67,3,TRUE,"all",2,115,3,-0.0400009754744599,25,10.628599537037,10
"b3.t30.p2.w116",30,1000,5.33,3,TRUE,"all",2,116,2,0.258854970535361,109,2.65793981481482,4
"b3.t30.p2.w118",30,1000,2.67,3,TRUE,"none",2,118,2,0.787180224019596,491,1.67554398148148,3
"b3.t30.p2.w62",30,1000,1.33,3,TRUE,"all",2,62,2,1.30818757673711,1078,1.67554398148148,3
"b3.t30.p2.w64",30,1000,8,3,TRUE,"8",2,64,1,-0.145657820916049,49,2.65793981481482,3
"b3.t30.p2.w68",30,1,0,3,TRUE,"1",2,68,3,-0.104777066458898,35,10.628599537037,10
"b3.t30.p2.w70",30,1000,6.67,3,TRUE,"8",2,70,2,0.0395967737617743,61,2.65793981481482,3
"b3.t30.p2.w71",30,1000,10.67,3,TRUE,"15",2,71,2,-0.136411098502555,25,10.628599537037,10
"b3.t30.p2.w73",30,1000,8,3,TRUE,"7",2,73,2,-0.00721692078859297,55,2.65793981481482,3
"b3.t30.p2.w74",30,1000,1.33,3,TRUE,"1",2,74,3,1.23084109593438,3552,2.65793981481482,4
"b3.t30.p2.w76",30,1000,0,3,TRUE,"8",2,76,1,1.53409541591052,2801,1.67554398148148,3
"b3.t30.p2.w79",30,5,0,3,TRUE,"13",2,79,3,-0.0765033982913663,42,10.628599537037,10
"b3.t30.p2.w80",30,1,0,3,TRUE,"2",2,80,3,0.0644198852662235,99,10.628599537037,10
"b3.t30.p2.w84",30,1000,5.33,3,TRUE,"12",2,84,3,0.437136360572564,108,1.67554398148148,3
"b3.t30.p2.w85",30,25,0,3,TRUE,"11",2,85,3,-0.201681833528307,68,1.67554398148148,3
"b3.t30.p2.w89",30,1000,9.33,3,TRUE,"none",2,89,1,-0.176164823283356,29,10.628599537037,10
"b3.t30.p2.w92",30,1000,12,3,TRUE,"12",2,92,2,-0.171155645975639,25,9.55538194444444,9
"b3.t30.p2.w94",30,5,0,3,TRUE,"2",2,94,3,0.0026728506098304,49,1.67554398148148,3
"b3.t30.p2.w99",30,25,0,3,TRUE,"5",2,99,3,0.407497810965293,160,1.67554398148148,3
"b3.t30.p20.w1142",30,1000,2.67,3,TRUE,"9",20,1142,3,0.505677311990926,797,2.70826388888889,3
"b3.t30.p20.w1145",30,0,0,3,TRUE,"13",20,1145,3,-0.171239278887101,36,10.759375,10
"b3.t30.p20.w1146",30,1,0,3,TRUE,"all",20,1146,2,-0.207748083137701,36,10.759375,10
"b3.t30.p20.w1148",30,1000,1.33,3,TRUE,"1",20,1148,1,1.27935372004413,4210,2.70826388888889,3
"b3.t30.p20.w1150",30,1000,6.67,3,TRUE,"none",20,1150,2,-0.0825910968265021,33,2.70826388888889,3
"b3.t30.p20.w1151",30,1000,4,3,TRUE,"6",20,1151,3,0.297465255439845,95,2.70826388888889,3
"b3.t30.p20.w1154",30,1000,0,3,TRUE,"none",20,1154,3,1.55692547499439,4830,1.71721064814815,3
"b3.t30.p20.w1155",30,1000,5.33,3,TRUE,"15",20,1155,3,0.100335393367541,53,2.70826388888889,3
"b3.t30.p20.w1159",30,1000,10.67,3,TRUE,"10",20,1159,2,-0.139195107358425,24,10.759375,10
"b3.t30.p20.w1163",30,1000,9.33,3,TRUE,"none",20,1163,3,-0.206437034509609,32,10.759375,10
"b3.t30.p20.w1164",30,1,0,3,TRUE,"5",20,1164,3,-0.180916460826107,49,10.759375,10
"b3.t30.p20.w1168",30,1000,2.67,3,TRUE,"1",20,1168,1,0.666756053873165,532,1.71721064814815,3
"b3.t30.p20.w1169",30,1000,10.67,3,TRUE,"9",20,1169,1,-0.159062068089198,26,10.759375,10
"b3.t30.p20.w1178",30,1000,0,3,TRUE,"2",20,1178,1,1.72631920046992,3743,2.70826388888889,3
"b3.t30.p20.w1179",30,10,0,3,TRUE,"15",20,1179,2,0.0588062707298394,105,2.70826388888889,3
"b3.t30.p20.w1180",30,1000,0,3,TRUE,"7",20,1180,1,1.68711489978642,4146,2.70826388888889,3
"b3.t30.p20.w1181",30,400,0,3,TRUE,"4",20,1181,2,1.3149138771759,2161,1.71721064814815,3
"b3.t30.p20.w1182",30,1000,8,3,TRUE,"11",20,1182,2,0.0843248800577726,29,2.70826388888889,3
"b3.t30.p20.w1185",30,1000,2.67,3,TRUE,"7",20,1185,2,0.492964242855266,854,2.70826388888889,3
"b3.t30.p20.w1186",30,1000,10.67,3,TRUE,"10",20,1186,3,-0.0886974571046695,20,2.70826388888889,3
"b3.t30.p20.w1187",30,1000,0,3,TRUE,"13",20,1187,3,1.73651806865555,3943,2.70826388888889,3
"b3.t30.p20.w1190",30,1000,9.33,3,TRUE,"13",20,1190,2,-0.157367091386652,26,9.59748842592593,9
"b3.t30.p20.w1193",30,1000,8,3,TRUE,"7",20,1193,3,-0.176857586112007,28,10.759375,10
"b3.t30.p20.w1195",30,50,0,3,TRUE,"3",20,1195,1,0.701128008301245,218,1.71721064814815,3
"b3.t30.p20.w1197",30,1000,10.67,3,TRUE,"12",20,1197,2,-0.155417715775329,26,10.759375,10
"b3.t30.p20.w1199",30,50,0,3,TRUE,"3",20,1199,2,0.587231627930135,253,1.71721064814815,3
"b3.t30.p20.w1200",30,1000,4,3,TRUE,"15",20,1200,2,0.208757480298909,85,2.70826388888889,3
"b3.t30.p21.w1201",30,1000,4,3,TRUE,"12",21,1201,2,0.261883206325844,96,2.71034722222222,3
"b3.t30.p21.w1202",30,1000,9.33,3,TRUE,"3",21,1202,3,-0.148555972442157,26,10.7662731481481,10
"b3.t30.p21.w1203",30,1000,4,3,TRUE,"7",21,1203,3,0.292949762977087,107,2.71034722222222,3
"b3.t30.p21.w1204",30,1,0,3,TRUE,"13",21,1204,2,-0.169954485661812,38,10.7662731481481,10
"b3.t30.p21.w1205",30,1000,6.67,3,TRUE,"10",21,1205,1,0.00484248864563286,31,2.71034722222222,3
"b3.t30.p21.w1208",30,1000,2.67,3,TRUE,"2",21,1208,1,0.712270867685544,1070,3.73673611111111,5
"b3.t30.p21.w1209",30,50,0,3,TRUE,"1",21,1209,1,0.491190792867841,165,1.71953703703704,3
"b3.t30.p21.w1210",30,10,0,3,TRUE,"7",21,1210,3,-0.103507762734896,64,1.71953703703704,3
"b3.t30.p21.w1211",30,100,0,3,TRUE,"all",21,1211,3,1.03139940523375,475,1.71953703703704,3
"b3.t30.p21.w1212",30,1000,0,3,TRUE,"all",21,1212,1,1.50308854942647,2633,2.71034722222222,3
"b3.t30.p21.w1213",30,1000,10.67,3,TRUE,"7",21,1213,2,-0.183056185791388,31,10.7662731481481,10
"b3.t30.p21.w1214",30,1000,1.33,3,TRUE,"6",21,1214,3,1.11215138916114,4509,2.71034722222222,3
"b3.t30.p21.w1215",30,0,0,3,TRUE,"6",21,1215,2,-0.120416296033514,39,10.7662731481481,10
"b3.t30.p21.w1217",30,1000,10.67,3,TRUE,"9",21,1217,2,-0.173744284619123,28,10.7662731481481,10
"b3.t30.p21.w1218",30,400,0,3,TRUE,"none",21,1218,1,1.52883511348633,2431,1.71953703703704,3
"b3.t30.p21.w1220",30,1000,8,3,TRUE,"none",21,1220,3,-0.0998725026786885,28,2.71034722222222,3
"b3.t30.p21.w1221",30,1000,9.33,3,TRUE,"none",21,1221,2,-0.206893891397078,36,10.7662731481481,10
"b3.t30.p21.w1223",30,1000,1.33,3,TRUE,"6",21,1223,1,1.1671274596935,3459,2.71034722222222,3
"b3.t30.p21.w1224",30,1000,6.67,3,TRUE,"4",21,1224,2,-0.0455935074492853,40,2.71034722222222,3
"b3.t30.p21.w1225",30,1000,9.33,3,TRUE,"8",21,1225,3,-0.17855363023075,29,10.7662731481481,10
"b3.t30.p21.w1227",30,1000,9.33,3,TRUE,"3",21,1227,2,-0.232601787848576,37,10.7662731481481,10
"b3.t30.p21.w1230",30,1,0,3,TRUE,"15",21,1230,1,-0.0633891945365274,54,9.59979166666667,9
"b3.t30.p21.w1232",30,50,0,3,TRUE,"7",21,1232,3,0.475940853506794,224,2.71034722222222,3
"b3.t30.p21.w1237",30,1000,0,3,TRUE,"13",21,1237,2,1.51541726531464,2864,2.71034722222222,3
"b3.t30.p21.w1240",30,100,0,3,TRUE,"2",21,1240,2,1.34484936828853,781,1.71953703703704,3
"b3.t30.p21.w1241",30,1000,1.33,3,TRUE,"10",21,1241,3,1.03352564672914,4537,2.71034722222222,3
"b3.t30.p21.w1244",30,1000,5.33,3,TRUE,"15",21,1244,1,0.0687455041644025,41,2.71034722222222,3
"b3.t30.p21.w1246",30,1000,12,3,TRUE,"none",21,1246,3,-0.137569017743614,22,10.7662731481481,10
"b3.t30.p21.w1250",30,1000,0,3,TRUE,"3",21,1250,1,1.67813247442718,3904,2.71034722222222,3
"b3.t30.p21.w1251",30,100,0,3,TRUE,"7",21,1251,3,1.01102617315347,519,1.71953703703704,3
"b3.t30.p21.w1252",30,0,0,3,TRUE,"8",21,1252,1,-0.146698951474598,40,9.59979166666667,9
"b3.t30.p21.w1253",30,1000,12,3,TRUE,"4",21,1253,1,-0.125912183631826,18,10.7662731481481,10
"b3.t30.p21.w1259",30,10,0,3,TRUE,"7",21,1259,1,-0.160511990770105,58,8.74453703703704,8
"b3.t30.p21.w1260",30,5,0,3,TRUE,"7",21,1260,2,-0.13603691063398,43,10.7662731481481,10
"b3.t30.p22.w1261",30,1000,6.67,3,TRUE,"14",22,1261,2,-0.162987648320951,38,10.7686574074074,10
"b3.t30.p22.w1262",30,1000,4,3,TRUE,"3",22,1262,2,0.227319243310356,87,2.71240740740741,3
"b3.t30.p22.w1264",30,100,0,3,TRUE,"12",22,1264,1,1.07921906401434,610,1.72177083333333,3
"b3.t30.p22.w1265",30,1000,4,3,TRUE,"none",22,1265,1,0.234044433138716,82,2.71240740740741,3
"b3.t30.p22.w1267",30,25,0,3,TRUE,"13",22,1267,3,0.165411211753763,103,1.72177083333333,3
"b3.t30.p22.w1272",30,400,0,3,TRUE,"3",22,1272,2,1.36557789363059,2775,1.72177083333333,3
"b3.t30.p22.w1273",30,25,0,3,TRUE,"15",22,1273,1,0.388189670019006,86,1.72177083333333,3
"b3.t30.p22.w1275",30,50,0,3,TRUE,"15",22,1275,2,0.355088964660002,199,2.71240740740741,3
"b3.t30.p22.w1276",30,1000,8,3,TRUE,"6",22,1276,2,-0.0929648470148491,29,2.71240740740741,3
"b3.t30.p22.w1277",30,1000,1.33,3,TRUE,"none",22,1277,3,1.18599032278747,4772,2.71240740740741,3
"b3.t30.p22.w1279",30,1000,0,3,TRUE,"2",22,1279,3,1.57556873032132,3351,2.71240740740741,3
"b3.t30.p22.w1280",30,1000,10.67,3,TRUE,"11",22,1280,3,-0.114671069232895,29,6.80378472222222,7
"b3.t30.p22.w1281",30,1000,1.33,3,TRUE,"8",22,1281,1,1.05004203209755,4864,2.71240740740741,3
"b3.t30.p22.w1285",30,5,0,3,TRUE,"2",22,1285,1,-0.226106079441436,53,10.7686574074074,10
"b3.t30.p22.w1287",30,1000,5.33,3,TRUE,"11",22,1287,1,0.151182256898445,56,2.71240740740741,3
"b3.t30.p22.w1288",30,700,0,3,TRUE,"9",22,1288,2,1.39057830483135,2685,2.71240740740741,3
"b3.t30.p22.w1289",30,50,0,3,TRUE,"all",22,1289,1,0.186504354836201,152,1.72177083333333,3
"b3.t30.p22.w1290",30,1,0,3,TRUE,"5",22,1290,2,0.00716250334348119,92,9.60208333333333,9
"b3.t30.p22.w1291",30,1000,4,3,TRUE,"4",22,1291,1,0.293609522093415,101,2.71240740740741,3
"b3.t30.p22.w1293",30,1,0,3,TRUE,"all",22,1293,3,-0.221088340285495,42,10.7686574074074,10
"b3.t30.p22.w1294",30,700,0,3,TRUE,"8",22,1294,1,1.41013883367593,2519,2.71240740740741,3
"b3.t30.p22.w1296",30,1000,10.67,3,TRUE,"4",22,1296,1,-0.140469056027573,22,10.7686574074074,10
"b3.t30.p22.w1301",30,1000,2.67,3,TRUE,"all",22,1301,2,0.64587731918502,312,2.71240740740741,3
"b3.t30.p22.w1302",30,100,0,3,TRUE,"5",22,1302,3,1.08724238469823,579,1.72177083333333,3
"b3.t30.p22.w1305",30,1000,1.33,3,TRUE,"14",22,1305,1,1.21575492904635,4278,2.71240740740741,3
"b3.t30.p22.w1306",30,25,0,3,TRUE,"11",22,1306,1,0.0193705442136873,74,2.71240740740741,3
"b3.t30.p22.w1307",30,700,0,3,TRUE,"3",22,1307,1,1.4936489673417,3350,2.71240740740741,3
"b3.t30.p22.w1308",30,1000,9.33,3,TRUE,"10",22,1308,3,-0.17900858175191,30,10.7686574074074,10
"b3.t30.p22.w1313",30,1,0,3,TRUE,"13",22,1313,1,-0.237103278118097,56,10.7686574074074,10
"b3.t30.p22.w1316",30,1000,9.33,3,TRUE,"1",22,1316,2,-0.13255931756237,25,10.7686574074074,10
"b3.t30.p22.w1317",30,1000,6.67,3,TRUE,"11",22,1317,2,0.0761184192254385,38,2.71240740740741,3
"b3.t30.p22.w1318",30,1000,5.33,3,TRUE,"6",22,1318,2,-0.00753670229939688,26,2.71240740740741,3
"b3.t30.p22.w1319",30,1000,2.67,3,TRUE,"14",22,1319,3,0.413766507995573,491,2.71240740740741,3
"b3.t30.p22.w1320",30,1,0,3,TRUE,"none",22,1320,2,0.0544713002367616,141,9.60208333333333,9
"b3.t30.p23.w1321",30,10,0,3,TRUE,"8",23,1321,1,0.00879622063813335,65,2.71466435185185,3
"b3.t30.p23.w1323",30,0,0,3,TRUE,"8",23,1323,3,-0.0729693667884766,31,2.71466435185185,3
"b3.t30.p23.w1326",30,1,0,3,TRUE,"7",23,1326,1,-0.18227913339765,39,10.7709490740741,10
"b3.t30.p23.w1328",30,25,0,3,TRUE,"6",23,1328,1,0.370526154823568,93,2.71466435185185,3
"b3.t30.p23.w1329",30,25,0,3,TRUE,"10",23,1329,2,0.27837571569921,77,1.72402777777778,3
"b3.t30.p23.w1330",30,50,0,3,TRUE,"4",23,1330,3,0.474217789551201,207,2.71466435185185,3
"b3.t30.p23.w1332",30,1000,6.67,3,TRUE,"4",23,1332,1,0.0730569647404935,45,2.71466435185185,3
"b3.t30.p23.w1337",30,1000,10.67,3,TRUE,"15",23,1337,3,-0.153968688856176,23,10.7709490740741,10
"b3.t30.p23.w1342",30,10,0,3,TRUE,"10",23,1342,3,-0.0281290619738343,52,2.71466435185185,3
"b3.t30.p23.w1343",30,400,0,3,TRUE,"11",23,1343,2,1.61343548103953,2147,1.72402777777778,3
"b3.t30.p23.w1344",30,100,0,3,TRUE,"5",23,1344,1,0.879784729226237,450,1.72402777777778,3
"b3.t30.p23.w1345",30,1000,10.67,3,TRUE,"13",23,1345,1,-0.144807700917249,27,10.7709490740741,10
"b3.t30.p23.w1348",30,1000,12,3,TRUE,"2",23,1348,2,-0.112779043214602,23,9.60446759259259,9
"b3.t30.p23.w1350",30,1000,2.67,3,TRUE,"11",23,1350,2,0.380789016266908,168,2.71466435185185,3
"b3.t30.p23.w1351",30,1000,1.33,3,TRUE,"9",23,1351,1,1.04130304119952,5334,2.71466435185185,3
"b3.t30.p23.w1354",30,1000,9.33,3,TRUE,"14",23,1354,2,-0.0565426191405233,23,2.71466435185185,3
"b3.t30.p23.w1355",30,1000,4,3,TRUE,"none",23,1355,2,0.278103420727799,105,2.71466435185185,3
"b3.t30.p23.w1357",30,400,0,3,TRUE,"9",23,1357,1,1.34215673708421,2728,1.72402777777778,3
"b3.t30.p23.w1358",30,1000,1.33,3,TRUE,"7",23,1358,1,1.08088667550265,5637,2.71466435185185,3
"b3.t30.p23.w1359",30,10,0,3,TRUE,"8",23,1359,3,-0.0685950577663458,50,2.71466435185185,3
"b3.t30.p23.w1361",30,1000,0,3,TRUE,"5",23,1361,1,1.81139048310771,5716,2.71466435185185,3
"b3.t30.p23.w1362",30,1000,5.33,3,TRUE,"7",23,1362,3,0.235626223870376,74,2.71466435185185,3
"b3.t30.p23.w1363",30,1000,10.67,3,TRUE,"13",23,1363,3,-0.0689162241460523,23,2.71466435185185,3
"b3.t30.p23.w1365",30,400,0,3,TRUE,"none",23,1365,2,1.33305509264636,2659,2.71466435185185,3
"b3.t30.p23.w1369",30,1,0,3,TRUE,"9",23,1369,2,-0.20266242736657,48,10.7709490740741,10
"b3.t30.p23.w1370",30,1000,6.67,3,TRUE,"7",23,1370,3,0.177863778948775,53,2.71466435185185,3
"b3.t30.p23.w1371",30,25,0,3,TRUE,"12",23,1371,2,0.359573453854448,126,2.71466435185185,3
"b3.t30.p23.w1372",30,1000,8,3,TRUE,"2",23,1372,3,0.0291297607706355,29,2.71466435185185,3
"b3.t30.p23.w1374",30,700,0,3,TRUE,"none",23,1374,3,1.59843387589463,3563,2.71466435185185,3
"b3.t30.p23.w1377",30,5,0,3,TRUE,"5",23,1377,2,-0.122258384494921,59,10.7709490740741,10
"b3.t30.p23.w1378",30,0,0,3,TRUE,"2",23,1378,1,-0.116050096025214,27,10.7709490740741,10
"b3.t30.p23.w1379",30,1000,12,3,TRUE,"2",23,1379,1,-0.11640411749283,24,10.7709490740741,10
"b3.t30.p23.w1380",30,1000,1.33,3,TRUE,"3",23,1380,2,1.00156053259684,4261,2.71466435185185,3
"b3.t30.p24.w1381",30,1000,9.33,3,TRUE,"1",24,1381,3,-0.136752770862814,29,2.71675925925926,3
"b3.t30.p24.w1382",30,1000,12,3,TRUE,"1",24,1382,3,-0.110795830021654,23,9.60675925925926,9
"b3.t30.p24.w1383",30,700,0,3,TRUE,"1",24,1383,1,1.36346963359956,2433,2.71675925925926,3
"b3.t30.p24.w1384",30,1000,2.67,3,TRUE,"8",24,1384,1,0.510880588711462,1275,2.71675925925926,3
"b3.t30.p24.w1386",30,0,0,3,TRUE,"all",24,1386,3,-0.205907317967762,37,10.7731481481481,10
"b3.t30.p24.w1387",30,1000,2.67,3,TRUE,"15",24,1387,2,0.477463006759985,1431,2.71675925925926,3
"b3.t30.p24.w1388",30,1000,12,3,TRUE,"1",24,1388,1,-0.197646120294966,33,10.7731481481481,10
"b3.t30.p24.w1389",30,1000,8,3,TRUE,"2",24,1389,1,-0.102148368037247,40,4.60920138888889,5
"b3.t30.p24.w1391",30,1000,10.67,3,TRUE,"11",24,1391,1,-0.0553855527864692,27,10.7731481481481,10
"b3.t30.p24.w1393",30,10,0,3,TRUE,"6",24,1393,1,-0.145739663882976,52,2.71675925925926,3
"b3.t30.p24.w1394",30,100,0,3,TRUE,"12",24,1394,3,0.961941774092106,494,1.72637731481481,3
"b3.t30.p24.w1396",30,400,0,3,TRUE,"5",24,1396,1,1.15219759833362,2034,1.72637731481481,3
"b3.t30.p24.w1397",30,1000,8,3,TRUE,"12",24,1397,3,0.0153744743211005,22,2.71675925925926,3
"b3.t30.p24.w1398",30,5,0,3,TRUE,"1",24,1398,2,-0.276663041516869,56,10.7731481481481,10
"b3.t30.p24.w1403",30,5,0,3,TRUE,"none",24,1403,1,-0.2210930852339,55,10.7731481481481,10
"b3.t30.p24.w1404",30,1000,10.67,3,TRUE,"1",24,1404,3,-0.139932879711529,29,10.7731481481481,10
"b3.t30.p24.w1407",30,1000,6.67,3,TRUE,"3",24,1407,1,0.0281317636601904,34,2.71675925925926,3
"b3.t30.p24.w1408",30,1000,2.67,3,TRUE,"15",24,1408,1,0.560370002435561,1715,2.71675925925926,3
"b3.t30.p24.w1412",30,700,0,3,TRUE,"11",24,1412,2,1.77153475517525,2581,1.72637731481481,3
"b3.t30.p24.w1414",30,400,0,3,TRUE,"14",24,1414,3,1.34187920237693,2111,1.72637731481481,3
"b3.t30.p24.w1415",30,50,0,3,TRUE,"2",24,1415,1,0.436584033914689,162,2.71675925925926,3
"b3.t30.p24.w1416",30,400,0,3,TRUE,"6",24,1416,1,1.28060378901391,2270,2.71675925925926,3
"b3.t30.p24.w1417",30,1000,6.67,3,TRUE,"7",24,1417,2,0.111949958823582,40,2.71675925925926,3
"b3.t30.p24.w1419",30,10,0,3,TRUE,"5",24,1419,3,-0.165629869265582,49,10.7731481481481,10
"b3.t30.p24.w1420",30,1000,5.33,3,TRUE,"9",24,1420,3,0.288893895718567,88,2.71675925925926,3
"b3.t30.p24.w1424",30,1000,4,3,TRUE,"14",24,1424,3,0.265923736497206,80,2.71675925925926,3
"b3.t30.p24.w1426",30,400,0,3,TRUE,"7",24,1426,1,1.23068961191741,2201,2.71675925925926,3
"b3.t30.p24.w1428",30,25,0,3,TRUE,"13",24,1428,2,0.0450140436594545,72,2.71675925925926,3
"b3.t30.p24.w1431",30,25,0,3,TRUE,"14",24,1431,1,0.355503702034168,95,1.72637731481481,3
"b3.t30.p24.w1432",30,0,0,3,TRUE,"3",24,1432,1,-0.0566853045286965,30,2.71675925925926,3
"b3.t30.p24.w1433",30,1000,1.33,3,TRUE,"5",24,1433,3,1.06797997699553,5075,2.71675925925926,3
"b3.t30.p24.w1434",30,700,0,3,TRUE,"11",24,1434,1,1.37561345285611,3133,2.71675925925926,3
"b3.t30.p24.w1436",30,100,0,3,TRUE,"3",24,1436,3,1.10037325468255,478,1.72637731481481,3
"b3.t30.p24.w1437",30,1000,2.67,3,TRUE,"10",24,1437,3,0.542134669449058,1475,2.71675925925926,3
"b3.t30.p24.w1439",30,1000,2.67,3,TRUE,"5",24,1439,1,0.606528433430766,1584,2.71675925925926,3
"b3.t30.p25.w1441",30,700,0,3,TRUE,"7",25,1441,1,1.32674212508386,2412,2.71888888888889,3
"b3.t30.p25.w1443",30,1000,0,3,TRUE,"12",25,1443,3,1.61241528604696,4584,2.71888888888889,3
"b3.t30.p25.w1444",30,1000,2.67,3,TRUE,"2",25,1444,3,0.745447319191236,1332,3.74584490740741,4
"b3.t30.p25.w1446",30,1000,2.67,3,TRUE,"6",25,1446,1,0.572663508614176,1600,2.71888888888889,3
"b3.t30.p25.w1450",30,400,0,3,TRUE,"all",25,1450,1,1.24404328701117,2341,2.71888888888889,3
"b3.t30.p25.w1453",30,0,0,3,TRUE,"none",25,1453,1,-0.235419530892684,54,10.7753009259259,10
"b3.t30.p25.w1455",30,1000,6.67,3,TRUE,"6",25,1455,3,0.0449625288425527,35,2.71888888888889,3
"b3.t30.p25.w1456",30,1000,2.67,3,TRUE,"13",25,1456,1,0.597974741972726,1492,2.71888888888889,3
"b3.t30.p25.w1459",30,1000,4,3,TRUE,"8",25,1459,1,0.336140158540406,104,2.71888888888889,3
"b3.t30.p25.w1462",30,1000,9.33,3,TRUE,"2",25,1462,3,-0.131893230815247,29,10.7753009259259,10
"b3.t30.p25.w1467",30,10,0,3,TRUE,"10",25,1467,1,-0.19371875316129,56,9.60922453703704,9
"b3.t30.p25.w1468",30,1000,12,3,TRUE,"3",25,1468,1,-0.169484165507967,30,10.7753009259259,10
"b3.t30.p25.w1469",30,1000,1.33,3,TRUE,"10",25,1469,1,1.06373637455232,5160,2.71888888888889,3
"b3.t30.p25.w1470",30,1000,4,3,TRUE,"9",25,1470,2,0.304701917976232,112,2.71888888888889,3
"b3.t30.p25.w1471",30,100,0,3,TRUE,"all",25,1471,2,0.640780102210098,433,2.71888888888889,3
"b3.t30.p25.w1472",30,1000,2.67,3,TRUE,"10",25,1472,2,0.600142646950746,1235,2.71888888888889,3
"b3.t30.p25.w1473",30,1000,10.67,3,TRUE,"8",25,1473,2,-0.186007779157081,30,10.7753009259259,10
"b3.t30.p25.w1474",30,1000,12,3,TRUE,"all",25,1474,3,-0.111926174286376,31,4.61127314814815,5
"b3.t30.p25.w1478",30,0,0,3,TRUE,"9",25,1478,1,-0.26534626026765,53,10.7753009259259,10
"b3.t30.p25.w1480",30,50,0,3,TRUE,"13",25,1480,2,0.28589055857858,123,2.71888888888889,3
"b3.t30.p25.w1482",30,50,0,3,TRUE,"3",25,1482,3,0.39225496667129,152,2.71888888888889,3
"b3.t30.p25.w1484",30,1,0,3,TRUE,"none",25,1484,1,-0.262859129175342,66,10.7753009259259,10
"b3.t30.p25.w1486",30,1000,10.67,3,TRUE,"11",25,1486,2,-0.0576569889193001,28,3.74584490740741,4
"b3.t30.p25.w1488",30,25,0,3,TRUE,"1",25,1488,2,-0.0303758109772535,64,2.71888888888889,3
"b3.t30.p25.w1489",30,1000,8,3,TRUE,"13",25,1489,2,-0.0723388180335248,33,2.71888888888889,3
"b3.t30.p25.w1492",30,1000,10.67,3,TRUE,"5",25,1492,1,-0.165155635549456,28,10.7753009259259,10
"b3.t30.p25.w1497",30,0,0,3,TRUE,"1",25,1497,3,-0.243533600836261,50,10.7753009259259,10
"b3.t30.p25.w1498",30,0,0,3,TRUE,"2",25,1498,3,-0.145463828143859,55,10.7753009259259,10
"b3.t30.p26.w1501",30,1000,6.67,3,TRUE,"8",26,1501,3,-0.0598716885554014,40,2.72097222222222,3
"b3.t30.p26.w1502",30,25,0,3,TRUE,"5",26,1502,1,0.0763405363840315,84,2.72097222222222,3
"b3.t30.p26.w1503",30,1,0,3,TRUE,"8",26,1503,1,-0.0873461819939994,58,10.7774421296296,10
"b3.t30.p26.w1504",30,400,0,3,TRUE,"10",26,1504,3,1.3093432587055,1955,1.73087962962963,3
"b3.t30.p26.w1505",30,1000,5.33,3,TRUE,"11",26,1505,2,0.256828177098726,71,2.72097222222222,3
"b3.t30.p26.w1506",30,1000,6.67,3,TRUE,"10",26,1506,2,-0.0305017171806561,36,2.72097222222222,3
"b3.t30.p26.w1507",30,1000,0,3,TRUE,"8",26,1507,2,1.45376323599273,3379,2.72097222222222,3
"b3.t30.p26.w1508",30,100,0,3,TRUE,"10",26,1508,1,0.704408704064382,560,2.72097222222222,3
"b3.t30.p26.w1510",30,1000,10.67,3,TRUE,"13",26,1510,2,-0.199073019958569,32,10.7774421296296,10
"b3.t30.p26.w1511",30,1000,5.33,3,TRUE,"14",26,1511,1,0.0268710092880699,42,2.72097222222222,3
"b3.t30.p26.w1514",30,1000,1.33,3,TRUE,"2",26,1514,1,1.13961877186315,5193,2.72097222222222,3
"b3.t30.p26.w1516",30,10,0,3,TRUE,"13",26,1516,2,-0.100006559541838,57,1.73087962962963,3
"b3.t30.p26.w1517",30,10,0,3,TRUE,"13",26,1517,3,-0.244654323030685,62,10.7774421296296,10
"b3.t30.p26.w1518",30,1000,10.67,3,TRUE,"none",26,1518,1,-0.168921673535066,30,10.7774421296296,10
"b3.t30.p26.w1519",30,1000,8,3,TRUE,"7",26,1519,1,-0.0332059221208974,23,2.72097222222222,3
"b3.t30.p26.w1523",30,1000,0,3,TRUE,"14",26,1523,2,1.54133138886685,4541,2.72097222222222,3
"b3.t30.p26.w1526",30,1000,6.67,3,TRUE,"13",26,1526,1,0.0835887963696489,40,2.72097222222222,3
"b3.t30.p26.w1527",30,1,0,3,TRUE,"12",26,1527,2,-0.112558359224514,51,10.7774421296296,10
"b3.t30.p26.w1530",30,1000,9.33,3,TRUE,"7",26,1530,3,-0.0861271517277907,26,2.72097222222222,3
"b3.t30.p26.w1535",30,25,0,3,TRUE,"all",26,1535,1,0.420925931931726,98,1.73087962962963,3
"b3.t30.p26.w1536",30,1000,1.33,3,TRUE,"2",26,1536,2,1.24918315280859,4670,2.72097222222222,3
"b3.t30.p26.w1538",30,700,0,3,TRUE,"8",26,1538,2,1.35463406203076,3183,2.72097222222222,3
"b3.t30.p26.w1539",30,1000,4,3,TRUE,"3",26,1539,3,0.23043173309791,77,2.72097222222222,3
"b3.t30.p26.w1540",30,1000,6.67,3,TRUE,"1",26,1540,1,0.0253986788480525,33,2.72097222222222,3
"b3.t30.p26.w1542",30,1000,0,3,TRUE,"4",26,1542,4,1.45843507933415,4618,2.72097222222222,3
"b3.t30.p26.w1544",30,1000,12,3,TRUE,"9",26,1544,3,-0.145222162161334,28,10.7774421296296,10
"b3.t30.p26.w1545",30,1000,5.33,3,TRUE,"9",26,1545,2,0.162924160611917,60,2.72097222222222,3
"b3.t30.p26.w1546",30,1000,0,3,TRUE,"4",26,1546,2,1.34124348997432,2515,2.72097222222222,3
"b3.t30.p26.w1547",30,1000,0,3,TRUE,"12",26,1547,2,1.45875369992366,3722,2.72097222222222,3
"b3.t30.p26.w1548",30,0,0,3,TRUE,"12",26,1548,2,-0.140879242269777,47,10.7774421296296,10
"b3.t30.p26.w1549",30,50,0,3,TRUE,"none",26,1549,2,0.598122527280249,183,1.73087962962963,3
"b3.t30.p26.w1552",30,1000,6.67,3,TRUE,"15",26,1552,3,-0.0375618775388537,34,2.72097222222222,3
"b3.t30.p26.w1555",30,400,0,3,TRUE,"11",26,1555,1,1.29323918535479,2130,2.72097222222222,3
"b3.t30.p26.w1557",30,1000,12,3,TRUE,"12",26,1557,1,-0.131750520138322,23,10.7774421296296,10
"b3.t30.p26.w1558",30,1000,2.67,3,TRUE,"5",26,1558,3,0.495411127573481,991,2.72097222222222,3
"b3.t30.p26.w1560",30,1000,0,3,TRUE,"1",26,1560,3,1.51834915229167,4785,2.72097222222222,3
"b3.t30.p27.w1561",30,1000,12,3,TRUE,"5",27,1561,1,-0.197129173470131,34,10.8024652777778,10
"b3.t30.p27.w1562",30,0,0,3,TRUE,"4",27,1562,3,0.0607033495340691,120,9.61392361111111,9
"b3.t30.p27.w1563",30,1000,1.33,3,TRUE,"12",27,1563,1,0.89909538890309,5027,2.72309027777778,3
"b3.t30.p27.w1564",30,0,0,3,TRUE,"5",27,1564,1,-0.0109712080404996,58,10.8024652777778,10
"b3.t30.p27.w1567",30,0,0,3,TRUE,"1",27,1567,2,-0.189391009899667,42,10.8024652777778,10
"b3.t30.p27.w1568",30,5,0,3,TRUE,"12",27,1568,2,-0.121867445577786,61,2.72309027777778,3
"b3.t30.p27.w1571",30,25,0,3,TRUE,"3",27,1571,1,0.452575731859481,158,1.73305555555556,3
"b3.t30.p27.w1572",30,25,0,3,TRUE,"9",27,1572,1,0.28917567182884,122,2.72309027777778,3
"b3.t30.p27.w1573",30,50,0,3,TRUE,"4",27,1573,2,0.595199613990004,147,1.73305555555556,3
"b3.t30.p27.w1577",30,10,0,3,TRUE,"4",27,1577,3,-0.0463849260519211,59,2.72309027777778,3
"b3.t30.p27.w1580",30,100,0,3,TRUE,"15",27,1580,3,0.603302183755015,491,2.72309027777778,3
"b3.t30.p27.w1582",30,1000,4,3,TRUE,"15",27,1582,3,0.320912768183654,171,2.72309027777778,3
"b3.t30.p27.w1584",30,1000,4,3,TRUE,"11",27,1584,1,0.194964881190929,78,2.72309027777778,3
"b3.t30.p27.w1585",30,25,0,3,TRUE,"4",27,1585,1,0.18936196430156,123,2.72309027777778,3
"b3.t30.p27.w1586",30,50,0,3,TRUE,"13",27,1586,1,0.51315932126735,199,2.72309027777778,3
"b3.t30.p27.w1590",30,1000,9.33,3,TRUE,"2",27,1590,1,-0.124782185892951,35,4.6155787037037,5
"b3.t30.p27.w1593",30,400,0,3,TRUE,"13",27,1593,1,1.20068721691674,2545,2.72309027777778,3
"b3.t30.p27.w1596",30,0,0,3,TRUE,"none",27,1596,2,-0.123994605283816,47,10.8024652777778,10
"b3.t30.p27.w1597",30,25,0,3,TRUE,"1",27,1597,3,0.177745901902226,88,2.72309027777778,3
"b3.t30.p27.w1598",30,25,0,3,TRUE,"none",27,1598,1,0.23334803846135,98,2.72309027777778,3
"b3.t30.p27.w1599",30,25,0,3,TRUE,"all",27,1599,2,-0.02234089703546,72,2.72309027777778,3
"b3.t30.p27.w1600",30,5,0,3,TRUE,"4",27,1600,2,-0.134251311133632,57,10.8024652777778,10
"b3.t30.p27.w1602",30,50,0,3,TRUE,"4",27,1602,1,0.577620705000119,234,2.72309027777778,3
"b3.t30.p27.w1606",30,10,0,3,TRUE,"3",27,1606,3,-0.0952736445887362,64,2.72309027777778,3
"b3.t30.p27.w1607",30,1000,9.33,3,TRUE,"4",27,1607,3,-0.105562424001835,27,4.6155787037037,5
"b3.t30.p27.w1608",30,1,0,3,TRUE,"12",27,1608,3,-0.137525929833655,58,10.8024652777778,10
"b3.t30.p27.w1610",30,1,0,3,TRUE,"11",27,1610,3,-0.209575293720232,58,10.8024652777778,10
"b3.t30.p27.w1611",30,700,0,3,TRUE,"15",27,1611,3,1.20513230093478,2592,2.72309027777778,3
"b3.t30.p27.w1612",30,5,0,3,TRUE,"13",27,1612,2,-0.142288947532593,57,10.8024652777778,10
"b3.t30.p27.w1613",30,1000,10.67,3,TRUE,"3",27,1613,2,-0.099329757197699,25,10.8024652777778,10
"b3.t30.p27.w1614",30,1000,6.67,3,TRUE,"4",27,1614,3,0.160827863231955,51,2.72309027777778,3
"b3.t30.p27.w1620",30,1000,9.33,3,TRUE,"8",27,1620,2,-0.176953842624663,29,10.8024652777778,10
"b3.t30.p28.w1621",30,700,0,3,TRUE,"5",28,1621,3,1.42840046146471,3209,2.72517361111111,3
"b3.t30.p28.w1622",30,400,0,3,TRUE,"1",28,1622,3,1.3177752165421,2419,2.72517361111111,3
"b3.t30.p28.w1624",30,1000,0,3,TRUE,"none",28,1624,1,1.62680078124291,4000,2.72517361111111,3
"b3.t30.p28.w1625",30,0,0,3,TRUE,"10",28,1625,2,-0.18225233205776,50,10.8047222222222,10
"b3.t30.p28.w1628",30,700,0,3,TRUE,"6",28,1628,1,1.41933479538948,3275,2.72517361111111,3
"b3.t30.p28.w1629",30,1000,6.67,3,TRUE,"5",28,1629,2,0.0273590876537671,43,2.72517361111111,3
"b3.t30.p28.w1631",30,400,0,3,TRUE,"5",28,1631,3,1.17579273359759,2030,2.72517361111111,3
"b3.t30.p28.w1633",30,1000,8,3,TRUE,"10",28,1633,1,-0.0379847274205131,29,2.72517361111111,3
"b3.t30.p28.w1634",30,1,0,3,TRUE,"3",28,1634,2,-0.223856885952565,67,10.8047222222222,10
"b3.t30.p28.w1635",30,1,0,3,TRUE,"1",28,1635,2,-0.233315604548147,61,10.8047222222222,10
"b3.t30.p28.w1636",30,1000,2.67,3,TRUE,"13",28,1636,2,0.733786299978286,1695,2.72517361111111,3
"b3.t30.p28.w1637",30,1000,4,3,TRUE,"12",28,1637,3,0.327704913906949,111,2.72517361111111,3
"b3.t30.p28.w1639",30,100,0,3,TRUE,"7",28,1639,1,0.629926469886351,393,2.72517361111111,3
"b3.t30.p28.w1640",30,1000,8,3,TRUE,"all",28,1640,3,0.094818885213706,38,2.72517361111111,3
"b3.t30.p28.w1643",30,400,0,3,TRUE,"15",28,1643,1,1.15910650090648,1843,2.72517361111111,3
"b3.t30.p28.w1646",30,1000,0,3,TRUE,"10",28,1646,2,1.3958750750431,3452,2.72517361111111,3
"b3.t30.p28.w1648",30,700,0,3,TRUE,"2",28,1648,1,1.36049455239793,2476,2.72517361111111,3
"b3.t30.p28.w1649",30,1,0,3,TRUE,"15",28,1649,2,-0.158067958749862,60,10.8047222222222,10
"b3.t30.p28.w1650",30,0,0,3,TRUE,"14",28,1650,2,-0.153134714612476,53,10.8047222222222,10
"b3.t30.p28.w1652",30,25,0,3,TRUE,"2",28,1652,2,0.199339099107064,169,2.72517361111111,3
"b3.t30.p28.w1655",30,1000,4,3,TRUE,"1",28,1655,1,0.405659132290462,268,2.72517361111111,3
"b3.t30.p28.w1656",30,1000,5.33,3,TRUE,"2",28,1656,1,0.254478609228441,148,2.72517361111111,3
"b3.t30.p28.w1657",30,1000,10.67,3,TRUE,"4",28,1657,2,-0.152036273813036,30,10.8047222222222,10
"b3.t30.p28.w1658",30,1000,4,3,TRUE,"9",28,1658,1,0.459790579184429,180,2.72517361111111,3
"b3.t30.p28.w1659",30,1000,1.33,3,TRUE,"7",28,1659,2,1.02743170120248,5340,2.72517361111111,3
"b3.t30.p28.w1661",30,1000,0,3,TRUE,"12",28,1661,1,1.53893876730855,3967,2.72517361111111,3
"b3.t30.p28.w1664",30,0,0,3,TRUE,"all",28,1664,1,-0.237801376717293,55,10.8047222222222,10
"b3.t30.p28.w1667",30,1000,1.33,3,TRUE,"14",28,1667,3,1.05058764249456,5179,2.72517361111111,3
"b3.t30.p28.w1668",30,1000,1.33,3,TRUE,"3",28,1668,3,0.987994065942189,5017,2.72517361111111,3
"b3.t30.p28.w1670",30,25,0,3,TRUE,"11",28,1670,2,0.071203126722622,117,2.72517361111111,3
"b3.t30.p28.w1671",30,10,0,3,TRUE,"1",28,1671,1,0.0180056673590102,77,2.72517361111111,3
"b3.t30.p28.w1674",30,1000,8,3,TRUE,"3",28,1674,2,-0.0116759832433423,30,2.72517361111111,3
"b3.t30.p28.w1675",30,1000,1.33,3,TRUE,"5",28,1675,2,0.946078059926343,4645,2.72517361111111,3
"b3.t30.p28.w1676",30,400,0,3,TRUE,"12",28,1676,1,1.18849367610211,1924,2.72517361111111,3
"b3.t30.p28.w1679",30,1000,12,3,TRUE,"5",28,1679,3,-0.183090269691634,28,10.8047222222222,10
"b3.t30.p28.w1680",30,1000,8,3,TRUE,"1",28,1680,1,-0.0716462034050769,33,2.72517361111111,3
"b3.t30.p29.w1683",30,1000,12,3,TRUE,"6",29,1683,1,-0.180090138593203,28,10.8068865740741,10
"b3.t30.p29.w1685",30,10,0,3,TRUE,"11",29,1685,3,-0.0186349114276413,95,2.72737268518519,3
"b3.t30.p29.w1686",30,1000,2.67,3,TRUE,"9",29,1686,1,0.707196781715394,1530,2.72737268518519,3
"b3.t30.p29.w1687",30,10,0,3,TRUE,"6",29,1687,2,-0.0499263112646897,76,2.72737268518519,3
"b3.t30.p29.w1689",30,1000,10.67,3,TRUE,"15",29,1689,1,-0.137610412312623,27,10.8068865740741,10
"b3.t30.p29.w1691",30,400,0,3,TRUE,"5",29,1691,2,1.31942265205399,2673,2.72737268518519,3
"b3.t30.p29.w1692",30,1000,12,3,TRUE,"9",29,1692,1,-0.137823882121356,27,10.8068865740741,10
"b3.t30.p29.w1693",30,1000,0,3,TRUE,"4",29,1693,3,1.49582708307058,4344,2.72737268518519,3
"b3.t30.p29.w1694",30,1000,6.67,3,TRUE,"2",29,1694,1,0.132101835449756,59,2.72737268518519,3
"b3.t30.p29.w1696",30,1000,9.33,3,TRUE,"15",29,1696,2,-0.0645695191275069,27,2.72737268518519,3
"b3.t30.p29.w1697",30,400,0,3,TRUE,"12",29,1697,3,1.18043797714305,2559,2.72737268518519,3
"b3.t30.p29.w1699",30,10,0,3,TRUE,"3",29,1699,1,0.0508634414830203,88,2.72737268518519,3
"b3.t30.p29.w1700",30,100,0,3,TRUE,"6",29,1700,2,0.660178157018995,534,2.72737268518519,3
"b3.t30.p29.w1701",30,5,0,3,TRUE,"8",29,1701,2,-0.109100494001317,65,2.72737268518519,3
"b3.t30.p29.w1702",30,400,0,3,TRUE,"4",29,1702,1,1.3120178741563,2846,2.72737268518519,3
"b3.t30.p29.w1703",30,1000,12,3,TRUE,"8",29,1703,2,-0.141031891672732,22,10.8068865740741,10
"b3.t30.p29.w1705",30,1,0,3,TRUE,"8",29,1705,3,-0.132513993235633,57,10.8068865740741,10
"b3.t30.p29.w1706",30,1000,6.67,3,TRUE,"none",29,1706,3,0.0721861691878201,41,2.72737268518519,3
"b3.t30.p29.w1707",30,1000,1.33,3,TRUE,"4",29,1707,1,1.16916212572857,4822,2.72737268518519,3
"b3.t30.p29.w1709",30,1000,2.67,3,TRUE,"9",29,1709,2,0.657302179028511,1068,2.72737268518519,3
"b3.t30.p29.w1712",30,1000,8,3,TRUE,"1",29,1712,3,-0.0974324699431321,33,2.72737268518519,3
"b3.t30.p29.w1714",30,1000,2.67,3,TRUE,"none",29,1714,3,0.589754584772684,1167,2.72737268518519,3
"b3.t30.p29.w1717",30,25,0,3,TRUE,"9",29,1717,3,0.222582166036415,173,2.72737268518519,3
"b3.t30.p29.w1719",30,50,0,3,TRUE,"8",29,1719,3,0.514023097508536,286,2.72737268518519,3
"b3.t30.p29.w1726",30,100,0,3,TRUE,"4",29,1726,2,0.589203652197605,507,2.72737268518519,3
"b3.t30.p29.w1730",30,400,0,3,TRUE,"12",29,1730,2,1.18838069153177,1788,2.72737268518519,3
"b3.t30.p29.w1731",30,0,0,3,TRUE,"10",29,1731,1,0.0800841136358322,117,10.8068865740741,10
"b3.t30.p29.w1732",30,0,0,3,TRUE,"11",29,1732,3,-0.209694512249463,45,10.8068865740741,10
"b3.t30.p29.w1738",30,1000,10.67,3,TRUE,"all",29,1738,1,-0.0281952014166789,27,8.76246527777778,8
"b3.t30.p29.w1740",30,1000,0,3,TRUE,"7",29,1740,3,1.2769258205435,2794,2.72737268518519,3
"b3.t30.p3.w123",30,100,0,3,TRUE,"4",3,123,1,1.22351190896822,534,1.67800925925926,3
"b3.t30.p3.w125",30,1000,12,3,TRUE,"14",3,125,1,-0.149729633751735,22,10.6311458333333,10
"b3.t30.p3.w128",30,1000,5.33,3,TRUE,"4",3,128,2,0.247477273555147,98,1.67800925925926,3
"b3.t30.p3.w133",30,1000,1.33,3,TRUE,"7",3,133,3,1.20588910063416,3869,2.66005787037037,4
"b3.t30.p3.w134",30,1000,10.67,3,TRUE,"4",3,134,3,-0.156817222561064,25,10.6311458333333,10
"b3.t30.p3.w135",30,1000,8,3,TRUE,"all",3,135,1,0.0243859415873513,50,2.66005787037037,3
"b3.t30.p3.w136",30,1,0,3,TRUE,"3",3,136,3,-0.11777167535482,34,10.6311458333333,10
"b3.t30.p3.w138",30,1000,1.33,3,TRUE,"15",3,138,1,1.17590245654978,3822,2.66005787037037,4
"b3.t30.p3.w140",30,1000,9.33,3,TRUE,"6",3,140,2,-0.229454719778534,36,10.6311458333333,10
"b3.t30.p3.w141",30,10,0,3,TRUE,"13",3,141,1,-0.103634442874921,58,1.67800925925926,3
"b3.t30.p3.w143",30,1000,4,3,TRUE,"1",3,143,3,0.358385496352294,218,1.67800925925926,3
"b3.t30.p3.w144",30,1000,6.67,3,TRUE,"12",3,144,1,-0.0275794138106556,51,2.66005787037037,3
"b3.t30.p3.w145",30,1000,8,3,TRUE,"all",3,145,2,0.0492511962815014,54,2.66005787037037,3
"b3.t30.p3.w150",30,1000,5.33,3,TRUE,"all",3,150,1,0.497100383505125,149,1.67800925925926,3
"b3.t30.p3.w151",30,1000,2.67,3,TRUE,"11",3,151,1,0.700027695855241,196,1.67800925925926,3
"b3.t30.p3.w152",30,1000,5.33,3,TRUE,"1",3,152,1,0.354866166505325,128,1.67800925925926,3
"b3.t30.p3.w154",30,400,0,3,TRUE,"4",3,154,3,1.40146040231931,1944,1.67800925925926,3
"b3.t30.p3.w155",30,1000,5.33,3,TRUE,"2",3,155,2,0.436828831195143,164,1.67800925925926,3
"b3.t30.p3.w156",30,1000,10.67,3,TRUE,"12",3,156,1,-0.139195343667082,24,10.6311458333333,10
"b3.t30.p3.w157",30,1000,10.67,3,TRUE,"8",3,157,1,-0.156944428172585,21,10.6311458333333,10
"b3.t30.p3.w162",30,700,0,3,TRUE,"6",3,162,3,1.48391801878131,1852,1.67800925925926,3
"b3.t30.p3.w163",30,5,0,3,TRUE,"3",3,163,3,-0.103119028137482,52,1.67800925925926,3
"b3.t30.p3.w164",30,25,0,3,TRUE,"6",3,164,2,0.235846791507053,159,1.67800925925926,3
"b3.t30.p3.w167",30,1000,4,3,TRUE,"none",3,167,3,0.487796941270476,134,1.67800925925926,3
"b3.t30.p3.w169",30,700,0,3,TRUE,"12",3,169,2,1.65463377393377,2101,1.67800925925926,3
"b3.t30.p3.w173",30,1000,0,3,TRUE,"all",3,173,2,2.13407223027538,2365,1.67800925925926,3
"b3.t30.p3.w174",30,400,0,3,TRUE,"13",3,174,2,1.40712075506001,2051,1.67800925925926,3
"b3.t30.p3.w175",30,1000,6.67,3,TRUE,"9",3,175,3,0.0801742158552553,82,2.66005787037037,3
"b3.t30.p3.w177",30,400,0,3,TRUE,"3",3,177,3,1.45344951682048,2304,1.67800925925926,3
"b3.t30.p3.w180",30,1000,2.67,3,TRUE,"12",3,180,1,0.416763181424276,286,1.67800925925926,3
"b3.t30.p30.w1742",30,1000,5.33,3,TRUE,"2",30,1742,3,0.161175782274142,72,2.72979166666667,3
"b3.t30.p30.w1745",30,400,0,3,TRUE,"1",30,1745,2,1.24325089757966,2252,2.72979166666667,3
"b3.t30.p30.w1747",30,1000,10.67,3,TRUE,"2",30,1747,1,-0.186241626713415,31,10.8091435185185,10
"b3.t30.p30.w1749",30,1000,5.33,3,TRUE,"13",30,1749,1,0.281695439387956,71,2.72979166666667,3
"b3.t30.p30.w1750",30,1000,0,3,TRUE,"2",30,1750,2,1.33837544161906,2570,2.72979166666667,3
"b3.t30.p30.w1751",30,0,0,3,TRUE,"2",30,1751,2,0.0296909863138345,56,5.74512731481482,6
"b3.t30.p30.w1752",30,1000,0,3,TRUE,"none",30,1752,2,1.35127542165178,3379,2.72979166666667,3
"b3.t30.p30.w1753",30,1000,12,3,TRUE,"3",30,1753,3,-0.149783002285734,26,10.8091435185185,10
"b3.t30.p30.w1756",30,1000,12,3,TRUE,"6",30,1756,3,-0.173220362105035,31,10.8091435185185,10
"b3.t30.p30.w1757",30,1000,8,3,TRUE,"3",30,1757,3,-0.0878459414203599,30,2.72979166666667,3
"b3.t30.p30.w1763",30,1000,2.67,3,TRUE,"none",30,1763,1,0.568094395364095,1365,2.72979166666667,3
"b3.t30.p30.w1764",30,1000,2.67,3,TRUE,"13",30,1764,3,0.688362884447215,1747,2.72979166666667,3
"b3.t30.p30.w1765",30,5,0,3,TRUE,"all",30,1765,2,-0.244912502511936,68,10.8091435185185,10
"b3.t30.p30.w1766",30,1000,6.67,3,TRUE,"14",30,1766,1,0.0103541839464883,40,2.72979166666667,3
"b3.t30.p30.w1767",30,700,0,3,TRUE,"5",30,1767,1,1.19862558104586,2136,2.72979166666667,3
"b3.t30.p30.w1769",30,100,0,3,TRUE,"14",30,1769,3,0.57474979479315,441,2.72979166666667,3
"b3.t30.p30.w1771",30,700,0,3,TRUE,"none",30,1771,1,1.15263048062102,1826,2.72979166666667,3
"b3.t30.p30.w1773",30,1000,4,3,TRUE,"12",30,1773,1,0.344144904390503,120,2.72979166666667,3
"b3.t30.p30.w1777",30,1000,2.67,3,TRUE,"15",30,1777,3,0.635865304172841,1951,2.72979166666667,3
"b3.t30.p30.w1779",30,1000,5.33,3,TRUE,"7",30,1779,1,0.158699399261343,70,2.72979166666667,3
"b3.t30.p30.w1780",30,1000,8,3,TRUE,"4",30,1780,1,-0.134071254011103,28,10.8091435185185,10
"b3.t30.p30.w1783",30,50,0,3,TRUE,"6",30,1783,1,0.407740827132073,215,2.72979166666667,3
"b3.t30.p30.w1787",30,100,0,3,TRUE,"9",30,1787,2,0.596412477390329,401,2.72979166666667,3
"b3.t30.p30.w1788",30,1000,4,3,TRUE,"5",30,1788,3,0.286723010451314,85,2.72979166666667,3
"b3.t30.p30.w1790",30,1000,10.67,3,TRUE,"14",30,1790,2,-0.0586640129839828,22,2.72979166666667,3
"b3.t30.p30.w1791",30,1000,5.33,3,TRUE,"3",30,1791,2,0.0812548223666369,33,2.72979166666667,3
"b3.t30.p30.w1794",30,50,0,3,TRUE,"1",30,1794,2,0.38226363993526,177,2.72979166666667,3
"b3.t30.p30.w1795",30,10,0,3,TRUE,"none",30,1795,3,0.0188793960681636,69,2.72979166666667,3
"b3.t30.p30.w1798",30,1000,0,3,TRUE,"1",30,1798,2,1.33913793178868,2738,2.72979166666667,3
"b3.t30.p30.w1799",30,5,0,3,TRUE,"3",30,1799,2,-0.0787638083167708,58,10.8091435185185,10
"b3.t30.p31.w1801",30,5,0,3,TRUE,"14",31,1801,2,0.109279641222504,160,2.7319212962963,3
"b3.t30.p31.w1802",30,5,0,3,TRUE,"3",31,1802,1,0.117949840664169,146,2.7319212962963,3
"b3.t30.p31.w1806",30,50,0,3,TRUE,"8",31,1806,2,0.374392848065712,316,2.7319212962963,3
"b3.t30.p31.w1807",30,1000,0,3,TRUE,"11",31,1807,2,1.39015430410879,2096,2.7319212962963,3
"b3.t30.p31.w1808",30,1,0,3,TRUE,"14",31,1808,2,-0.0133916234102593,116,8.76703703703704,8
"b3.t30.p31.w1810",30,10,0,3,TRUE,"11",31,1810,2,-0.0357312108638607,113,2.7319212962963,3
"b3.t30.p31.w1814",30,1,0,3,TRUE,"4",31,1814,1,-0.081841699233146,93,8.76703703703704,8
"b3.t30.p31.w1817",30,1000,5.33,3,TRUE,"15",31,1817,2,0.0939652964724941,41,2.7319212962963,3
"b3.t30.p31.w1818",30,0,0,3,TRUE,"14",31,1818,3,-0.0924488634038013,64,8.76703703703704,8
"b3.t30.p31.w1819",30,1000,8,3,TRUE,"11",31,1819,1,0.0643290094902299,34,2.7319212962963,3
"b3.t30.p31.w1820",30,700,0,3,TRUE,"14",31,1820,3,1.46271334485196,4178,2.7319212962963,3
"b3.t30.p31.w1821",30,0,0,3,TRUE,"10",31,1821,3,0.0523094028591545,171,5.74761574074074,6
"b3.t30.p31.w1824",30,700,0,3,TRUE,"4",31,1824,1,1.38963091586725,2980,2.7319212962963,3
"b3.t30.p31.w1825",30,700,0,3,TRUE,"10",31,1825,2,1.38845448320139,3195,2.7319212962963,3
"b3.t30.p31.w1828",30,400,0,3,TRUE,"15",31,1828,2,1.12960870717571,2519,2.7319212962963,3
"b3.t30.p31.w1829",30,1000,2.67,3,TRUE,"5",31,1829,2,0.620794707862392,529,2.7319212962963,3
"b3.t30.p31.w1830",30,0,0,3,TRUE,"13",31,1830,2,-0.156260333609738,54,10.8112962962963,10
"b3.t30.p31.w1833",30,10,0,3,TRUE,"2",31,1833,2,0.159785749999954,136,2.7319212962963,3
"b3.t30.p31.w1834",30,100,0,3,TRUE,"13",31,1834,2,0.585808439132343,475,2.7319212962963,3
"b3.t30.p31.w1835",30,50,0,3,TRUE,"15",31,1835,1,0.401100684372332,262,2.7319212962963,3
"b3.t30.p31.w1836",30,5,0,3,TRUE,"10",31,1836,2,-0.0120888149918944,199,10.8112962962963,10
"b3.t30.p31.w1839",30,1000,9.33,3,TRUE,"13",31,1839,3,-0.158511534293298,31,10.8112962962963,10
"b3.t30.p31.w1840",30,1000,5.33,3,TRUE,"all",31,1840,3,0.176090555464826,73,2.7319212962963,3
"b3.t30.p31.w1841",30,400,0,3,TRUE,"15",31,1841,3,1.08648250615005,1512,2.7319212962963,3
"b3.t30.p31.w1842",30,1000,8,3,TRUE,"5",31,1842,2,-0.055769383897646,37,2.7319212962963,3
"b3.t30.p31.w1843",30,400,0,3,TRUE,"13",31,1843,3,1.18866177434893,2005,2.7319212962963,3
"b3.t30.p31.w1844",30,1000,0,3,TRUE,"10",31,1844,1,1.64737219870926,4791,2.7319212962963,3
"b3.t30.p31.w1845",30,1000,4,3,TRUE,"10",31,1845,2,0.200359215809994,71,2.7319212962963,3
"b3.t30.p31.w1850",30,100,0,3,TRUE,"6",31,1850,1,0.652548144324516,533,2.7319212962963,3
"b3.t30.p31.w1851",30,1000,8,3,TRUE,"none",31,1851,1,-0.00855654640922831,29,2.7319212962963,3
"b3.t30.p31.w1854",30,50,0,3,TRUE,"10",31,1854,3,0.584983121599421,341,2.7319212962963,3
"b3.t30.p31.w1855",30,100,0,3,TRUE,"8",31,1855,1,0.537334486073137,390,2.7319212962963,3
"b3.t30.p31.w1856",30,5,0,3,TRUE,"all",31,1856,3,-0.202035601503266,78,10.8112962962963,10
"b3.t30.p31.w1857",30,1000,1.33,3,TRUE,"13",31,1857,2,1.02464343065283,4852,2.7319212962963,3
"b3.t30.p31.w1859",30,10,0,3,TRUE,"15",31,1859,1,-0.0671845129580946,142,2.7319212962963,3
"b3.t30.p32.w1861",30,25,0,3,TRUE,"7",32,1861,1,0.171744004900719,191,2.73444444444444,3
"b3.t30.p32.w1864",30,1000,6.67,3,TRUE,"9",32,1864,2,0.187135349950729,58,2.73444444444444,3
"b3.t30.p32.w1867",30,100,0,3,TRUE,"15",32,1867,1,0.631164091385809,402,2.73444444444444,3
"b3.t30.p32.w1869",30,25,0,3,TRUE,"none",32,1869,2,0.14076550930441,188,2.73444444444444,3
"b3.t30.p32.w1870",30,100,0,3,TRUE,"2",32,1870,1,0.62238213679152,448,2.73444444444444,3
"b3.t30.p32.w1873",30,100,0,3,TRUE,"13",32,1873,3,0.552119564971282,404,2.73444444444444,3
"b3.t30.p32.w1877",30,50,0,3,TRUE,"7",32,1877,1,0.418009545266916,271,2.73444444444444,3
"b3.t30.p32.w1878",30,1000,9.33,3,TRUE,"11",32,1878,3,0.0699992644653927,40,3.76177083333333,4
"b3.t30.p32.w1884",30,5,0,3,TRUE,"2",32,1884,2,-0.094676512254247,96,8.76931712962963,8
"b3.t30.p32.w1892",30,1000,0,3,TRUE,"6",32,1892,3,1.73600952804699,6297,2.73444444444444,3
"b3.t30.p32.w1893",30,1000,9.33,3,TRUE,"7",32,1893,2,-0.0185003223879418,27,2.73444444444444,3
"b3.t30.p32.w1900",30,50,0,3,TRUE,"5",32,1900,2,0.300225780554204,214,2.73444444444444,3
"b3.t30.p32.w1902",30,1000,12,3,TRUE,"1",32,1902,2,-0.057147548769252,18,2.73444444444444,3
"b3.t30.p32.w1904",30,1000,10.67,3,TRUE,"5",32,1904,3,-0.0644223840110288,25,3.76177083333333,4
"b3.t30.p32.w1906",30,700,0,3,TRUE,"3",32,1906,3,1.34386074549781,3068,2.73444444444444,3
"b3.t30.p32.w1909",30,50,0,3,TRUE,"12",32,1909,1,0.20931909265729,155,2.73444444444444,3
"b3.t30.p32.w1912",30,25,0,3,TRUE,"12",32,1912,3,0.393045216624672,234,2.73444444444444,3
"b3.t30.p32.w1913",30,1000,0,3,TRUE,"11",32,1913,3,1.67133900608844,2795,2.73444444444444,3
"b3.t30.p32.w1918",30,100,0,3,TRUE,"all",32,1918,1,0.583814493755734,400,2.73444444444444,3
"b3.t30.p4.w181",30,1000,5.33,3,TRUE,"none",4,181,3,0.246021794565175,83,1.68042824074074,3
"b3.t30.p4.w182",30,1000,9.33,3,TRUE,"15",4,182,1,-0.176691118047281,31,10.6334143518519,10
"b3.t30.p4.w183",30,5,0,3,TRUE,"11",4,183,1,0.11217883666177,69,1.68042824074074,3
"b3.t30.p4.w184",30,1000,9.33,3,TRUE,"12",4,184,2,-0.212674325258741,35,10.6334143518519,10
"b3.t30.p4.w186",30,25,0,3,TRUE,"8",4,186,1,0.3358238552471,126,1.68042824074074,3
"b3.t30.p4.w189",30,1000,4,3,TRUE,"14",4,189,1,0.274139446939425,105,1.68042824074074,3
"b3.t30.p4.w192",30,1000,1.33,3,TRUE,"15",4,192,3,1.08205915080506,4807,2.6621875,4
"b3.t30.p4.w193",30,1,0,3,TRUE,"14",4,193,1,-0.0748394574283512,49,9.55996527777778,9
"b3.t30.p4.w194",30,1000,0,3,TRUE,"15",4,194,1,1.41998304874847,2238,1.68042824074074,3
"b3.t30.p4.w195",30,1000,4,3,TRUE,"13",4,195,1,0.518280338821282,159,1.68042824074074,3
"b3.t30.p4.w198",30,1000,9.33,3,TRUE,"all",4,198,3,-0.0722207682585325,35,2.6621875,3
"b3.t30.p4.w199",30,1000,5.33,3,TRUE,"3",4,199,3,0.0808601412464438,72,2.6621875,3
"b3.t30.p4.w202",30,1,0,3,TRUE,"7",4,202,3,-0.187413898345773,90,1.68042824074074,3
"b3.t30.p4.w205",30,1000,8,3,TRUE,"3",4,205,1,-0.0405814252154747,39,2.6621875,3
"b3.t30.p4.w207",30,1000,4,3,TRUE,"11",4,207,2,0.42502670350744,165,1.68042824074074,3
"b3.t30.p4.w210",30,700,0,3,TRUE,"13",4,210,2,1.37452473314633,1893,1.68042824074074,3
"b3.t30.p4.w211",30,700,0,3,TRUE,"4",4,211,2,1.43069343206037,1955,1.68042824074074,3
"b3.t30.p4.w212",30,25,0,3,TRUE,"4",4,212,3,0.511148046708397,121,1.68042824074074,3
"b3.t30.p4.w215",30,1000,9.33,3,TRUE,"5",4,215,2,0.00717061933564409,33,2.6621875,3
"b3.t30.p4.w216",30,5,0,3,TRUE,"15",4,216,1,0.0267233613970388,76,1.68042824074074,3
"b3.t30.p4.w217",30,1000,6.67,3,TRUE,"8",4,217,1,0.167892334188944,70,2.6621875,3
"b3.t30.p4.w220",30,1,0,3,TRUE,"10",4,220,3,0.118632870239917,195,2.6621875,3
"b3.t30.p4.w225",30,400,0,3,TRUE,"3",4,225,1,1.7038945928528,1968,1.68042824074074,3
"b3.t30.p4.w226",30,1000,8,3,TRUE,"6",4,226,3,-0.0533099200728713,35,2.6621875,3
"b3.t30.p4.w228",30,10,0,3,TRUE,"6",4,228,3,0.136936830085478,100,1.68042824074074,3
"b3.t30.p4.w229",30,1000,2.67,3,TRUE,"4",4,229,3,0.767373540196257,844,2.6621875,4
"b3.t30.p4.w231",30,1000,10.67,3,TRUE,"2",4,231,3,-0.166679693441175,25,4.56614583333333,5
"b3.t30.p4.w232",30,50,0,3,TRUE,"10",4,232,2,1.11765171941598,226,1.68042824074074,3
"b3.t30.p4.w239",30,400,0,3,TRUE,"8",4,239,3,1.59243709311607,2031,1.68042824074074,3
"b3.t30.p4.w240",30,1000,12,3,TRUE,"7",4,240,1,-0.110027104646939,24,10.6334143518519,10
"b3.t30.p5.w241",30,0,0,3,TRUE,"7",5,241,3,-0.13053708908221,34,10.6357523148148,10
"b3.t30.p5.w243",30,5,0,3,TRUE,"6",5,243,3,0.0376101230746182,72,1.68262731481481,3
"b3.t30.p5.w244",30,1000,0,3,TRUE,"14",5,244,3,1.52185637770432,3346,1.68262731481481,3
"b3.t30.p5.w246",30,400,0,3,TRUE,"14",5,246,1,1.51533916195281,1600,1.68262731481481,3
"b3.t30.p5.w249",30,5,0,3,TRUE,"1",5,249,3,0.116744780441446,52,1.68262731481481,3
"b3.t30.p5.w253",30,10,0,3,TRUE,"4",5,253,1,0.295898726788199,81,1.68262731481481,3
"b3.t30.p5.w254",30,5,0,3,TRUE,"1",5,254,1,-0.0359686718233653,67,2.66431712962963,3
"b3.t30.p5.w256",30,5,0,3,TRUE,"15",5,256,3,0.126344482826603,73,1.68262731481481,3
"b3.t30.p5.w257",30,50,0,3,TRUE,"5",5,257,3,0.885102278609623,204,1.68262731481481,3
"b3.t30.p5.w259",30,1000,2.67,3,TRUE,"10",5,259,1,0.733190113612706,669,1.68262731481481,3
"b3.t30.p5.w263",30,1000,10.67,3,TRUE,"14",5,263,1,-0.163676460515796,25,10.6357523148148,10
"b3.t30.p5.w264",30,1000,2.67,3,TRUE,"1",5,264,2,0.786954041024901,715,1.68262731481481,3
"b3.t30.p5.w267",30,1,0,3,TRUE,"14",5,267,3,-0.0700607375288829,36,8.7034837962963,8
"b3.t30.p5.w268",30,10,0,3,TRUE,"2",5,268,1,0.187245606361347,64,1.68262731481481,3
"b3.t30.p5.w275",30,1000,8,3,TRUE,"12",5,275,1,-0.138350913873672,35,2.66431712962963,3
"b3.t30.p5.w277",30,1000,6.67,3,TRUE,"5",5,277,3,-0.0264208855073713,52,2.66431712962963,3
"b3.t30.p5.w280",30,100,0,3,TRUE,"15",5,280,2,1.41021556155326,579,1.68262731481481,3
"b3.t30.p5.w283",30,700,0,3,TRUE,"12",5,283,1,1.47353537757576,1300,1.68262731481481,3
"b3.t30.p5.w284",30,1000,12,3,TRUE,"11",5,284,1,-0.039063113028491,22,4.56825231481481,5
"b3.t30.p5.w288",30,1000,6.67,3,TRUE,"10",5,288,3,-0.0327999608177976,58,2.66431712962963,3
"b3.t30.p5.w291",30,1000,4,3,TRUE,"2",5,291,2,0.670262697483189,219,1.68262731481481,3
"b3.t30.p5.w295",30,700,0,3,TRUE,"all",5,295,3,2.14999307212557,2619,1.68262731481481,3
"b3.t30.p5.w297",30,1000,1.33,3,TRUE,"1",5,297,2,1.25751138055094,3632,2.66431712962963,4
"b3.t30.p5.w299",30,0,0,3,TRUE,"5",5,299,3,-0.0444394181887205,36,6.75268518518519,7
"b3.t30.p5.w300",30,100,0,3,TRUE,"5",5,300,2,1.3362502895131,531,1.68262731481481,3
"b3.t30.p6.w301",30,1000,1.33,3,TRUE,"3",6,301,1,1.0764565756649,5472,2.66636574074074,4
"b3.t30.p6.w304",30,1000,9.33,3,TRUE,"14",6,304,3,-0.226106224349404,39,10.6380208333333,10
"b3.t30.p6.w305",30,1000,8,3,TRUE,"8",6,305,3,-0.0937945767200428,35,2.66636574074074,3
"b3.t30.p6.w307",30,100,0,3,TRUE,"1",6,307,2,1.52697415742883,608,1.68480324074074,3
"b3.t30.p6.w308",30,700,0,3,TRUE,"2",6,308,2,1.6584159992089,1803,1.68480324074074,3
"b3.t30.p6.w310",30,1000,0,3,TRUE,"8",6,310,3,1.50645705842362,3072,1.68480324074074,3
"b3.t30.p6.w312",30,1000,4,3,TRUE,"7",6,312,1,0.624475685820809,145,1.68480324074074,3
"b3.t30.p6.w313",30,1000,9.33,3,TRUE,"9",6,313,2,-0.126069085131285,24,10.6380208333333,10
"b3.t30.p6.w314",30,1000,10.67,3,TRUE,"none",6,314,3,-0.160796107645933,24,10.6380208333333,10
"b3.t30.p6.w316",30,50,0,3,TRUE,"10",6,316,1,0.728064297468332,205,1.68480324074074,3
"b3.t30.p6.w317",30,50,0,3,TRUE,"2",6,317,3,0.792206915522863,185,1.68480324074074,3
"b3.t30.p6.w320",30,25,0,3,TRUE,"2",6,320,1,0.364698102497905,94,1.68480324074074,3
"b3.t30.p6.w321",30,25,0,3,TRUE,"10",6,321,3,0.33025743959807,117,1.68480324074074,3
"b3.t30.p6.w323",30,700,0,3,TRUE,"1",6,323,2,1.62972575957186,2128,1.68480324074074,3
"b3.t30.p6.w324",30,0,0,3,TRUE,"4",6,324,2,-0.0197795670188365,34,10.6380208333333,10
"b3.t30.p6.w325",30,1000,0,3,TRUE,"10",6,325,3,1.56131277408692,2631,1.68480324074074,3
"b3.t30.p6.w326",30,1,0,3,TRUE,"4",6,326,3,-0.0531100107115982,25,10.6380208333333,10
"b3.t30.p6.w328",30,1000,6.67,3,TRUE,"15",6,328,1,0.0446531457674369,52,2.66636574074074,3
"b3.t30.p6.w330",30,1000,6.67,3,TRUE,"6",6,330,2,-0.0451065452931149,44,2.66636574074074,3
"b3.t30.p6.w331",30,1000,6.67,3,TRUE,"11",6,331,3,0.157117000723382,100,2.66636574074074,4
"b3.t30.p6.w334",30,100,0,3,TRUE,"12",6,334,2,1.3647401521944,611,1.68480324074074,3
"b3.t30.p6.w336",30,1000,12,3,TRUE,"12",6,336,3,-0.111085846897124,18,10.6380208333333,10
"b3.t30.p6.w339",30,1000,12,3,TRUE,"10",6,339,3,-0.107760106342606,20,10.6380208333333,10
"b3.t30.p6.w341",30,1,0,3,TRUE,"10",6,341,1,-0.0994325735845048,46,10.6380208333333,10
"b3.t30.p6.w345",30,1000,5.33,3,TRUE,"11",6,345,3,0.213587926411011,116,2.66636574074074,4
"b3.t30.p6.w347",30,1000,8,3,TRUE,"12",6,347,2,-0.0453094275753225,35,2.66636574074074,3
"b3.t30.p6.w350",30,1000,12,3,TRUE,"15",6,350,3,-0.142458714723646,24,10.6380208333333,10
"b3.t30.p6.w352",30,1000,9.33,3,TRUE,"6",6,352,3,-0.107860131274507,31,2.66636574074074,3
"b3.t30.p6.w355",30,0,0,3,TRUE,"7",6,355,2,-0.0667074617697893,28,10.6380208333333,10
"b3.t30.p6.w357",30,5,0,3,TRUE,"14",6,357,1,0.0797910735290856,71,1.68480324074074,3
"b3.t30.p7.w362",30,1000,1.33,3,TRUE,"none",7,362,1,1.24628170617857,5362,2.66844907407407,4
"b3.t30.p7.w364",30,1000,10.67,3,TRUE,"12",7,364,3,-0.0158185559318616,30,2.66844907407407,3
"b3.t30.p7.w365",30,1000,8,3,TRUE,"8",7,365,4,0.107551813173157,55,2.66844907407407,3
"b3.t30.p7.w366",30,10,0,3,TRUE,"8",7,366,2,0.522073183401937,106,1.68697916666667,3
"b3.t30.p7.w367",30,1000,2.67,3,TRUE,"8",7,367,3,0.491483260818384,637,3.70520833333333,5
"b3.t30.p7.w371",30,1000,8,3,TRUE,"5",7,371,3,-0.0130611424103696,44,2.66844907407407,3
"b3.t30.p7.w372",30,0,0,3,TRUE,"3",7,372,3,0.117549380844928,96,4.57246527777778,5
"b3.t30.p7.w373",30,50,0,3,TRUE,"11",7,373,2,0.745521112940978,188,1.68697916666667,3
"b3.t30.p7.w378",30,1000,6.67,3,TRUE,"13",7,378,2,0.310260023218172,103,2.66844907407407,3
"b3.t30.p7.w381",30,10,0,3,TRUE,"12",7,381,1,0.281612115832175,140,1.68697916666667,3
"b3.t30.p7.w389",30,100,0,3,TRUE,"none",7,389,1,1.0942192149372,568,1.68697916666667,3
"b3.t30.p7.w390",30,25,0,3,TRUE,"15",7,390,3,0.737071623952329,162,1.68697916666667,3
"b3.t30.p7.w392",30,25,0,3,TRUE,"2",7,392,3,0.416368139620813,165,1.68697916666667,3
"b3.t30.p7.w394",30,50,0,3,TRUE,"14",7,394,3,0.82606773916418,209,1.68697916666667,3
"b3.t30.p7.w395",30,1000,6.67,3,TRUE,"11",7,395,1,0.189099556409932,71,2.66844907407407,3
"b3.t30.p7.w396",30,1000,0,3,TRUE,"5",7,396,3,1.5524978391634,4089,1.68697916666667,3
"b3.t30.p7.w398",30,1000,5.33,3,TRUE,"6",7,398,3,0.405361561376675,95,2.66844907407407,3
"b3.t30.p7.w403",30,1000,12,3,TRUE,"15",7,403,2,0.054454905695432,20,2.66844907407407,3
"b3.t30.p7.w404",30,1,0,3,TRUE,"9",7,404,1,-0.0190980752462346,43,4.57246527777778,5
"b3.t30.p7.w409",30,1000,12,3,TRUE,"15",7,409,1,-0.156569491937028,29,10.7136921296296,10
"b3.t30.p7.w416",30,1000,8,3,TRUE,"none",7,416,2,0.0450652878704408,39,2.66844907407407,3
"b3.t30.p7.w417",30,1,0,3,TRUE,"13",7,417,3,0.316450549508543,128,1.68697916666667,3
"b3.t30.p7.w420",30,0,0,3,TRUE,"5",7,420,2,0.0336926748973089,85,1.68697916666667,3
"b3.t30.p8.w422",30,1000,4,3,TRUE,"6",8,422,2,0.403556499351553,166,1.68917824074074,3
"b3.t30.p8.w423",30,1000,2.67,3,TRUE,"1",8,423,3,0.732202709462492,653,2.67056712962963,4
"b3.t30.p8.w427",30,1000,4,3,TRUE,"all",8,427,2,0.538968308889361,164,1.68917824074074,3
"b3.t30.p8.w430",30,400,0,3,TRUE,"7",8,430,2,1.40235089628093,1714,1.68917824074074,3
"b3.t30.p8.w431",30,1000,8,3,TRUE,"9",8,431,1,0.0763467321173385,44,2.67056712962963,3
"b3.t30.p8.w433",30,1000,6.67,3,TRUE,"6",8,433,1,0.0415537384110407,49,2.67056712962963,3
"b3.t30.p8.w435",30,25,0,3,TRUE,"all",8,435,3,0.530769225365864,90,1.68917824074074,3
"b3.t30.p8.w442",30,1,0,3,TRUE,"15",8,442,3,-0.142293667058531,47,1.68917824074074,3
"b3.t30.p8.w443",30,1000,12,3,TRUE,"4",8,443,3,-0.109048321792997,23,8.71020833333333,8
"b3.t30.p8.w448",30,1000,1.33,3,TRUE,"4",8,448,2,1.13631142369523,4370,2.67056712962963,4
"b3.t30.p8.w450",30,5,0,3,TRUE,"6",8,450,1,-0.119575576769404,56,1.68917824074074,3
"b3.t30.p8.w451",30,50,0,3,TRUE,"8",8,451,1,0.930781906200826,271,1.68917824074074,3
"b3.t30.p8.w452",30,400,0,3,TRUE,"6",8,452,2,1.51720713735637,2256,1.68917824074074,3
"b3.t30.p8.w453",30,1000,0,3,TRUE,"4",8,453,1,1.56284584274584,2960,1.68917824074074,3
"b3.t30.p8.w454",30,0,0,3,TRUE,"all",8,454,2,-0.164400158907785,32,10.7161226851852,10
"b3.t30.p8.w455",30,1000,10.67,3,TRUE,"all",8,455,2,-0.0363574012903742,25,10.7161226851852,10
"b3.t30.p8.w458",30,25,0,3,TRUE,"12",8,458,1,0.481771321553596,108,1.68917824074074,3
"b3.t30.p8.w459",30,1000,2.67,3,TRUE,"4",8,459,1,0.754802178788214,1674,1.68917824074074,3
"b3.t30.p8.w464",30,1000,10.67,3,TRUE,"1",8,464,1,-0.093516918262544,24,4.57458333333333,5
"b3.t30.p8.w465",30,1000,5.33,3,TRUE,"none",8,465,1,0.246469069005621,87,2.67056712962963,3
"b3.t30.p8.w466",30,1000,4,3,TRUE,"15",8,466,1,0.372101571325029,127,1.68917824074074,3
"b3.t30.p8.w467",30,1000,5.33,3,TRUE,"none",8,467,2,0.266798020232872,100,1.68917824074074,3
"b3.t30.p8.w471",30,1000,12,3,TRUE,"8",8,471,1,-0.0916562358848234,19,9.56898148148148,9
"b3.t30.p8.w472",30,1000,12,3,TRUE,"none",8,472,2,-0.0590158114539799,21,2.67056712962963,3
"b3.t30.p8.w473",30,1000,12,3,TRUE,"8",8,473,3,-0.17929373263049,29,10.7161226851852,10
"b3.t30.p8.w474",30,50,0,3,TRUE,"1",8,474,4,0.815983672844924,242,1.68917824074074,3
"b3.t30.p8.w475",30,0,0,3,TRUE,"1",8,475,1,-0.173037404594284,34,10.7161226851852,10
"b3.t30.p8.w477",30,1000,5.33,3,TRUE,"14",8,477,3,0.401515471512515,104,1.68917824074074,3
"b3.t30.p8.w480",30,1000,1.33,3,TRUE,"4",8,480,3,1.03777412432055,3892,2.67056712962963,4
"b3.t30.p9.w482",30,0,0,3,TRUE,"8",9,482,2,-0.180631450896291,37,10.71875,10
"b3.t30.p9.w486",30,700,0,3,TRUE,"10",9,486,1,1.57210803038772,2134,1.69148148148148,3
"b3.t30.p9.w487",30,1000,9.33,3,TRUE,"5",9,487,1,-0.157437011609631,32,10.71875,10
"b3.t30.p9.w488",30,1000,4,3,TRUE,"10",9,488,1,0.353653820996055,114,1.69148148148148,3
"b3.t30.p9.w489",30,1000,1.33,3,TRUE,"15",9,489,2,1.27127689986096,4159,2.67268518518519,4
"b3.t30.p9.w490",30,1,0,3,TRUE,"5",9,490,1,-0.1905867666564,43,10.71875,10
"b3.t30.p9.w493",30,1000,4,3,TRUE,"13",9,493,2,0.403871482075489,209,1.69148148148148,3
"b3.t30.p9.w498",30,25,0,3,TRUE,"15",9,498,2,0.386846382316652,97,1.69148148148148,3
"b3.t30.p9.w500",30,1000,6.67,3,TRUE,"all",9,500,2,0.226936729330448,100,1.69148148148148,3
"b3.t30.p9.w501",30,1000,4,3,TRUE,"9",9,501,3,0.493535797210465,160,1.69148148148148,3
"b3.t30.p9.w503",30,1000,1.33,3,TRUE,"5",9,503,1,1.22144404275588,4924,2.67268518518519,4
"b3.t30.p9.w506",30,1000,8,3,TRUE,"9",9,506,3,-0.0145749238035149,40,2.67268518518519,3
"b3.t30.p9.w509",30,1000,12,3,TRUE,"10",9,509,2,-0.156175466776535,25,10.71875,10
"b3.t30.p9.w512",30,0,0,3,TRUE,"13",9,512,1,-0.145713146279894,35,10.71875,10
"b3.t30.p9.w513",30,25,0,3,TRUE,"10",9,513,1,0.441504530180003,112,1.69148148148148,3
"b3.t30.p9.w515",30,10,0,3,TRUE,"14",9,515,1,0.0971656126227446,84,1.69148148148148,3
"b3.t30.p9.w516",30,400,0,3,TRUE,"8",9,516,2,1.27623712514736,2341,1.69148148148148,3
"b3.t30.p9.w517",30,1000,0,3,TRUE,"9",9,517,3,1.56349076020602,3135,1.69148148148148,3
"b3.t30.p9.w518",30,1000,2.67,3,TRUE,"7",9,518,3,0.73496138321216,1586,1.69148148148148,3
"b3.t30.p9.w519",30,5,0,3,TRUE,"9",9,519,2,-0.200789310287258,44,1.69148148148148,3
"b3.t30.p9.w521",30,1000,0,3,TRUE,"9",9,521,1,1.65047853038438,3919,1.69148148148148,3
"b3.t30.p9.w524",30,1,0,3,TRUE,"6",9,524,1,-0.120212272991567,36,10.71875,10
"b3.t30.p9.w526",30,400,0,3,TRUE,"8",9,526,1,1.51139317072782,2379,1.69148148148148,3
"b3.t30.p9.w527",30,1000,5.33,3,TRUE,"5",9,527,2,0.169633785793773,90,2.67268518518519,3
"b3.t30.p9.w528",30,1000,1.33,3,TRUE,"9",9,528,3,1.2497638252602,5090,2.67268518518519,4
"b3.t30.p9.w529",30,50,0,3,TRUE,"15",9,529,3,0.729573551358257,207,1.69148148148148,3
"b3.t30.p9.w530",30,1000,6.67,3,TRUE,"1",9,530,3,0.189646900001377,76,2.67268518518519,3
"b3.t30.p9.w531",30,1000,0,3,TRUE,"5",9,531,2,1.5634215093346,4189,1.69148148148148,3
"b3.t30.p9.w533",30,1,0,3,TRUE,"2",9,533,2,-0.0865251898058728,27,10.71875,10
"b3.t30.p9.w534",30,50,0,3,TRUE,"6",9,534,3,0.86285458617055,265,1.69148148148148,3
"b3.t30.p9.w535",30,0,0,3,TRUE,"9",9,535,2,0.021628102747431,38,4.57674768518519,5
"b3.t30.p9.w539",30,5,0,3,TRUE,"all",9,539,1,-0.161794284206524,48,1.69148148148148,3
"b3.t33.p1.w1",33,1000,0,3,TRUE,"10",1,1,2,2.04177943715073,4963,1.89797453703704,3
"b3.t33.p1.w11",33,1000,0,3,TRUE,"7",1,11,1,2.13875841906573,3495,1.89797453703704,3
"b3.t33.p1.w12",33,1000,0,3,TRUE,"12",1,12,1,2.07277533839744,4070,1.89797453703704,3
"b3.t33.p1.w21",33,1000,0,3,TRUE,"1",1,21,1,2.12471394288801,3127,1.89797453703704,3
"b3.t33.p1.w22",33,1000,0,3,TRUE,"8",1,22,3,2.08687122774107,3293,1.89797453703704,3
"b3.t33.p1.w23",33,1000,0,3,TRUE,"5",1,23,2,2.13501397117608,3367,1.89797453703704,3
"b3.t33.p1.w24",33,1000,0,3,TRUE,"15",1,24,3,1.98213557941662,3508,1.89797453703704,3
"b3.t33.p1.w25",33,1000,0,3,TRUE,"13",1,25,2,1.93947416538855,2220,1.89797453703704,3
"b3.t33.p1.w26",33,1000,0,3,TRUE,"none",1,26,3,2.12293054344324,2842,1.89797453703704,3
"b3.t33.p1.w27",33,1000,0,3,TRUE,"1",1,27,2,2.12813980258974,2401,1.89797453703704,3
"b3.t33.p1.w30",33,1000,0,3,TRUE,"11",1,30,2,2.32351675343129,2799,1.89797453703704,3
"b3.t33.p1.w31",33,1000,0,3,TRUE,"11",1,31,1,2.36192811517901,3443,1.89797453703704,3
"b3.t33.p1.w32",33,1000,0,3,TRUE,"9",1,32,1,2.05379034096303,2586,1.89797453703704,3
"b3.t33.p1.w33",33,1000,0,3,TRUE,"10",1,33,3,1.92741992161924,2778,1.89797453703704,3
"b3.t33.p1.w34",33,1000,0,3,TRUE,"4",1,34,1,1.89995029143957,2288,1.89797453703704,3
"b3.t33.p1.w36",33,1000,0,3,TRUE,"7",1,36,2,2.06578277803011,2595,1.89797453703704,3
"b3.t33.p1.w37",33,1000,0,3,TRUE,"13",1,37,3,2.0816848569012,2129,1.89797453703704,3
"b3.t33.p1.w42",33,1000,0,3,TRUE,"6",1,42,2,2.17481485286178,3352,1.89797453703704,3
"b3.t33.p1.w43",33,1000,0,3,TRUE,"14",1,43,1,2.1393118875092,2743,1.89797453703704,3
"b3.t33.p1.w44",33,1000,0,3,TRUE,"none",1,44,2,2.06073445201531,2572,1.89797453703704,3
"b3.t33.p1.w47",33,1000,0,3,TRUE,"2",1,47,2,2.11984310171774,2731,1.89797453703704,3
"b3.t33.p1.w52",33,1000,0,3,TRUE,"2",1,52,3,1.86604850206591,1986,1.89797453703704,3
"b3.t33.p1.w53",33,1000,0,3,TRUE,"14",1,53,2,2.24908696422863,3543,1.89797453703704,3
"b3.t33.p1.w54",33,1000,0,3,TRUE,"8",1,54,1,2.14421569169215,2417,1.89797453703704,3
"b3.t33.p1.w56",33,1000,0,3,TRUE,"all",1,56,2,2.19865881344669,3201,1.89797453703704,3
"b3.t33.p1.w59",33,1000,0,3,TRUE,"2",1,59,1,2.16442394605684,3124,1.89797453703704,3
"b3.t33.p2.w100",33,1000,0,3,TRUE,"15",2,100,1,2.13341354974631,2664,1.9002662037037,3
"b3.t33.p2.w101",33,1000,0,3,TRUE,"3",2,101,1,2.1204838276112,3545,1.9002662037037,3
"b3.t33.p2.w105",33,1000,0,3,TRUE,"none",2,105,1,2.08308082274744,3328,1.9002662037037,3
"b3.t33.p2.w106",33,1000,0,3,TRUE,"14",2,106,3,2.2517665973102,2982,1.9002662037037,3
"b3.t33.p2.w107",33,1000,0,3,TRUE,"6",2,107,3,1.98067852790337,2832,1.9002662037037,3
"b3.t33.p2.w108",33,1000,0,3,TRUE,"3",2,108,3,2.15157541550597,2716,1.9002662037037,3
"b3.t33.p2.w109",33,1000,0,3,TRUE,"5",2,109,3,2.0190997303086,2928,1.9002662037037,3
"b3.t33.p2.w112",33,1000,0,3,TRUE,"7",2,112,3,2.19464962577075,2954,1.9002662037037,3
"b3.t33.p2.w113",33,1000,0,3,TRUE,"9",2,113,2,2.11968705782128,3570,1.9002662037037,3
"b3.t33.p2.w118",33,1000,0,3,TRUE,"10",2,118,1,2.28813012876338,3367,1.9002662037037,3
"b3.t33.p2.w119",33,1000,0,3,TRUE,"6",2,119,1,2.16267390436165,3647,1.9002662037037,3
"b3.t33.p2.w120",33,1000,0,3,TRUE,"5",2,120,1,2.12423179007095,3305,1.9002662037037,3
"b3.t33.p2.w65",33,1000,0,3,TRUE,"8",2,65,2,2.11306969299172,2771,1.9002662037037,3
"b3.t33.p2.w66",33,1000,0,3,TRUE,"1",2,66,3,1.99832128614946,2549,1.9002662037037,3
"b3.t33.p2.w68",33,1000,0,3,TRUE,"15",2,68,2,2.06881176537648,2852,1.9002662037037,3
"b3.t33.p2.w69",33,1000,0,3,TRUE,"11",2,69,3,2.08283668227722,1936,1.9002662037037,3
"b3.t33.p2.w70",33,1000,0,3,TRUE,"12",2,70,2,2.02998235344744,3149,1.9002662037037,4
"b3.t33.p2.w75",33,1000,0,3,TRUE,"4",2,75,2,2.00399082354625,2385,1.9002662037037,3
"b3.t33.p2.w78",33,1000,0,3,TRUE,"13",2,78,1,2.12543191302425,2669,1.9002662037037,3
"b3.t33.p2.w86",33,1000,0,3,TRUE,"9",2,86,3,2.09510146340214,2959,1.9002662037037,3
"b3.t33.p2.w87",33,1000,0,3,TRUE,"4",2,87,3,2.23330232825633,3564,1.9002662037037,3
"b3.t33.p2.w88",33,1000,0,3,TRUE,"3",2,88,2,2.23813049820946,2956,1.9002662037037,3
"b3.t33.p2.w89",33,1000,0,3,TRUE,"all",2,89,3,2.23257144711331,3272,1.9002662037037,3
"b3.t33.p2.w91",33,1000,0,3,TRUE,"12",2,91,3,2.21633040049898,2849,1.9002662037037,3
"b3.t33.p2.w99",33,1000,0,3,TRUE,"all",2,99,1,2.28023720905937,2504,1.9002662037037,3
"b3.t35.p1.w1",35,1000,0,3,TRUE,"10",1,1,2,2.19180966376799,1976,1.86505787037037,3
"b3.t35.p1.w10",35,1000,0,3,TRUE,"11",1,10,2,2.30732053813494,3084,1.86505787037037,3
"b3.t35.p1.w12",35,1000,0,3,TRUE,"4",1,12,3,1.98122778847614,1779,1.86505787037037,3
"b3.t35.p1.w17",35,1000,0,3,TRUE,"14",1,17,2,1.88993384797213,1698,1.86505787037037,3
"b3.t35.p1.w19",35,1000,0,3,TRUE,"6",1,19,2,2.02530377666784,2020,1.86505787037037,3
"b3.t35.p1.w2",35,1000,0,3,TRUE,"9",1,2,2,2.00299431419843,1569,1.86505787037037,3
"b3.t35.p1.w23",35,1000,0,3,TRUE,"9",1,23,1,1.95176430486601,1738,1.86505787037037,3
"b3.t35.p1.w24",35,1000,0,3,TRUE,"2",1,24,3,1.88726905988892,1419,1.86505787037037,3
"b3.t35.p1.w25",35,1000,0,3,TRUE,"9",1,25,3,1.92308541077638,1729,1.86505787037037,3
"b3.t35.p1.w26",35,1000,0,3,TRUE,"8",1,26,1,1.99685833556769,1970,1.86505787037037,3
"b3.t35.p1.w27",35,1000,0,3,TRUE,"all",1,27,1,1.88941893750009,1490,1.86505787037037,3
"b3.t35.p1.w28",35,1000,0,3,TRUE,"6",1,28,3,2.03666473790583,2062,1.86505787037037,3
"b3.t35.p1.w3",35,1000,0,3,TRUE,"8",1,3,3,1.98464217010784,1798,1.86505787037037,3
"b3.t35.p1.w30",35,1000,0,3,TRUE,"all",1,30,2,2.12894109978842,2099,1.86505787037037,3
"b3.t35.p1.w33",35,1000,0,3,TRUE,"1",1,33,2,1.94428927432129,1356,1.86505787037037,3
"b3.t35.p1.w37",35,1000,0,3,TRUE,"12",1,37,1,2.00228536273114,1944,1.86505787037037,3
"b3.t35.p1.w38",35,1000,0,3,TRUE,"4",1,38,2,1.97105037292881,1764,1.86505787037037,3
"b3.t35.p1.w41",35,1000,0,3,TRUE,"none",1,41,1,2.00516430653705,2299,1.86505787037037,3
"b3.t35.p1.w42",35,1000,0,3,TRUE,"5",1,42,1,2.0216271065288,2221,1.86505787037037,3
"b3.t35.p1.w44",35,1000,0,3,TRUE,"1",1,44,3,2.03524693028937,1515,1.86505787037037,3
"b3.t35.p1.w46",35,1000,0,3,TRUE,"4",1,46,1,1.98754087251832,1626,1.86505787037037,3
"b3.t35.p1.w47",35,1000,0,3,TRUE,"1",1,47,1,2.13139590407503,1745,1.86505787037037,3
"b3.t35.p1.w50",35,1000,0,3,TRUE,"7",1,50,2,2.25236478517931,2889,1.86505787037037,3
"b3.t35.p1.w51",35,1000,0,3,TRUE,"14",1,51,1,2.12221711202779,1997,1.86505787037037,3
"b3.t35.p1.w53",35,1000,0,3,TRUE,"6",1,53,1,2.05020632804983,1599,1.86505787037037,3
"b3.t35.p1.w57",35,1000,0,3,TRUE,"13",1,57,1,2.1447067248863,1951,1.86505787037037,3
"b3.t35.p1.w6",35,1000,0,3,TRUE,"11",1,6,3,2.25175732397365,2731,1.86505787037037,3
"b3.t35.p1.w7",35,1000,0,3,TRUE,"7",1,7,1,2.01321643671878,1998,1.86505787037037,3
"b3.t35.p2.w101",35,1000,0,3,TRUE,"15",2,101,3,2.07949731005637,2201,1.86744212962963,3
"b3.t35.p2.w103",35,1000,0,3,TRUE,"13",2,103,3,2.14152054543847,1688,1.86744212962963,3
"b3.t35.p2.w106",35,1000,0,3,TRUE,"5",2,106,3,2.0507161462505,1650,1.86744212962963,3
"b3.t35.p2.w107",35,1000,0,3,TRUE,"2",2,107,2,1.98521804403735,1465,1.86744212962963,3
"b3.t35.p2.w109",35,1000,0,3,TRUE,"all",2,109,3,2.0688831379865,1940,1.86744212962963,3
"b3.t35.p2.w114",35,1000,0,3,TRUE,"13",2,114,2,2.15602511309803,1872,1.86744212962963,3
"b3.t35.p2.w115",35,1000,0,3,TRUE,"7",2,115,3,1.9534031912462,1618,1.86744212962963,3
"b3.t35.p2.w119",35,1000,0,3,TRUE,"15",2,119,1,2.13237556930116,2291,1.86744212962963,3
"b3.t35.p2.w120",35,1000,0,3,TRUE,"2",2,120,1,2.26833024647416,1684,1.86744212962963,3
"b3.t35.p2.w62",35,1000,0,3,TRUE,"10",2,62,3,2.09442101967416,1840,1.86744212962963,3
"b3.t35.p2.w63",35,1000,0,3,TRUE,"none",2,63,2,2.00273685174295,2060,1.86744212962963,3
"b3.t35.p2.w66",35,1000,0,3,TRUE,"8",2,66,2,1.9788843851132,1965,1.86744212962963,3
"b3.t35.p2.w68",35,1000,0,3,TRUE,"10",2,68,1,2.07699719861929,2224,1.86744212962963,3
"b3.t35.p2.w69",35,1000,0,3,TRUE,"12",2,69,2,2.05174034791741,2319,1.86744212962963,3
"b3.t35.p2.w71",35,1000,0,3,TRUE,"11",2,71,1,2.29031360392607,3181,1.86744212962963,3
"b3.t35.p2.w72",35,1000,0,3,TRUE,"3",2,72,1,1.98364649269997,1839,1.86744212962963,3
"b3.t35.p2.w74",35,1000,0,3,TRUE,"15",2,74,2,2.15586804362196,1906,1.86744212962963,3
"b3.t35.p2.w78",35,1000,0,3,TRUE,"12",2,78,3,2.13593985984443,1620,1.86744212962963,3
"b3.t35.p2.w80",35,1000,0,3,TRUE,"14",2,80,3,1.97123695377069,2150,1.86744212962963,3
"b3.t35.p2.w86",35,1000,0,3,TRUE,"3",2,86,2,2.23672172471974,2463,1.86744212962963,3
"b3.t35.p2.w87",35,1000,0,3,TRUE,"none",2,87,3,2.09329342826343,2035,1.86744212962963,3
"b3.t35.p2.w88",35,1000,0,3,TRUE,"3",2,88,3,1.96624757108226,1817,1.86744212962963,3
"b3.t35.p2.w99",35,1000,0,3,TRUE,"5",2,99,2,2.17048781460059,1922,1.86744212962963,3
"b3.t39.p1.w12",39,1000,0,3,TRUE,"15",1,12,3,0.840282868619217,110,1.83489583333333,3
"b3.t39.p1.w16",39,1000,0,3,TRUE,"all",1,16,1,0.874529360462837,150,1.83489583333333,3
"b3.t39.p1.w17",39,1000,0,3,TRUE,"none",1,17,2,0.796953989534052,136,1.83489583333333,3
"b3.t39.p1.w18",39,1000,0,3,TRUE,"7",1,18,3,1.16426300802931,205,1.83489583333333,3
"b3.t39.p1.w2",39,1000,0,3,TRUE,"15",1,2,2,0.664897768257394,109,1.83489583333333,3
"b3.t39.p1.w20",39,1000,0,3,TRUE,"2",1,20,2,0.938368518648169,132,1.83489583333333,3
"b3.t39.p1.w21",39,1000,0,3,TRUE,"1",1,21,3,0.900286240066536,140,1.83489583333333,3
"b3.t39.p1.w25",39,1000,0,3,TRUE,"11",1,25,2,0.853151381973095,115,1.83489583333333,3
"b3.t39.p1.w26",39,1000,0,3,TRUE,"14",1,26,3,0.981208158192772,176,1.83489583333333,3
"b3.t39.p1.w30",39,1000,0,3,TRUE,"6",1,30,2,0.91602351472061,170,1.83489583333333,3
"b3.t39.p1.w31",39,1000,0,3,TRUE,"12",1,31,1,0.666472692254729,117,1.83489583333333,3
"b3.t39.p1.w32",39,1000,0,3,TRUE,"7",1,32,2,0.740673368865354,99,1.83489583333333,3
"b3.t39.p1.w33",39,1000,0,3,TRUE,"1",1,33,2,0.954480317318039,146,1.83489583333333,3
"b3.t39.p1.w39",39,1000,0,3,TRUE,"14",1,39,1,0.879830642562554,147,1.83489583333333,3
"b3.t39.p1.w41",39,1000,0,3,TRUE,"5",1,41,2,0.826168078808252,136,1.83489583333333,3
"b3.t39.p1.w42",39,1000,0,3,TRUE,"10",1,42,2,0.666754388860967,119,1.83489583333333,3
"b3.t39.p1.w43",39,1000,0,3,TRUE,"13",1,43,2,0.871641980719607,112,1.83489583333333,3
"b3.t39.p1.w44",39,1000,0,3,TRUE,"15",1,44,1,0.882854945528682,126,1.83489583333333,3
"b3.t39.p1.w48",39,1000,0,3,TRUE,"5",1,48,1,0.734370287109937,100,1.83489583333333,3
"b3.t39.p1.w50",39,1000,0,3,TRUE,"8",1,50,2,0.845100909683654,123,1.83489583333333,3
"b3.t39.p1.w51",39,1000,0,3,TRUE,"11",1,51,1,0.587130914053143,80,1.83489583333333,3
"b3.t39.p1.w54",39,1000,0,3,TRUE,"9",1,54,2,0.823081477562008,129,1.83489583333333,3
"b3.t39.p1.w55",39,1000,0,3,TRUE,"11",1,55,3,0.748282249462944,118,1.83489583333333,3
"b3.t39.p1.w58",39,1000,0,3,TRUE,"5",1,58,3,0.719359110381417,106,1.83489583333333,3
"b3.t39.p1.w6",39,1000,0,3,TRUE,"1",1,6,1,0.994780923101204,185,1.83489583333333,3
"b3.t39.p1.w60",39,1000,0,3,TRUE,"13",1,60,3,0.993852088166902,132,1.83489583333333,3
"b3.t39.p1.w7",39,1000,0,3,TRUE,"none",1,7,3,0.710786578817652,109,1.83489583333333,3
"b3.t39.p2.w100",39,1000,0,3,TRUE,"14",2,100,2,0.759998039885484,108,1.83741898148148,3
"b3.t39.p2.w104",39,1000,0,3,TRUE,"3",2,104,2,0.793640025145841,96,1.83741898148148,3
"b3.t39.p2.w105",39,1000,0,3,TRUE,"2",2,105,1,0.970945639197489,173,1.83741898148148,3
"b3.t39.p2.w108",39,1000,0,3,TRUE,"9",2,108,3,1.03543563768831,191,1.83741898148148,3
"b3.t39.p2.w112",39,1000,0,3,TRUE,"7",2,112,1,0.835900295641249,133,1.83741898148148,3
"b3.t39.p2.w115",39,1000,0,3,TRUE,"9",2,115,1,1.02337706320584,123,1.83741898148148,3
"b3.t39.p2.w117",39,1000,0,3,TRUE,"4",2,117,1,0.860842080948455,143,1.83741898148148,3
"b3.t39.p2.w119",39,1000,0,3,TRUE,"all",2,119,2,0.967595016658406,192,1.83741898148148,3
"b3.t39.p2.w62",39,1000,0,3,TRUE,"6",2,62,3,0.673650710594569,107,1.83741898148148,3
"b3.t39.p2.w64",39,1000,0,3,TRUE,"none",2,64,1,0.815886612961451,133,1.83741898148148,3
"b3.t39.p2.w65",39,1000,0,3,TRUE,"6",2,65,1,0.915370386672644,159,1.83741898148148,3
"b3.t39.p2.w70",39,1000,0,3,TRUE,"12",2,70,2,0.91135316119894,157,1.83741898148148,3
"b3.t39.p2.w71",39,1000,0,3,TRUE,"8",2,71,3,0.656116791522047,104,1.83741898148148,3
"b3.t39.p2.w72",39,1000,0,3,TRUE,"10",2,72,3,0.734252403619269,113,1.83741898148148,3
"b3.t39.p2.w73",39,1000,0,3,TRUE,"12",2,73,3,0.626214722857657,88,1.83741898148148,3
"b3.t39.p2.w74",39,1000,0,3,TRUE,"all",2,74,3,0.891148162168115,166,1.83741898148148,3
"b3.t39.p2.w79",39,1000,0,3,TRUE,"3",2,79,3,0.960592343203357,138,1.83741898148148,3
"b3.t39.p2.w81",39,1000,0,3,TRUE,"3",2,81,1,0.517783939596505,107,1.83741898148148,3
"b3.t39.p2.w83",39,1000,0,3,TRUE,"13",2,83,1,0.855847457595073,103,1.83741898148148,3
"b3.t39.p2.w85",39,1000,0,3,TRUE,"4",2,85,3,0.908733452427267,144,1.83741898148148,3
"b3.t39.p2.w86",39,1000,0,3,TRUE,"10",2,86,1,1.0004786119341,183,1.83741898148148,3
"b3.t39.p2.w87",39,1000,0,3,TRUE,"4",2,87,2,1.0812665443953,192,1.83741898148148,3
"b3.t39.p2.w91",39,1000,0,3,TRUE,"2",2,91,3,0.716579874209784,107,1.83741898148148,3
"b3.t39.p2.w98",39,1000,0,3,TRUE,"8",2,98,1,1.01650595347095,177,1.83741898148148,3
"b3.t43.p1.w10",43,1000,0,3,TRUE,"14",1,10,2,-0.159045598107741,16,6.89829861111111,7
"b3.t43.p1.w12",43,1000,0,3,TRUE,"7",1,12,1,-0.151372190211621,17,3.70180555555556,4
"b3.t43.p1.w16",43,1000,0,3,TRUE,"15",1,16,2,-0.0586724197916423,14,4.59605324074074,5
"b3.t43.p1.w20",43,1000,0,3,TRUE,"9",1,20,2,-0.185346146301932,21,6.89829861111111,7
"b3.t43.p1.w21",43,1000,0,3,TRUE,"1",1,21,1,-0.163117476450841,21,5.68252314814815,6
"b3.t43.p1.w23",43,1000,0,3,TRUE,"4",1,23,1,-0.108536658858418,17,6.89829861111111,7
"b3.t43.p1.w25",43,1000,0,3,TRUE,"9",1,25,3,-0.152945334853658,18,6.89829861111111,7
"b3.t43.p1.w26",43,1000,0,3,TRUE,"3",1,26,3,-0.151899343206044,16,6.89829861111111,7
"b3.t43.p1.w29",43,1000,0,3,TRUE,"all",1,29,2,-0.142809765075025,17,6.89829861111111,7
"b3.t43.p1.w31",43,1000,0,3,TRUE,"10",1,31,1,-0.115087886500415,17,5.68252314814815,6
"b3.t43.p1.w40",43,1000,0,3,TRUE,"12",1,40,1,-0.196148839272364,24,6.89829861111111,7
"b3.t43.p1.w42",43,1000,0,3,TRUE,"3",1,42,2,-0.114082194023871,18,6.89829861111111,7
"b3.t43.p1.w43",43,1000,0,3,TRUE,"1",1,43,2,-0.121046773537739,17,6.89829861111111,7
"b3.t43.p1.w45",43,1000,0,3,TRUE,"none",1,45,2,-0.0545459816157863,13,6.89829861111111,7
"b3.t43.p1.w47",43,1000,0,3,TRUE,"2",1,47,2,-0.0911266328351822,15,6.89829861111111,7
"b3.t43.p1.w49",43,1000,0,3,TRUE,"11",1,49,3,-0.147463275598064,18,6.89829861111111,7
"b3.t43.p1.w5",43,1000,0,3,TRUE,"13",1,5,2,-0.0765621774908052,13,2.66829861111111,3
"b3.t43.p1.w50",43,1000,0,3,TRUE,"1",1,50,3,-0.0609223898916287,15,6.89829861111111,7
"b3.t43.p1.w51",43,1000,0,3,TRUE,"6",1,51,3,-0.0874031872198526,16,6.89829861111111,7
"b3.t43.p1.w53",43,1000,0,3,TRUE,"2",1,53,1,-0.127578039299754,18,6.89829861111111,7
"b3.t43.p1.w54",43,1000,0,3,TRUE,"all",1,54,1,-0.134330019221487,17,6.89829861111111,7
"b3.t43.p1.w55",43,1000,0,3,TRUE,"all",1,55,3,-0.1166316712514,20,6.89829861111111,7
"b3.t43.p1.w6",43,1000,0,3,TRUE,"10",1,6,3,-0.0788095540220124,14,3.70180555555556,4
"b3.t43.p1.w7",43,1000,0,3,TRUE,"6",1,7,1,-0.141135257849457,14,2.66829861111111,3
"b3.t43.p1.w8",43,1000,0,3,TRUE,"12",1,8,3,-0.10765390068557,13,5.68252314814815,6
"b3.t43.p2.w100",43,1000,0,3,TRUE,"none",2,100,1,-0.0571781545509851,16,6.90039351851852,7
"b3.t43.p2.w101",43,1000,0,3,TRUE,"9",2,101,1,-0.106183326734942,16,6.90039351851852,7
"b3.t43.p2.w102",43,1000,0,3,TRUE,"6",2,102,2,-0.160938371926538,19,6.90039351851852,7
"b3.t43.p2.w103",43,1000,0,3,TRUE,"11",2,103,1,-0.0895993754614422,14,6.90039351851852,7
"b3.t43.p2.w108",43,1000,0,3,TRUE,"4",2,108,2,-0.0692832449000577,14,6.90039351851852,7
"b3.t43.p2.w111",43,1000,0,3,TRUE,"12",2,111,2,-0.0787351209345644,14,3.7043287037037,4
"b3.t43.p2.w114",43,1000,0,3,TRUE,"11",2,114,2,-0.105833929045538,14,6.90039351851852,7
"b3.t43.p2.w118",43,1000,0,3,TRUE,"13",2,118,1,-0.123372114963753,18,3.7043287037037,4
"b3.t43.p2.w119",43,1000,0,3,TRUE,"3",2,119,1,-0.0808312885061218,16,6.90039351851852,7
"b3.t43.p2.w62",43,1000,0,3,TRUE,"8",2,62,1,0.017369177315498,14,4.59820601851852,5
"b3.t43.p2.w63",43,1000,0,3,TRUE,"13",2,63,3,-0.102483092244907,16,6.90039351851852,7
"b3.t43.p2.w67",43,1000,0,3,TRUE,"8",2,67,2,0.0814742628357317,32,2.67054398148148,3
"b3.t43.p2.w69",43,1000,0,3,TRUE,"7",2,69,3,-0.0754336366894683,17,4.59820601851852,5
"b3.t43.p2.w73",43,1000,0,3,TRUE,"none",2,73,3,-0.098615443113428,18,6.90039351851852,7
"b3.t43.p2.w74",43,1000,0,3,TRUE,"15",2,74,1,-0.105719681766266,15,6.90039351851852,7
"b3.t43.p2.w75",43,1000,0,3,TRUE,"8",2,75,3,-0.0645482087752114,14,3.7043287037037,4
"b3.t43.p2.w76",43,1000,0,3,TRUE,"2",2,76,3,-0.0530327315162246,15,2.67054398148148,3
"b3.t43.p2.w78",43,1000,0,3,TRUE,"5",2,78,3,-0.0791752152976976,16,2.67054398148148,3
"b3.t43.p2.w79",43,1000,0,3,TRUE,"14",2,79,3,-0.0161398805936231,16,2.67054398148148,3
"b3.t43.p2.w84",43,1000,0,3,TRUE,"4",2,84,3,-0.17654794893884,16,6.90039351851852,7
"b3.t43.p2.w86",43,1000,0,3,TRUE,"7",2,86,2,-0.108800456594303,17,6.90039351851852,7
"b3.t43.p2.w88",43,1000,0,3,TRUE,"5",2,88,1,-0.190137092355645,25,6.90039351851852,7
"b3.t43.p2.w89",43,1000,0,3,TRUE,"5",2,89,2,-0.0851595930515624,15,6.90039351851852,7
"b3.t43.p2.w95",43,1000,0,3,TRUE,"15",2,95,3,-0.122371543986107,19,6.90039351851852,7
"b3.t43.p2.w96",43,1000,0,3,TRUE,"10",2,96,2,-0.177026946818213,21,6.90039351851852,7
"b3.t43.p2.w98",43,1000,0,3,TRUE,"14",2,98,1,-0.0926330718533029,16,5.68506944444444,6
"b3.t8.p1.w1",8,1000,0,3,TRUE,"2",1,1,2,0.324718830943357,3760,14.9051157407407,15
"b3.t8.p1.w10",8,1000,0,3,TRUE,"12",1,10,2,0.262131726865606,1707,14.9051157407407,15
"b3.t8.p1.w11",8,1000,0,3,TRUE,"5",1,11,3,0.267296248490647,1752,14.9051157407407,15
"b3.t8.p1.w12",8,1000,0,3,TRUE,"7",1,12,1,0.334469675482251,4113,14.9051157407407,15
"b3.t8.p1.w16",8,1000,0,3,TRUE,"9",1,16,3,0.368786992329656,3881,14.0005208333333,14
"b3.t8.p1.w19",8,1000,0,3,TRUE,"10",1,19,1,0.316087683102977,3077,14.9051157407407,15
"b3.t8.p1.w2",8,1000,0,3,TRUE,"1",1,2,3,0.289707736583263,1641,14.9051157407407,15
"b3.t8.p1.w32",8,1000,0,3,TRUE,"8",1,32,1,-0.00630281714650754,94,2.04239583333333,3
"b3.t8.p1.w33",8,1000,0,3,TRUE,"10",1,33,3,0.306040552097544,2842,14.9051157407407,15
"b3.t8.p1.w35",8,1000,0,3,TRUE,"3",1,35,2,0.361555617509938,4645,12.8019212962963,13
"b3.t8.p1.w38",8,1000,0,3,TRUE,"5",1,38,2,0.322109273635708,2480,12.8019212962963,13
"b3.t8.p1.w40",8,1000,0,3,TRUE,"9",1,40,1,-0.0962853900609359,29,4.06084490740741,5
"b3.t8.p1.w42",8,1000,0,3,TRUE,"13",1,42,2,0.305748906993374,2697,14.9051157407407,15
"b3.t8.p1.w43",8,1000,0,3,TRUE,"none",1,43,3,0.241128564670603,901,14.9051157407407,15
"b3.t8.p1.w44",8,1000,0,3,TRUE,"all",1,44,2,0.261140208795713,1388,14.0005208333333,14
"b3.t8.p1.w45",8,1000,0,3,TRUE,"14",1,45,2,0.312050870350525,2487,14.0005208333333,14
"b3.t8.p1.w47",8,1000,0,3,TRUE,"12",1,47,1,0.295065099041555,1690,14.0005208333333,14
"b3.t8.p1.w5",8,1000,0,3,TRUE,"all",1,5,1,0.274573859515138,1465,14.9051157407407,15
"b3.t8.p1.w53",8,1000,0,3,TRUE,"15",1,53,3,0.250600075997088,779,12.0364467592593,12
"b3.t8.p1.w56",8,1000,0,3,TRUE,"13",1,56,1,0.275354216183071,1170,14.0005208333333,14
"b3.t8.p1.w59",8,1000,0,3,TRUE,"7",1,59,3,0.328881627744001,3323,14.0005208333333,14
"b3.t8.p1.w9",8,1000,0,3,TRUE,"3",1,9,3,0.293604813541061,2041,14.9051157407407,15
"b3.t8.p2.w100",8,1000,0,3,TRUE,"9",2,100,2,0.245200197450541,1276,14.9074189814815,15
"b3.t8.p2.w102",8,1000,0,3,TRUE,"7",2,102,2,0.251774696937664,1472,14.9074189814815,15
"b3.t8.p2.w104",8,1000,0,3,TRUE,"1",2,104,1,0.224868401730532,821,14.9074189814815,15
"b3.t8.p2.w105",8,1000,0,3,TRUE,"15",2,105,2,0.243433032196368,925,14.9074189814815,15
"b3.t8.p2.w107",8,1000,0,3,TRUE,"12",2,107,3,0.24486479688076,996,14.9074189814815,15
"b3.t8.p2.w109",8,1000,0,3,TRUE,"2",2,109,3,0.236574317644659,1107,14.9074189814815,15
"b3.t8.p2.w111",8,1000,0,3,TRUE,"5",2,111,1,0.229378509383843,1214,14.9074189814815,15
"b3.t8.p2.w112",8,1000,0,3,TRUE,"4",2,112,2,0.22209990480798,905,14.9074189814815,15
"b3.t8.p2.w114",8,1000,0,3,TRUE,"6",2,114,1,0.226300898798882,894,14.9074189814815,15
"b3.t8.p2.w115",8,1000,0,3,TRUE,"2",2,115,1,0.231308298861909,1232,14.9074189814815,15
"b3.t8.p2.w116",8,1000,0,3,TRUE,"8",2,116,2,0.26076742250188,1916,14.9074189814815,15
"b3.t8.p2.w119",8,1000,0,3,TRUE,"1",2,119,2,0.239271729578039,1137,14.9074189814815,15
"b3.t8.p2.w61",8,1000,0,3,TRUE,"4",2,61,1,0.2311169743582,1022,14.9074189814815,15
"b3.t8.p2.w64",8,1000,0,3,TRUE,"none",2,64,2,0.18587182861303,673,14.9074189814815,15
"b3.t8.p2.w66",8,1000,0,3,TRUE,"10",2,66,2,0.193260940007372,575,14.9074189814815,15
"b3.t8.p2.w67",8,1000,0,3,TRUE,"14",2,67,3,0.256632844945781,1450,14.9074189814815,15
"b3.t8.p2.w69",8,1000,0,3,TRUE,"15",2,69,1,0.272303290886549,1709,14.9074189814815,15
"b3.t8.p2.w73",8,1000,0,3,TRUE,"13",2,73,3,0.231250044161412,1051,14.9074189814815,15
"b3.t8.p2.w75",8,1000,0,3,TRUE,"11",2,75,3,0.183135872560631,460,14.9074189814815,15
"b3.t8.p2.w77",8,1000,0,3,TRUE,"none",2,77,1,0.242844568500886,1150,14.9074189814815,15
"b3.t8.p2.w78",8,1000,0,3,TRUE,"11",2,78,2,0.217787476941305,893,14.9074189814815,15
"b3.t8.p2.w80",8,1000,0,3,TRUE,"6",2,80,3,0.213103224522851,1004,14.9074189814815,15
"b3.t8.p2.w81",8,1000,0,3,TRUE,"3",2,81,1,0.247615572086216,1085,14.9074189814815,15
"b3.t8.p2.w84",8,1000,0,3,TRUE,"6",2,84,2,0.203857268407623,656,14.9074189814815,15
"b3.t8.p2.w87",8,1000,0,3,TRUE,"4",2,87,3,0.222271534764538,1016,14.9074189814815,15
"b3.t8.p2.w91",8,1000,0,3,TRUE,"11",2,91,1,0.203454859314229,685,14.9074189814815,15
"b3.t8.p2.w92",8,1000,0,3,TRUE,"8",2,92,3,0.220811369619539,991,14.9074189814815,15
"b3.t8.p2.w93",8,1000,0,3,TRUE,"14",2,93,1,0.241532851307542,1092,14.9074189814815,15
"b3.t8.p2.w95",8,1000,0,3,TRUE,"all",2,95,3,0.194334452743712,559,14.9074189814815,15
"b4.t14.p1.w13",14,1000,0,4,TRUE,"1",1,13,2,0.572883090231449,1828,6.89324074074074,6
"b4.t14.p1.w14",14,1000,0,4,TRUE,"11",1,14,2,0.480744598718449,1090,6.89324074074074,6
"b4.t14.p1.w17",14,1000,0,4,TRUE,"14",1,17,1,0.196635303495406,35,3.07982638888889,3
"b4.t14.p1.w20",14,1000,0,4,TRUE,"15",1,20,1,0.581153869146976,1228,6.89324074074074,6
"b4.t14.p1.w21",14,1000,0,4,TRUE,"10",1,21,1,0.364337873766291,1372,3.07982638888889,3
"b4.t14.p1.w26",14,1000,0,4,TRUE,"7",1,26,3,0.656806814858871,1727,5.83674768518518,5
"b4.t14.p1.w27",14,1000,0,4,TRUE,"none",1,27,2,0.544104435901449,1755,7.89805555555556,7
"b4.t14.p1.w28",14,1000,0,4,TRUE,"8",1,28,3,0.558623852389558,1839,6.89324074074074,6
"b4.t14.p1.w30",14,1000,0,4,TRUE,"12",1,30,3,0.84684825803575,2956,5.83674768518518,5
"b4.t14.p1.w33",14,1000,0,4,TRUE,"8",1,33,2,0.50401368771861,1182,6.89324074074074,6
"b4.t14.p1.w35",14,1000,0,4,TRUE,"9",1,35,3,0.55539141656942,1462,6.89324074074074,6
"b4.t14.p1.w36",14,1000,0,4,TRUE,"14",1,36,2,0.524602680139174,946,6.89324074074074,6
"b4.t14.p1.w37",14,1000,0,4,TRUE,"13",1,37,1,0.618648118188615,1804,6.89324074074074,6
"b4.t14.p1.w4",14,1000,0,4,TRUE,"all",1,4,1,0.275585983865457,652,3.07982638888889,3
"b4.t14.p1.w42",14,1000,0,4,TRUE,"11",1,42,1,0.607554535980755,1462,5.83674768518518,5
"b4.t14.p1.w43",14,1000,0,4,TRUE,"6",1,43,1,0.675306731130203,1705,5.83674768518518,5
"b4.t14.p1.w45",14,1000,0,4,TRUE,"6",1,45,2,0.575666257147227,1712,6.89324074074074,6
"b4.t14.p1.w48",14,1000,0,4,TRUE,"3",1,48,2,0.403728120731446,1275,3.07982638888889,3
"b4.t14.p1.w49",14,1000,0,4,TRUE,"15",1,49,2,0.818232574572805,2434,3.99409722222222,4
"b4.t14.p1.w51",14,1000,0,4,TRUE,"7",1,51,1,0.649208907529626,1689,5.83674768518518,5
"b4.t14.p1.w54",14,1000,0,4,TRUE,"13",1,54,3,0.510262634599047,855,6.89324074074074,6
"b4.t14.p1.w56",14,1000,0,4,TRUE,"all",1,56,2,0.44744306886118,434,5.83674768518518,5
"b4.t14.p1.w57",14,1000,0,4,TRUE,"all",1,57,3,0.468173828906014,570,6.89324074074074,6
"b4.t14.p1.w59",14,1000,0,4,TRUE,"2",1,59,3,0.452558082456653,695,6.89324074074074,6
"b4.t14.p1.w6",14,1000,0,4,TRUE,"10",1,6,2,0.654283561352829,2124,6.89324074074074,6
"b4.t14.p1.w60",14,1000,0,4,TRUE,"11",1,60,3,0.484047610783622,691,5.83674768518518,5
"b4.t14.p1.w7",14,1000,0,4,TRUE,"2",1,7,1,0.566753189121766,1963,6.89324074074074,6
"b4.t14.p2.w100",14,1000,0,4,TRUE,"1",2,100,1,0.536032308465138,1031,5.83902777777778,5
"b4.t14.p2.w101",14,1000,0,4,TRUE,"3",2,101,1,0.538696392673602,1214,5.83902777777778,5
"b4.t14.p2.w104",14,1000,0,4,TRUE,"4",2,104,2,0.541588704992484,890,5.83902777777778,5
"b4.t14.p2.w105",14,1000,0,4,TRUE,"6",2,105,3,0.501812898379943,1194,6.89574074074074,6
"b4.t14.p2.w106",14,1000,0,4,TRUE,"5",2,106,3,0.537378057949889,1209,5.83902777777778,5
"b4.t14.p2.w108",14,1000,0,4,TRUE,"1",2,108,3,0.51547567000112,998,5.83902777777778,5
"b4.t14.p2.w109",14,1000,0,4,TRUE,"7",2,109,2,0.490390990336645,785,6.89574074074074,6
"b4.t14.p2.w110",14,1000,0,4,TRUE,"8",2,110,1,0.560647653212836,846,5.83902777777778,5
"b4.t14.p2.w111",14,1000,0,4,TRUE,"9",2,111,1,0.464622047643852,1218,5.83902777777778,5
"b4.t14.p2.w112",14,1000,0,4,TRUE,"2",2,112,2,0.54181789796085,1260,5.83902777777778,5
"b4.t14.p2.w115",14,1000,0,4,TRUE,"12",2,115,2,0.518533814835986,771,3.99665509259259,4
"b4.t14.p2.w117",14,1000,0,4,TRUE,"13",2,117,2,0.646713452068092,1455,5.83902777777778,5
"b4.t14.p2.w119",14,1000,0,4,TRUE,"3",2,119,3,0.49543259028772,755,6.89574074074074,6
"b4.t14.p2.w67",14,1000,0,4,TRUE,"5",2,67,2,0.474909038062376,893,6.89574074074074,6
"b4.t14.p2.w70",14,1000,0,4,TRUE,"9",2,70,2,0.48560387315854,1244,6.89574074074074,6
"b4.t14.p2.w71",14,1000,0,4,TRUE,"10",2,71,3,0.582291568571672,1132,5.83902777777778,5
"b4.t14.p2.w72",14,1000,0,4,TRUE,"4",2,72,3,0.582538851131974,913,5.83902777777778,5
"b4.t14.p2.w74",14,1000,0,4,TRUE,"5",2,74,1,0.546367349572421,868,5.83902777777778,5
"b4.t14.p2.w75",14,1000,0,4,TRUE,"12",2,75,1,0.54686582026379,961,5.83902777777778,5
"b4.t14.p2.w87",14,1000,0,4,TRUE,"none",2,87,1,0.543288937363448,986,5.83902777777778,5
"b4.t14.p2.w89",14,1000,0,4,TRUE,"14",2,89,3,0.488365877529026,867,6.89574074074074,6
"b4.t14.p2.w91",14,1000,0,4,TRUE,"4",2,91,1,0.522940163221832,1237,6.89574074074074,6
"b4.t14.p2.w95",14,1000,0,4,TRUE,"none",2,95,3,0.519149984308068,1088,5.83902777777778,5
"b4.t14.p2.w98",14,1000,0,4,TRUE,"15",2,98,3,0.465746354971871,1023,6.89574074074074,6
"b4.t20.p1.w10",20,1000,0,4,TRUE,"none",1,10,3,0.797471763598734,1125,3.02052083333333,3
"b4.t20.p1.w12",20,1000,0,4,TRUE,"7",1,12,2,0.898714068990292,1352,3.02052083333333,4
"b4.t20.p1.w13",20,1000,0,4,TRUE,"12",1,13,2,0.976130859232877,2095,3.02052083333333,4
"b4.t20.p1.w15",20,1000,0,4,TRUE,"11",1,15,2,0.533223544353668,282,3.02052083333333,3
"b4.t20.p1.w18",20,1000,0,4,TRUE,"7",1,18,3,0.806959967381005,1050,3.93076388888889,5
"b4.t20.p1.w2",20,1000,0,4,TRUE,"1",1,2,2,1.09927169028852,2816,3.02052083333333,4
"b4.t20.p1.w20",20,1000,0,4,TRUE,"none",1,20,2,0.806432895172744,1134,3.93076388888889,5
"b4.t20.p1.w26",20,1000,0,4,TRUE,"11",1,26,3,0.673177985669042,237,1.82635416666667,3
"b4.t20.p1.w3",20,1000,0,4,TRUE,"11",1,3,1,0.636378971768587,341,1.82635416666667,3
"b4.t20.p1.w30",20,1000,0,4,TRUE,"2",1,30,1,0.929963124504786,1222,3.02052083333333,3
"b4.t20.p1.w36",20,1000,0,4,TRUE,"all",1,36,2,0.89863795633238,1046,3.02052083333333,3
"b4.t20.p1.w37",20,1000,0,4,TRUE,"10",1,37,2,0.827702852457706,1614,3.93076388888889,5
"b4.t20.p1.w38",20,1000,0,4,TRUE,"4",1,38,2,0.866402464536041,1507,3.93076388888889,5
"b4.t20.p1.w39",20,1000,0,4,TRUE,"3",1,39,3,0.941380343293036,1498,3.02052083333333,3
"b4.t20.p1.w40",20,1000,0,4,TRUE,"2",1,40,2,0.803057299320996,1314,3.93076388888889,5
"b4.t20.p1.w41",20,1000,0,4,TRUE,"5",1,41,2,0.974349167657808,1805,3.02052083333333,3
"b4.t20.p1.w42",20,1000,0,4,TRUE,"none",1,42,1,0.939546940220749,2756,3.02052083333333,3
"b4.t20.p1.w43",20,1000,0,4,TRUE,"8",1,43,2,0.951552576029815,1703,3.93076388888889,5
"b4.t20.p1.w44",20,1000,0,4,TRUE,"3",1,44,1,0.912516599832013,1779,3.93076388888889,5
"b4.t20.p1.w49",20,1000,0,4,TRUE,"1",1,49,3,0.811096659725317,1589,3.93076388888889,5
"b4.t20.p1.w50",20,1000,0,4,TRUE,"15",1,50,3,0.859382319856473,1416,3.93076388888889,5
"b4.t20.p1.w52",20,1000,0,4,TRUE,"4",1,52,3,0.809246712627236,2314,3.02052083333333,3
"b4.t20.p1.w53",20,1000,0,4,TRUE,"all",1,53,1,0.949762380797109,1245,3.02052083333333,4
"b4.t20.p1.w54",20,1000,0,4,TRUE,"2",1,54,3,0.886894055115933,1273,3.02052083333333,3
"b4.t20.p1.w55",20,1000,0,4,TRUE,"4",1,55,1,0.812705493687737,1980,3.02052083333333,3
"b4.t20.p1.w56",20,1000,0,4,TRUE,"3",1,56,2,0.868623609987923,2110,3.02052083333333,3
"b4.t20.p1.w57",20,1000,0,4,TRUE,"8",1,57,1,0.880608754944867,2419,3.93076388888889,5
"b4.t20.p1.w58",20,1000,0,4,TRUE,"14",1,58,2,0.832681310597536,1593,3.93076388888889,5
"b4.t20.p1.w6",20,1000,0,4,TRUE,"15",1,6,2,1.00757166798209,1075,3.02052083333333,4
"b4.t20.p1.w9",20,1000,0,4,TRUE,"10",1,9,1,0.877076135514875,1489,3.02052083333333,4
"b4.t20.p2.w100",20,1000,0,4,TRUE,"6",2,100,3,0.864527012542613,1116,3.02284722222222,4
"b4.t20.p2.w102",20,1000,0,4,TRUE,"all",2,102,3,0.938652514671156,835,3.02284722222222,3
"b4.t20.p2.w103",20,1000,0,4,TRUE,"13",2,103,2,0.891425837637839,857,3.02284722222222,4
"b4.t20.p2.w104",20,1000,0,4,TRUE,"13",2,104,3,0.998233374016852,876,3.02284722222222,3
"b4.t20.p2.w107",20,1000,0,4,TRUE,"9",2,107,1,0.0801328380206681,17,3.02284722222222,3
"b4.t20.p2.w113",20,1000,0,4,TRUE,"5",2,113,1,0.923310871473952,1281,3.02284722222222,4
"b4.t20.p2.w114",20,1000,0,4,TRUE,"5",2,114,3,0.88661929770624,1141,3.02284722222222,4
"b4.t20.p2.w118",20,1000,0,4,TRUE,"12",2,118,3,0.918885263401256,1176,3.02284722222222,4
"b4.t20.p2.w119",20,1000,0,4,TRUE,"6",2,119,1,0.951604646056503,1200,3.02284722222222,4
"b4.t20.p2.w61",20,1000,0,4,TRUE,"10",2,61,3,0.96530087408857,1220,3.02284722222222,3
"b4.t20.p2.w67",20,1000,0,4,TRUE,"6",2,67,2,0.877107371586425,1010,3.02284722222222,4
"b4.t20.p2.w68",20,1000,0,4,TRUE,"8",2,68,3,0.969366412382696,1078,3.02284722222222,4
"b4.t20.p2.w69",20,1000,0,4,TRUE,"14",2,69,3,0.9754377712196,1408,3.02284722222222,4
"b4.t20.p2.w84",20,1000,0,4,TRUE,"13",2,84,1,0.953362160629924,780,3.02284722222222,4
"b4.t20.p2.w85",20,1000,0,4,TRUE,"1",2,85,1,1.05562716417672,1583,3.02284722222222,4
"b4.t20.p2.w90",20,1000,0,4,TRUE,"9",2,90,2,0.933255383240392,1270,3.02284722222222,4
"b4.t20.p2.w91",20,1000,0,4,TRUE,"14",2,91,1,0.970406255297591,1247,3.02284722222222,4
"b4.t20.p2.w92",20,1000,0,4,TRUE,"9",2,92,3,0.990374785432104,1214,3.02284722222222,3
"b4.t20.p2.w93",20,1000,0,4,TRUE,"15",2,93,1,1.02976293210562,1247,3.02284722222222,3
"b4.t20.p2.w94",20,1000,0,4,TRUE,"12",2,94,1,0.916610392655309,1133,3.02284722222222,4
"b4.t20.p2.w97",20,1000,0,4,TRUE,"7",2,97,1,0.98682254481004,1214,3.02284722222222,4
"b4.t25.p1.w11",25,1000,0,4,TRUE,"5",1,11,3,1.34643682036302,2729,2.94353009259259,3
"b4.t25.p1.w12",25,1000,0,4,TRUE,"all",1,12,1,1.14096955469425,982,2.94353009259259,3
"b4.t25.p1.w13",25,1000,0,4,TRUE,"9",1,13,1,1.36199267228644,2568,2.94353009259259,3
"b4.t25.p1.w16",25,1000,0,4,TRUE,"6",1,16,3,1.27015298708601,1948,2.94353009259259,3
"b4.t25.p1.w18",25,1000,0,4,TRUE,"6",1,18,2,1.3118110808505,2255,2.94353009259259,3
"b4.t25.p1.w2",25,1000,0,4,TRUE,"10",1,2,1,1.36527419580713,2828,2.94353009259259,3
"b4.t25.p1.w20",25,1000,0,4,TRUE,"14",1,20,3,1.21636131006512,2594,2.94353009259259,3
"b4.t25.p1.w21",25,1000,0,4,TRUE,"5",1,21,2,1.27739791213922,2441,2.94353009259259,3
"b4.t25.p1.w22",25,1000,0,4,TRUE,"15",1,22,3,1.29394151896756,2358,2.94353009259259,3
"b4.t25.p1.w23",25,1000,0,4,TRUE,"15",1,23,2,1.33426066634623,2607,2.94353009259259,3
"b4.t25.p1.w24",25,1000,0,4,TRUE,"7",1,24,1,1.32867866403256,2057,2.94353009259259,3
"b4.t25.p1.w25",25,1000,0,4,TRUE,"10",1,25,3,1.25047835373837,2732,2.94353009259259,3
"b4.t25.p1.w26",25,1000,0,4,TRUE,"all",1,26,2,1.09405038933372,1263,2.94353009259259,3
"b4.t25.p1.w32",25,1000,0,4,TRUE,"4",1,32,1,1.02422156862879,1244,2.94353009259259,3
"b4.t25.p1.w33",25,1000,0,4,TRUE,"6",1,33,1,1.35891489257581,2065,2.94353009259259,3
"b4.t25.p1.w36",25,1000,0,4,TRUE,"2",1,36,1,1.30220002736471,1591,2.94353009259259,3
"b4.t25.p1.w37",25,1000,0,4,TRUE,"2",1,37,2,1.26648185258433,2025,2.94353009259259,3
"b4.t25.p1.w4",25,1000,0,4,TRUE,"1",1,4,2,1.36531883748161,2404,2.94353009259259,3
"b4.t25.p1.w40",25,1000,0,4,TRUE,"3",1,40,1,1.26446250808981,2242,2.94353009259259,3
"b4.t25.p1.w42",25,1000,0,4,TRUE,"12",1,42,1,1.27232510962713,2350,2.94353009259259,3
"b4.t25.p1.w47",25,1000,0,4,TRUE,"all",1,47,3,1.1283126459932,1310,2.94353009259259,3
"b4.t25.p1.w48",25,1000,0,4,TRUE,"11",1,48,1,0.744082408525034,439,2.94353009259259,3
"b4.t25.p1.w50",25,1000,0,4,TRUE,"none",1,50,3,1.36156921668559,2621,2.94353009259259,3
"b4.t25.p1.w52",25,1000,0,4,TRUE,"10",1,52,2,1.27100160774199,2566,2.94353009259259,3
"b4.t25.p1.w56",25,1000,0,4,TRUE,"11",1,56,2,0.687796248711738,329,2.94353009259259,3
"b4.t25.p1.w59",25,1000,0,4,TRUE,"9",1,59,3,1.30360600607467,2209,2.94353009259259,3
"b4.t25.p1.w8",25,1000,0,4,TRUE,"8",1,8,2,1.32247181333607,2833,2.94353009259259,3
"b4.t25.p2.w100",25,1000,0,4,TRUE,"14",2,100,1,0.972280231389573,2695,3.90896990740741,3
"b4.t25.p2.w104",25,1000,0,4,TRUE,"4",2,104,3,0.922285193095977,1719,3.90896990740741,3
"b4.t25.p2.w108",25,1000,0,4,TRUE,"8",2,108,3,0.895368164124964,1525,3.90896990740741,3
"b4.t25.p2.w109",25,1000,0,4,TRUE,"1",2,109,1,0.860761704686986,1438,3.90896990740741,3
"b4.t25.p2.w113",25,1000,0,4,TRUE,"4",2,113,2,0.887518490473515,1314,3.90896990740741,3
"b4.t25.p2.w119",25,1000,0,4,TRUE,"3",2,119,3,0.997810456404421,2767,3.90896990740741,3
"b4.t25.p2.w120",25,1000,0,4,TRUE,"1",2,120,3,1.01049884096131,2689,3.90896990740741,3
"b4.t25.p2.w63",25,1000,0,4,TRUE,"9",2,63,2,1.03536796555423,2817,3.90896990740741,3
"b4.t25.p2.w64",25,1000,0,4,TRUE,"2",2,64,3,0.875534821097478,1507,3.90896990740741,3
"b4.t25.p2.w65",25,1000,0,4,TRUE,"13",2,65,3,0.755867857370636,1403,3.90896990740741,3
"b4.t25.p2.w67",25,1000,0,4,TRUE,"12",2,67,3,0.93706853818556,2359,3.90896990740741,3
"b4.t25.p2.w69",25,1000,0,4,TRUE,"11",2,69,3,0.459235657439343,433,3.90896990740741,3
"b4.t25.p2.w73",25,1000,0,4,TRUE,"3",2,73,2,0.975436218803992,2296,3.90896990740741,3
"b4.t25.p2.w77",25,1000,0,4,TRUE,"5",2,77,1,0.932612661741728,2323,3.90896990740741,3
"b4.t25.p2.w79",25,1000,0,4,TRUE,"13",2,79,2,0.781146471571698,2132,3.90896990740741,3
"b4.t25.p2.w80",25,1000,0,4,TRUE,"none",2,80,1,0.985951380853537,2977,3.90896990740741,3
"b4.t25.p2.w83",25,1000,0,4,TRUE,"15",2,83,1,0.979768756417133,2190,3.90896990740741,3
"b4.t25.p2.w86",25,1000,0,4,TRUE,"12",2,86,2,0.976527178518998,2360,3.90896990740741,3
"b4.t25.p2.w88",25,1000,0,4,TRUE,"none",2,88,2,0.958176606004018,2867,3.90896990740741,3
"b4.t25.p2.w89",25,1000,0,4,TRUE,"7",2,89,2,0.894663550287896,2328,3.90896990740741,3
"b4.t25.p2.w90",25,1000,0,4,TRUE,"14",2,90,2,0.956353554760439,2802,3.90896990740741,3
"b4.t25.p2.w95",25,1000,0,4,TRUE,"13",2,95,1,0.754407033504986,1181,3.90896990740741,3
"b4.t25.p2.w96",25,1000,0,4,TRUE,"7",2,96,3,0.937419067788833,2214,3.90896990740741,3
"b4.t25.p2.w99",25,1000,0,4,TRUE,"8",2,99,1,0.997293020463709,2646,3.90896990740741,3
"b4.t30.p1.w10",30,25,0,4,TRUE,"10",1,10,1,1.1084823541355,241,1.53297453703704,3
"b4.t30.p1.w12",30,1000,2.67,4,TRUE,"5",1,12,1,0.425896717608102,785,2.7219212962963,3
"b4.t30.p1.w14",30,1000,1.33,4,TRUE,"2",1,14,2,1.23751724629206,3743,2.7219212962963,4
"b4.t30.p1.w15",30,0,0,4,TRUE,"13",1,15,2,-0.108368783913053,31,14.8145138888889,11
"b4.t30.p1.w17",30,1000,5.33,4,TRUE,"1",1,17,2,0.349826189456618,115,1.53297453703704,3
"b4.t30.p1.w19",30,400,0,4,TRUE,"3",1,19,1,1.52385419574491,2314,1.53297453703704,3
"b4.t30.p1.w22",30,0,0,4,TRUE,"4",1,22,3,-0.0147071832039553,66,14.8145138888889,11
"b4.t30.p1.w23",30,1000,5.33,4,TRUE,"13",1,23,1,0.189256096289103,85,2.7219212962963,3
"b4.t30.p1.w24",30,1000,8,4,TRUE,"4",1,24,3,0.0809716599550035,48,2.7219212962963,3
"b4.t30.p1.w26",30,5,0,4,TRUE,"5",1,26,1,0.27416211124416,92,1.53297453703704,3
"b4.t30.p1.w27",30,1,0,4,TRUE,"11",1,27,2,-0.137251078003317,35,14.8145138888889,11
"b4.t30.p1.w30",30,1000,4,4,TRUE,"14",1,30,1,0.184476279112365,80,2.7219212962963,3
"b4.t30.p1.w31",30,1000,9.33,4,TRUE,"none",1,31,3,-0.0973265141567517,31,2.7219212962963,3
"b4.t30.p1.w32",30,50,0,4,TRUE,"8",1,32,3,1.22335400772366,461,1.53297453703704,3
"b4.t30.p1.w42",30,25,0,4,TRUE,"15",1,42,2,0.986916640941514,249,1.53297453703704,3
"b4.t30.p1.w43",30,25,0,4,TRUE,"8",1,43,1,0.937601871519965,194,1.53297453703704,3
"b4.t30.p1.w44",30,10,0,4,TRUE,"8",1,44,3,0.680196270394731,148,1.53297453703704,3
"b4.t30.p1.w45",30,5,0,4,TRUE,"none",1,45,2,0.231475376951322,76,1.53297453703704,3
"b4.t30.p1.w53",30,1000,10.67,4,TRUE,"15",1,53,2,-0.141016432864298,32,14.8145138888889,11
"b4.t30.p1.w54",30,1000,1.33,4,TRUE,"9",1,54,1,1.10487557438211,8141,2.7219212962963,4
"b4.t30.p1.w56",30,5,0,4,TRUE,"11",1,56,2,0.0900564441667647,71,1.53297453703704,3
"b4.t30.p1.w57",30,1000,1.33,4,TRUE,"8",1,57,2,0.965256576442331,8390,2.7219212962963,4
"b4.t30.p1.w59",30,1000,0,4,TRUE,"1",1,59,2,1.68673020665479,2600,1.53297453703704,3
"b4.t30.p1.w6",30,0,0,4,TRUE,"7",1,6,2,-0.100173570295367,35,14.8145138888889,11
"b4.t30.p1.w7",30,0,0,4,TRUE,"14",1,7,1,0.0443850461828367,65,13.4765625,10
"b4.t30.p1.w9",30,25,0,4,TRUE,"2",1,9,1,0.764165865476233,205,1.53297453703704,3
"b4.t30.p10.w543",30,1000,10.67,4,TRUE,"3",10,543,3,-0.121917256667468,30,14.8461805555556,11
"b4.t30.p10.w544",30,25,0,4,TRUE,"9",10,544,1,0.499942269005147,107,1.5653587962963,3
"b4.t30.p10.w545",30,5,0,4,TRUE,"all",10,545,1,-0.0217137274641011,50,1.5653587962963,3
"b4.t30.p10.w548",30,1000,10.67,4,TRUE,"14",10,548,1,-0.146911051293617,27,14.8461805555556,11
"b4.t30.p10.w550",30,1000,4,4,TRUE,"14",10,550,3,0.131579564875993,65,2.74265046296296,3
"b4.t30.p10.w557",30,0,0,4,TRUE,"14",10,557,3,-0.0953603664992067,39,14.8461805555556,11
"b4.t30.p10.w558",30,1000,1.33,4,TRUE,"3",10,558,1,1.15723556458194,4832,2.74265046296296,4
"b4.t30.p10.w559",30,1000,6.67,4,TRUE,"4",10,559,3,0.157446468960707,46,2.74265046296296,3
"b4.t30.p10.w560",30,5,0,4,TRUE,"7",10,560,2,-0.112017575517163,64,14.8461805555556,11
"b4.t30.p10.w561",30,50,0,4,TRUE,"2",10,561,3,0.956606097522215,179,1.5653587962963,3
"b4.t30.p10.w562",30,700,0,4,TRUE,"13",10,562,1,1.26860773277621,1228,2.74265046296296,4
"b4.t30.p10.w564",30,5,0,4,TRUE,"2",10,564,2,-0.147849138240784,51,1.5653587962963,3
"b4.t30.p10.w565",30,0,0,4,TRUE,"none",10,565,2,-0.106200697635834,37,14.8461805555556,11
"b4.t30.p10.w566",30,1000,2.67,4,TRUE,"all",10,566,3,0.447945998049819,138,1.5653587962963,3
"b4.t30.p10.w572",30,50,0,4,TRUE,"12",10,572,1,1.08131174233136,306,1.5653587962963,3
"b4.t30.p10.w573",30,0,0,4,TRUE,"7",10,573,1,-0.0716121933411587,37,14.8461805555556,11
"b4.t30.p10.w574",30,1,0,4,TRUE,"7",10,574,2,-0.0706840346338703,35,14.8461805555556,11
"b4.t30.p10.w575",30,1000,5.33,4,TRUE,"12",10,575,3,0.164179806687049,59,2.74265046296296,3
"b4.t30.p10.w577",30,1000,4,4,TRUE,"none",10,577,1,0.104389160041322,78,2.74265046296296,3
"b4.t30.p10.w578",30,5,0,4,TRUE,"12",10,578,3,-0.000955302672526575,61,1.5653587962963,3
"b4.t30.p10.w580",30,1000,1.33,4,TRUE,"all",10,580,2,0.846141687915,574,2.74265046296296,4
"b4.t30.p10.w581",30,700,0,4,TRUE,"6",10,581,2,1.51476582715981,2681,1.5653587962963,3
"b4.t30.p10.w584",30,1000,5.33,4,TRUE,"15",10,584,1,0.0733962632323995,48,2.74265046296296,3
"b4.t30.p10.w586",30,50,0,4,TRUE,"none",10,586,3,0.934293980008613,184,1.5653587962963,3
"b4.t30.p10.w587",30,25,0,4,TRUE,"4",10,587,1,0.357716780567448,110,1.5653587962963,3
"b4.t30.p10.w588",30,0,0,4,TRUE,"8",10,588,1,-0.0615179727972915,45,14.8461805555556,11
"b4.t30.p10.w591",30,1000,8,4,TRUE,"13",10,591,2,0.0799763806586531,33,2.74265046296296,3
"b4.t30.p10.w593",30,400,0,4,TRUE,"2",10,593,1,1.35081243488211,2816,1.5653587962963,3
"b4.t30.p10.w594",30,1000,0,4,TRUE,"7",10,594,2,1.47027516740851,3989,2.74265046296296,4
"b4.t30.p10.w596",30,1000,2.67,4,TRUE,"11",10,596,3,0.31368407271404,134,2.74265046296296,3
"b4.t30.p10.w598",30,400,0,4,TRUE,"6",10,598,2,1.49923535873182,3082,1.5653587962963,3
"b4.t30.p10.w600",30,10,0,4,TRUE,"none",10,600,2,0.250733668381787,96,1.5653587962963,3
"b4.t30.p11.w601",30,0,0,4,TRUE,"4",11,601,1,0.063898288914811,137,14.8487037037037,11
"b4.t30.p11.w606",30,5,0,4,TRUE,"2",11,606,1,-0.165834531971975,57,14.8487037037037,11
"b4.t30.p11.w608",30,700,0,4,TRUE,"8",11,608,2,1.24259046854102,2388,2.74483796296296,4
"b4.t30.p11.w610",30,1000,10.67,4,TRUE,"5",11,610,2,-0.0422994006623084,33,2.74483796296296,3
"b4.t30.p11.w616",30,1000,8,4,TRUE,"6",11,616,3,-0.0119933177826671,38,2.74483796296296,3
"b4.t30.p11.w618",30,1000,6.67,4,TRUE,"4",11,618,1,0.172673407076613,78,2.74483796296296,3
"b4.t30.p11.w623",30,25,0,4,TRUE,"14",11,623,2,0.769893887118802,118,1.56752314814815,3
"b4.t30.p11.w624",30,50,0,4,TRUE,"5",11,624,2,0.80477362262215,218,1.56752314814815,3
"b4.t30.p11.w625",30,700,0,4,TRUE,"1",11,625,2,1.29283223802646,3111,2.74483796296296,4
"b4.t30.p11.w626",30,1000,4,4,TRUE,"13",11,626,2,0.300709528095246,173,2.74483796296296,4
"b4.t30.p11.w627",30,5,0,4,TRUE,"3",11,627,2,0.0126951768429926,61,1.56752314814815,3
"b4.t30.p11.w628",30,5,0,4,TRUE,"4",11,628,1,0.12294383505177,67,1.56752314814815,3
"b4.t30.p11.w629",30,1000,0,4,TRUE,"none",11,629,3,1.22196993766038,3684,2.74483796296296,4
"b4.t30.p11.w630",30,50,0,4,TRUE,"none",11,630,1,0.693795359548537,231,1.56752314814815,3
"b4.t30.p11.w631",30,1000,0,4,TRUE,"14",11,631,1,1.10125511363783,3635,3.6758912037037,5
"b4.t30.p11.w632",30,1000,2.67,4,TRUE,"12",11,632,3,0.40280340026673,808,2.74483796296296,3
"b4.t30.p11.w635",30,1000,0,4,TRUE,"14",11,635,3,1.21051069226475,3215,2.74483796296296,4
"b4.t30.p11.w636",30,400,0,4,TRUE,"all",11,636,3,0.993820352554526,871,1.56752314814815,3
"b4.t30.p11.w638",30,1000,10.67,4,TRUE,"4",11,638,2,0.0226897712456118,29,2.74483796296296,3
"b4.t30.p11.w642",30,1000,0,4,TRUE,"6",11,642,3,1.27776062221422,3650,2.74483796296296,4
"b4.t30.p11.w646",30,5,0,4,TRUE,"9",11,646,3,0.236701524668834,77,1.56752314814815,3
"b4.t30.p11.w649",30,1,0,4,TRUE,"4",11,649,2,-0.0104578074391521,60,14.8487037037037,11
"b4.t30.p11.w650",30,0,0,4,TRUE,"3",11,650,2,0.0271706844776622,98,14.8487037037037,11
"b4.t30.p11.w653",30,25,0,4,TRUE,"7",11,653,3,0.525536825390931,118,1.56752314814815,3
"b4.t30.p11.w658",30,1000,0,4,TRUE,"2",11,658,1,1.37270004202367,2850,2.74483796296296,4
"b4.t30.p11.w659",30,100,0,4,TRUE,"1",11,659,3,1.05524850691569,415,1.56752314814815,3
"b4.t30.p12.w662",30,1000,10.67,4,TRUE,"10",12,662,3,-0.0620010672873983,30,2.74703703703704,3
"b4.t30.p12.w663",30,50,0,4,TRUE,"12",12,663,2,0.80337943717728,244,1.56967592592593,3
"b4.t30.p12.w667",30,100,0,4,TRUE,"6",12,667,2,0.9355552330497,528,1.56967592592593,3
"b4.t30.p12.w670",30,5,0,4,TRUE,"15",12,670,1,0.173946478249118,64,1.56967592592593,3
"b4.t30.p12.w674",30,1000,9.33,4,TRUE,"10",12,674,3,0.050515478466629,29,2.74703703703704,3
"b4.t30.p12.w677",30,5,0,4,TRUE,"4",12,677,3,-0.000903078324115608,59,1.56967592592593,3
"b4.t30.p12.w680",30,1000,12,4,TRUE,"7",12,680,2,-0.11039417105099,27,14.8510069444444,11
"b4.t30.p12.w683",30,1000,9.33,4,TRUE,"all",12,683,3,-0.00855959101284365,40,2.74703703703704,3
"b4.t30.p12.w684",30,1000,0,4,TRUE,"11",12,684,3,0.967993907597408,843,1.56967592592593,3
"b4.t30.p12.w689",30,1000,9.33,4,TRUE,"10",12,689,2,0.0675436655108804,32,2.74703703703704,3
"b4.t30.p12.w690",30,25,0,4,TRUE,"12",12,690,3,0.541549746598022,121,1.56967592592593,3
"b4.t30.p12.w692",30,10,0,4,TRUE,"all",12,692,1,0.226984124747482,82,1.56967592592593,3
"b4.t30.p12.w693",30,1000,4,4,TRUE,"15",12,693,1,0.245850526532166,152,1.56967592592593,3
"b4.t30.p12.w694",30,1,0,4,TRUE,"1",12,694,2,-0.0677041714603266,36,14.8510069444444,11
"b4.t30.p12.w698",30,50,0,4,TRUE,"4",12,698,3,0.742791552673658,225,1.56967592592593,3
"b4.t30.p12.w699",30,1000,8,4,TRUE,"7",12,699,3,0.0676478958480414,40,2.74703703703704,3
"b4.t30.p12.w702",30,25,0,4,TRUE,"all",12,702,3,0.430169566592429,97,1.56967592592593,3
"b4.t30.p12.w703",30,1000,9.33,4,TRUE,"2",12,703,1,-0.0351401234417302,29,3.6781712962963,4
"b4.t30.p12.w704",30,1000,2.67,4,TRUE,"all",12,704,1,0.324932081009703,193,1.56967592592593,3
"b4.t30.p12.w705",30,1000,4,4,TRUE,"10",12,705,3,0.214787256640889,208,2.74703703703704,3
"b4.t30.p12.w707",30,400,0,4,TRUE,"5",12,707,3,1.47038277920721,2439,1.56967592592593,3
"b4.t30.p12.w710",30,1000,12,4,TRUE,"6",12,710,2,-0.101161624281577,23,12.5750115740741,9
"b4.t30.p12.w713",30,10,0,4,TRUE,"11",12,713,3,0.430139242840556,90,1.56967592592593,3
"b4.t30.p12.w715",30,10,0,4,TRUE,"6",12,715,1,0.346198777043186,127,1.56967592592593,3
"b4.t30.p12.w716",30,1000,9.33,4,TRUE,"8",12,716,3,0.0577037413677702,26,2.74703703703704,3
"b4.t30.p12.w717",30,1000,1.33,4,TRUE,"14",12,717,2,0.953811141505915,6029,2.74703703703704,4
"b4.t30.p12.w720",30,1000,6.67,4,TRUE,"12",12,720,2,0.0133043669249016,43,2.74703703703704,3
"b4.t30.p13.w724",30,0,0,4,TRUE,"5",13,724,3,-0.0221274321030475,61,14.8534606481481,11
"b4.t30.p13.w725",30,1000,9.33,4,TRUE,"12",13,725,3,-0.0219327138804573,24,2.74915509259259,3
"b4.t30.p13.w728",30,50,0,4,TRUE,"2",13,728,2,0.562667439142803,154,1.57195601851852,3
"b4.t30.p13.w730",30,400,0,4,TRUE,"9",13,730,1,1.25481219068846,2470,2.74915509259259,4
"b4.t30.p13.w737",30,1,0,4,TRUE,"all",13,737,2,-0.196001753776835,47,14.8534606481481,11
"b4.t30.p13.w738",30,25,0,4,TRUE,"none",13,738,1,0.577101870391254,136,1.57195601851852,3
"b4.t30.p13.w739",30,10,0,4,TRUE,"2",13,739,1,0.239736824179698,78,1.57195601851852,3
"b4.t30.p13.w741",30,100,0,4,TRUE,"11",13,741,2,0.402579904472096,177,1.57195601851852,3
"b4.t30.p13.w742",30,1000,8,4,TRUE,"8",13,742,2,0.00980788010836411,37,2.74915509259259,3
"b4.t30.p13.w743",30,1000,12,4,TRUE,"1",13,743,1,-0.0984910166086166,26,14.8534606481481,11
"b4.t30.p13.w744",30,1000,0,4,TRUE,"5",13,744,3,1.41974325871439,3679,2.74915509259259,4
"b4.t30.p13.w745",30,1000,10.67,4,TRUE,"2",13,745,3,-0.0478037411246799,30,3.68028935185185,4
"b4.t30.p13.w746",30,1000,1.33,4,TRUE,"15",13,746,1,0.993446283788163,5611,2.74915509259259,4
"b4.t30.p13.w748",30,1000,12,4,TRUE,"5",13,748,3,-0.0293889472953705,25,2.74915509259259,3
"b4.t30.p13.w754",30,5,0,4,TRUE,"11",13,754,3,0.070733796698208,58,1.57195601851852,3
"b4.t30.p13.w757",30,1000,0,4,TRUE,"12",13,757,3,1.39334902797917,4007,2.74915509259259,4
"b4.t30.p13.w758",30,1000,0,4,TRUE,"12",13,758,2,1.39023305536836,3408,2.74915509259259,4
"b4.t30.p13.w759",30,1000,5.33,4,TRUE,"7",13,759,2,0.152531987189292,69,2.74915509259259,3
"b4.t30.p13.w760",30,1000,0,4,TRUE,"11",13,760,1,1.06057266923211,559,1.57195601851852,3
"b4.t30.p13.w761",30,10,0,4,TRUE,"2",13,761,2,0.276391239820982,181,1.57195601851852,3
"b4.t30.p13.w765",30,100,0,4,TRUE,"15",13,765,2,0.802123420665399,492,1.57195601851852,3
"b4.t30.p13.w766",30,400,0,4,TRUE,"3",13,766,2,1.14651000970707,2319,2.74915509259259,4
"b4.t30.p13.w768",30,1000,6.67,4,TRUE,"3",13,768,3,0.184855369668426,61,2.74915509259259,3
"b4.t30.p13.w772",30,1000,0,4,TRUE,"none",13,772,2,1.42121141673941,3792,2.74915509259259,3
"b4.t30.p13.w774",30,400,0,4,TRUE,"2",13,774,3,1.32140920617761,2735,2.74915509259259,4
"b4.t30.p13.w775",30,1000,5.33,4,TRUE,"4",13,775,2,0.152379582785821,74,2.74915509259259,3
"b4.t30.p13.w776",30,1000,10.67,4,TRUE,"15",13,776,1,-0.0944117024292766,28,14.8534606481481,11
"b4.t30.p13.w777",30,400,0,4,TRUE,"15",13,777,2,1.2055408219854,2468,2.74915509259259,4
"b4.t30.p13.w780",30,1000,1.33,4,TRUE,"14",13,780,3,0.903570285655199,5830,2.74915509259259,3
"b4.t30.p14.w783",30,0,0,4,TRUE,"12",14,783,2,-0.0926731599308261,47,13.5063773148148,10
"b4.t30.p14.w784",30,1000,5.33,4,TRUE,"2",14,784,2,0.257424126729686,131,2.75140046296296,3
"b4.t30.p14.w788",30,1000,10.67,4,TRUE,"4",14,788,3,-0.02937121805757,27,2.75140046296296,3
"b4.t30.p14.w789",30,1000,10.67,4,TRUE,"6",14,789,1,-0.14307210281209,31,13.5063773148148,10
"b4.t30.p14.w793",30,1000,10.67,4,TRUE,"1",14,793,2,-0.114669821857958,32,14.8557638888889,11
"b4.t30.p14.w794",30,1000,4,4,TRUE,"9",14,794,3,0.218178245003918,92,2.75140046296296,3
"b4.t30.p14.w797",30,1000,1.33,4,TRUE,"6",14,797,1,0.991196809046684,5349,2.75140046296296,4
"b4.t30.p14.w798",30,1000,9.33,4,TRUE,"9",14,798,1,0.0461914591877018,29,2.75140046296296,3
"b4.t30.p14.w804",30,10,0,4,TRUE,"9",14,804,2,0.295641459697401,87,1.57405092592593,3
"b4.t30.p14.w808",30,1,0,4,TRUE,"all",14,808,1,-0.169129759023905,43,14.8557638888889,11
"b4.t30.p14.w810",30,1000,8,4,TRUE,"15",14,810,2,0.0183883448015308,35,2.75140046296296,3
"b4.t30.p14.w815",30,50,0,4,TRUE,"15",14,815,2,0.873716627183247,346,1.57405092592593,3
"b4.t30.p14.w817",30,1000,8,4,TRUE,"9",14,817,1,0.0802385340762814,36,2.75140046296296,3
"b4.t30.p14.w820",30,1000,8,4,TRUE,"8",14,820,3,-0.0108882606766055,35,2.75140046296296,3
"b4.t30.p14.w821",30,10,0,4,TRUE,"14",14,821,1,0.219775804128456,88,1.57405092592593,3
"b4.t30.p14.w824",30,1000,0,4,TRUE,"4",14,824,2,1.23604909153692,2283,2.75140046296296,3
"b4.t30.p14.w827",30,1000,8,4,TRUE,"9",14,827,3,0.0371063930000219,37,2.75140046296296,3
"b4.t30.p14.w828",30,1000,6.67,4,TRUE,"10",14,828,2,0.0464462310108824,38,2.75140046296296,3
"b4.t30.p14.w831",30,1000,2.67,4,TRUE,"4",14,831,1,0.467887409941025,533,2.75140046296296,4
"b4.t30.p14.w832",30,1000,12,4,TRUE,"10",14,832,2,-0.0607501068602945,25,2.75140046296296,3
"b4.t30.p14.w835",30,0,0,4,TRUE,"13",14,835,3,-0.0916737366274097,36,12.579537037037,9
"b4.t30.p14.w836",30,700,0,4,TRUE,"2",14,836,1,1.43151138592389,3421,2.75140046296296,4
"b4.t30.p14.w838",30,0,0,4,TRUE,"all",14,838,3,-0.0830392532511181,31,12.579537037037,9
"b4.t30.p14.w839",30,1000,2.67,4,TRUE,"4",14,839,3,0.478414375722098,272,2.75140046296296,4
"b4.t30.p14.w840",30,25,0,4,TRUE,"13",14,840,3,0.351247395502023,131,1.57405092592593,3
"b4.t30.p15.w841",30,1000,2.67,4,TRUE,"13",15,841,3,0.410051328755065,254,2.75376157407407,3
"b4.t30.p15.w842",30,1000,6.67,4,TRUE,"11",15,842,1,0.196022862018065,60,2.75376157407407,3
"b4.t30.p15.w843",30,1000,9.33,4,TRUE,"all",15,843,2,-0.0245553755333835,34,3.68497685185185,4
"b4.t30.p15.w844",30,1000,12,4,TRUE,"11",15,844,1,-0.0519841214508989,24,6.5505787037037,6
"b4.t30.p15.w846",30,50,0,4,TRUE,"all",15,846,1,0.790377854823518,186,1.57618055555556,3
"b4.t30.p15.w849",30,1000,10.67,4,TRUE,"5",15,849,1,-0.110889785949635,32,15.4709722222222,11
"b4.t30.p15.w850",30,100,0,4,TRUE,"9",15,850,3,1.17837352978677,547,1.57618055555556,3
"b4.t30.p15.w853",30,1000,10.67,4,TRUE,"12",15,853,2,-0.0950324511153122,24,15.4709722222222,11
"b4.t30.p15.w854",30,1000,5.33,4,TRUE,"14",15,854,2,0.0570577076690963,44,2.75376157407407,3
"b4.t30.p15.w855",30,10,0,4,TRUE,"4",15,855,2,0.396201480518431,91,1.57618055555556,3
"b4.t30.p15.w856",30,1,0,4,TRUE,"15",15,856,1,-0.0313167960676703,62,2.75376157407407,3
"b4.t30.p15.w857",30,1000,4,4,TRUE,"2",15,857,2,0.325506416533408,195,2.75376157407407,3
"b4.t30.p15.w858",30,1000,1.33,4,TRUE,"15",15,858,2,0.948641224922469,5011,2.75376157407407,4
"b4.t30.p15.w863",30,400,0,4,TRUE,"7",15,863,3,1.32766106242202,2611,1.57618055555556,3
"b4.t30.p15.w865",30,1000,6.67,4,TRUE,"all",15,865,3,0.130908762038701,52,2.75376157407407,3
"b4.t30.p15.w868",30,1000,4,4,TRUE,"2",15,868,3,0.245908578403581,150,2.75376157407407,3
"b4.t30.p15.w869",30,1000,10.67,4,TRUE,"14",15,869,3,-0.102878015741436,30,15.4709722222222,11
"b4.t30.p15.w870",30,1000,0,4,TRUE,"8",15,870,3,1.43313870880053,4091,2.75376157407407,4
"b4.t30.p15.w874",30,1000,5.33,4,TRUE,"4",15,874,1,0.119054214989063,55,2.75376157407407,3
"b4.t30.p15.w875",30,10,0,4,TRUE,"7",15,875,1,0.295584655162571,97,1.57618055555556,3
"b4.t30.p15.w876",30,1000,2.67,4,TRUE,"10",15,876,2,0.363734956426157,252,2.75376157407407,3
"b4.t30.p15.w877",30,1000,0,4,TRUE,"15",15,877,3,1.53758414699841,4466,2.75376157407407,4
"b4.t30.p15.w879",30,1000,8,4,TRUE,"7",15,879,1,-0.0234421265951227,31,2.75376157407407,3
"b4.t30.p15.w880",30,50,0,4,TRUE,"6",15,880,2,0.825239706268016,360,1.57618055555556,3
"b4.t30.p15.w882",30,1000,5.33,4,TRUE,"all",15,882,1,0.237026496986431,81,2.75376157407407,3
"b4.t30.p15.w883",30,1000,4,4,TRUE,"5",15,883,1,0.246051344538637,79,2.75376157407407,3
"b4.t30.p15.w884",30,1000,2.67,4,TRUE,"7",15,884,3,0.364042104306457,329,2.75376157407407,3
"b4.t30.p15.w885",30,1000,1.33,4,TRUE,"15",15,885,3,0.942510811831781,5343,2.75376157407407,4
"b4.t30.p15.w886",30,1000,8,4,TRUE,"none",15,886,3,-0.0453666384448105,31,2.75376157407407,3
"b4.t30.p15.w889",30,400,0,4,TRUE,"9",15,889,2,1.33489380047781,2772,1.57618055555556,3
"b4.t30.p15.w890",30,1000,12,4,TRUE,"11",15,890,3,-0.032599649790105,23,7.55849537037037,7
"b4.t30.p15.w891",30,25,0,4,TRUE,"1",15,891,1,0.448996486089158,111,1.57618055555556,3
"b4.t30.p15.w893",30,100,0,4,TRUE,"10",15,893,3,1.08379266150216,527,1.57618055555556,3
"b4.t30.p15.w895",30,1000,4,4,TRUE,"1",15,895,3,0.221720993316615,106,2.75376157407407,3
"b4.t30.p15.w896",30,25,0,4,TRUE,"9",15,896,3,0.46546249371111,102,1.57618055555556,3
"b4.t30.p15.w898",30,1000,5.33,4,TRUE,"8",15,898,3,0.00876684931282133,41,2.75376157407407,3
"b4.t30.p16.w901",30,1,0,4,TRUE,"4",16,901,1,0.110210162177686,134,2.75590277777778,3
"b4.t30.p16.w902",30,1000,8,4,TRUE,"3",16,902,1,0.0214921699503852,31,2.75590277777778,3
"b4.t30.p16.w903",30,1000,4,4,TRUE,"15",16,903,3,0.419582102553987,2013,7.56065972222222,7
"b4.t30.p16.w904",30,1000,9.33,4,TRUE,"13",16,904,1,0.150860959141471,38,2.75590277777778,3
"b4.t30.p16.w909",30,400,0,4,TRUE,"5",16,909,2,1.50017711316204,3381,2.75590277777778,3
"b4.t30.p16.w911",30,1000,8,4,TRUE,"all",16,911,2,-0.0141641914298154,25,2.75590277777778,3
"b4.t30.p16.w917",30,1,0,4,TRUE,"13",16,917,3,0.56871146798335,496,2.75590277777778,3
"b4.t30.p16.w919",30,0,0,4,TRUE,"6",16,919,1,0.0892791597083412,134,2.75590277777778,3
"b4.t30.p16.w920",30,400,0,4,TRUE,"8",16,920,2,1.20710628311212,2421,2.75590277777778,3
"b4.t30.p16.w924",30,400,0,4,TRUE,"14",16,924,2,1.16184008914717,2397,2.75590277777778,4
"b4.t30.p16.w925",30,1000,5.33,4,TRUE,"all",16,925,3,0.188203736416362,45,2.75590277777778,3
"b4.t30.p16.w927",30,1000,1.33,4,TRUE,"9",16,927,3,1.01545445237509,5133,2.75590277777778,3
"b4.t30.p16.w930",30,0,0,4,TRUE,"9",16,930,3,0.353311083509014,125,2.75590277777778,3
"b4.t30.p16.w931",30,700,0,4,TRUE,"3",16,931,2,1.47407334992084,3182,2.75590277777778,3
"b4.t30.p16.w933",30,1000,2.67,4,TRUE,"2",16,933,2,0.691045287235897,3041,3.68728009259259,4
"b4.t30.p16.w934",30,1000,2.67,4,TRUE,"8",16,934,1,0.733838258700064,4104,3.68728009259259,4
"b4.t30.p16.w937",30,1000,4,4,TRUE,"8",16,937,2,0.275244855940478,903,2.75590277777778,3
"b4.t30.p16.w938",30,1000,10.67,4,TRUE,"7",16,938,2,0.0829002272027845,33,2.75590277777778,3
"b4.t30.p16.w939",30,10,0,4,TRUE,"14",16,939,2,0.407856920284646,175,2.75590277777778,4
"b4.t30.p16.w945",30,1000,9.33,4,TRUE,"4",16,945,2,0.10092822822498,36,2.75590277777778,3
"b4.t30.p16.w946",30,100,0,4,TRUE,"9",16,946,2,1.0901922698616,432,1.57891203703704,3
"b4.t30.p16.w948",30,25,0,4,TRUE,"4",16,948,3,0.753217934532531,243,1.57891203703704,3
"b4.t30.p16.w949",30,1,0,4,TRUE,"4",16,949,3,0.814117445680577,399,2.75590277777778,3
"b4.t30.p16.w952",30,1000,8,4,TRUE,"12",16,952,2,0.00765255704811192,20,2.75590277777778,3
"b4.t30.p16.w953",30,25,0,4,TRUE,"7",16,953,1,0.732159992570234,170,1.57891203703704,3
"b4.t30.p16.w954",30,50,0,4,TRUE,"14",16,954,1,0.574922837380732,246,2.75590277777778,3
"b4.t30.p16.w956",30,0,0,4,TRUE,"15",16,956,2,0.374400019210806,99,2.75590277777778,3
"b4.t30.p16.w959",30,5,0,4,TRUE,"11",16,959,1,0.773458903305934,525,2.75590277777778,3
"b4.t30.p16.w960",30,1000,12,4,TRUE,"7",16,960,1,-0.0326071916238918,28,3.68728009259259,4
"b4.t30.p17.w1000",30,1000,9.33,4,TRUE,"11",17,1000,2,0.00261699908933531,30,2.758125,3
"b4.t30.p17.w1001",30,1000,0,4,TRUE,"2",17,1001,2,1.38739452660354,2611,1.58125,3
"b4.t30.p17.w1007",30,1000,5.33,4,TRUE,"3",17,1007,1,0.213876201624868,61,2.758125,3
"b4.t30.p17.w1010",30,1000,4,4,TRUE,"8",17,1010,1,0.253722546348789,76,2.758125,3
"b4.t30.p17.w1014",30,1000,8,4,TRUE,"9",17,1014,2,-0.0648444158504548,25,2.758125,3
"b4.t30.p17.w1017",30,1000,12,4,TRUE,"9",17,1017,2,-0.121106695679461,26,15.4767361111111,12
"b4.t30.p17.w1018",30,1000,9.33,4,TRUE,"12",17,1018,2,-0.0179911593733128,23,2.758125,3
"b4.t30.p17.w1019",30,1000,12,4,TRUE,"8",17,1019,1,-0.0958777021738429,25,14.4896412037037,11
"b4.t30.p17.w962",30,50,0,4,TRUE,"all",17,962,2,0.782145047298476,172,1.58125,3
"b4.t30.p17.w963",30,25,0,4,TRUE,"1",17,963,3,0.691418864851377,179,1.58125,3
"b4.t30.p17.w966",30,50,0,4,TRUE,"10",17,966,1,0.973798685874976,399,1.58125,3
"b4.t30.p17.w967",30,1000,10.67,4,TRUE,"13",17,967,3,-0.0803142388228126,24,3.7037962962963,4
"b4.t30.p17.w968",30,400,0,4,TRUE,"2",17,968,2,1.38700377517432,2425,1.58125,3
"b4.t30.p17.w971",30,50,0,4,TRUE,"7",17,971,1,0.924585750750583,412,1.58125,3
"b4.t30.p17.w976",30,25,0,4,TRUE,"all",17,976,1,0.632817983086106,157,1.58125,3
"b4.t30.p17.w979",30,400,0,4,TRUE,"13",17,979,3,1.30226908913771,2069,1.58125,3
"b4.t30.p17.w980",30,1000,10.67,4,TRUE,"11",17,980,2,-0.012709057964463,30,2.758125,3
"b4.t30.p17.w983",30,50,0,4,TRUE,"1",17,983,2,0.874411936918997,407,1.58125,3
"b4.t30.p17.w985",30,1000,1.33,4,TRUE,"8",17,985,1,1.01116171807998,4616,2.758125,3
"b4.t30.p17.w986",30,1000,0,4,TRUE,"5",17,986,2,1.26882977714598,3549,1.58125,3
"b4.t30.p17.w987",30,10,0,4,TRUE,"all",17,987,2,-0.0822027281583487,60,2.758125,3
"b4.t30.p17.w989",30,1000,4,4,TRUE,"13",17,989,3,0.384298981943489,99,2.758125,3
"b4.t30.p17.w990",30,0,0,4,TRUE,"3",17,990,1,-0.0167782727488898,60,10.6952777777778,8
"b4.t30.p17.w995",30,1000,1.33,4,TRUE,"8",17,995,3,1.0064433146347,5044,2.758125,3
"b4.t30.p17.w998",30,0,0,4,TRUE,"12",17,998,3,-0.0236329967957979,40,12.8333564814815,9
"b4.t30.p17.w999",30,1000,8,4,TRUE,"5",17,999,2,-0.112548978080222,27,15.4767361111111,12
"b4.t30.p18.w1021",30,1000,12,4,TRUE,"8",18,1021,2,-0.0929147242521165,20,15.4796875,12
"b4.t30.p18.w1023",30,100,0,4,TRUE,"5",18,1023,3,1.25923491557538,394,1.58428240740741,3
"b4.t30.p18.w1026",30,5,0,4,TRUE,"10",18,1026,2,0.118753183564945,71,2.76101851851852,3
"b4.t30.p18.w1029",30,1000,5.33,4,TRUE,"3",18,1029,3,0.148896942115013,55,2.76101851851852,3
"b4.t30.p18.w1030",30,1000,10.67,4,TRUE,"1",18,1030,1,-0.14169330766942,34,15.4796875,12
"b4.t30.p18.w1031",30,1000,9.33,4,TRUE,"8",18,1031,1,-0.146652000923054,29,15.4796875,12
"b4.t30.p18.w1033",30,1000,5.33,4,TRUE,"1",18,1033,1,0.099245103975818,81,2.76101851851852,3
"b4.t30.p18.w1034",30,1000,6.67,4,TRUE,"12",18,1034,1,0.0149698294847911,40,2.76101851851852,3
"b4.t30.p18.w1035",30,100,0,4,TRUE,"5",18,1035,2,0.962228387197996,444,1.58428240740741,3
"b4.t30.p18.w1039",30,1000,2.67,4,TRUE,"12",18,1039,2,0.361204469241598,277,2.76101851851852,3
"b4.t30.p18.w1040",30,1,0,4,TRUE,"13",18,1040,2,-0.108153854022981,29,15.4796875,12
"b4.t30.p18.w1042",30,1000,6.67,4,TRUE,"4",18,1042,2,0.172786220640753,45,2.76101851851852,3
"b4.t30.p18.w1043",30,1000,1.33,4,TRUE,"7",18,1043,1,1.05847771240887,4709,2.76101851851852,3
"b4.t30.p18.w1046",30,1000,6.67,4,TRUE,"6",18,1046,2,-0.0375360957523006,32,2.76101851851852,3
"b4.t30.p18.w1049",30,700,0,4,TRUE,"4",18,1049,3,1.26424277223375,2001,1.58428240740741,3
"b4.t30.p18.w1053",30,1,0,4,TRUE,"5",18,1053,1,-0.0816893888474389,39,2.76101851851852,3
"b4.t30.p18.w1058",30,50,0,4,TRUE,"5",18,1058,3,0.881507347755985,248,1.58428240740741,3
"b4.t30.p18.w1059",30,1,0,4,TRUE,"none",18,1059,3,0.00292574740546549,51,2.76101851851852,3
"b4.t30.p18.w1062",30,10,0,4,TRUE,"14",18,1062,3,0.416006408563537,111,1.58428240740741,3
"b4.t30.p18.w1064",30,1000,0,4,TRUE,"all",18,1064,2,1.4687886666172,2491,2.76101851851852,3
"b4.t30.p18.w1067",30,5,0,4,TRUE,"3",18,1067,3,0.06936927129671,62,1.58428240740741,3
"b4.t30.p18.w1069",30,1000,5.33,4,TRUE,"12",18,1069,1,-0.0938050413817401,44,2.76101851851852,3
"b4.t30.p18.w1072",30,1000,9.33,4,TRUE,"15",18,1072,1,-0.0893077796486606,29,2.76101851851852,3
"b4.t30.p18.w1073",30,1000,5.33,4,TRUE,"11",18,1073,2,0.169361574205595,61,2.76101851851852,3
"b4.t30.p18.w1075",30,1000,5.33,4,TRUE,"13",18,1075,3,0.222680598225286,60,2.76101851851852,3
"b4.t30.p18.w1077",30,1000,12,4,TRUE,"4",18,1077,2,-0.0129765321557014,20,2.76101851851852,3
"b4.t30.p18.w1079",30,5,0,4,TRUE,"9",18,1079,1,0.528850693102825,102,1.58428240740741,3
"b4.t30.p18.w1080",30,1000,1.33,4,TRUE,"all",18,1080,1,0.975215964946916,689,2.76101851851852,3
"b4.t30.p19.w1082",30,0,0,4,TRUE,"9",19,1082,2,-0.0777400520281287,24,15.4818981481481,12
"b4.t30.p19.w1087",30,1000,12,4,TRUE,"3",19,1087,3,-0.122023103421138,23,15.4818981481481,12
"b4.t30.p19.w1088",30,1000,4,4,TRUE,"1",19,1088,1,0.258597543603834,91,3.70891203703704,4
"b4.t30.p19.w1090",30,25,0,4,TRUE,"13",19,1090,2,0.218747998081662,171,2.77571759259259,3
"b4.t30.p19.w1092",30,1000,8,4,TRUE,"4",19,1092,2,-0.0450267511964373,21,2.77571759259259,3
"b4.t30.p19.w1093",30,100,0,4,TRUE,"all",19,1093,2,0.79570069620487,422,2.77571759259259,3
"b4.t30.p19.w1094",30,1000,9.33,4,TRUE,"1",19,1094,2,-0.0853371671437297,19,15.4818981481481,12
"b4.t30.p19.w1096",30,1,0,4,TRUE,"2",19,1096,1,-0.0500534658869889,21,15.4818981481481,12
"b4.t30.p19.w1098",30,1000,0,4,TRUE,"14",19,1098,2,1.4653833756862,2350,2.77571759259259,3
"b4.t30.p19.w1099",30,1000,4,4,TRUE,"10",19,1099,1,0.0711476528508816,33,2.77571759259259,3
"b4.t30.p19.w1101",30,400,0,4,TRUE,"all",19,1101,1,1.33447768992923,1881,2.77571759259259,3
"b4.t30.p19.w1105",30,1000,4,4,TRUE,"7",19,1105,2,0.216243416382975,49,2.77571759259259,3
"b4.t30.p19.w1106",30,1,0,4,TRUE,"12",19,1106,3,-0.0658176674914779,32,14.4944097222222,11
"b4.t30.p19.w1107",30,1000,5.33,4,TRUE,"none",19,1107,1,0.0764735155105606,31,2.77571759259259,3
"b4.t30.p19.w1108",30,100,0,4,TRUE,"7",19,1108,1,0.752370911592543,460,2.77571759259259,3
"b4.t30.p19.w1110",30,0,0,4,TRUE,"13",19,1110,1,0.0592573587366137,145,15.4818981481481,12
"b4.t30.p19.w1111",30,10,0,4,TRUE,"7",19,1111,2,0.00287050751938029,55,2.77571759259259,3
"b4.t30.p19.w1113",30,1000,4,4,TRUE,"10",19,1113,2,0.134724170591573,37,2.77571759259259,3
"b4.t30.p19.w1114",30,1000,12,4,TRUE,"8",19,1114,3,-0.0716642371948006,17,14.4944097222222,11
"b4.t30.p19.w1118",30,5,0,4,TRUE,"5",19,1118,3,0.106221022044804,174,2.77571759259259,3
"b4.t30.p19.w1125",30,50,0,4,TRUE,"9",19,1125,2,0.619500466494572,215,2.77571759259259,3
"b4.t30.p19.w1128",30,1000,1.33,4,TRUE,"3",19,1128,2,1.02996119908222,4108,2.77571759259259,3
"b4.t30.p19.w1131",30,400,0,4,TRUE,"13",19,1131,2,1.53487389901794,2495,2.77571759259259,3
"b4.t30.p19.w1133",30,5,0,4,TRUE,"9",19,1133,2,0.0282779774051872,50,2.77571759259259,3
"b4.t30.p19.w1134",30,5,0,4,TRUE,"13",19,1134,2,-0.0922352735881214,33,7.56748842592593,7
"b4.t30.p19.w1135",30,400,0,4,TRUE,"10",19,1135,3,1.48106764447586,2454,2.77571759259259,3
"b4.t30.p19.w1136",30,5,0,4,TRUE,"13",19,1136,3,0.0312583866246915,38,2.77571759259259,3
"b4.t30.p19.w1137",30,10,0,4,TRUE,"10",19,1137,1,0.227793056065014,78,2.77571759259259,3
"b4.t30.p2.w101",30,700,0,4,TRUE,"10",2,101,2,1.68665815807277,4208,1.53512731481481,3
"b4.t30.p2.w105",30,50,0,4,TRUE,"11",2,105,2,0.399175703919245,94,1.53512731481481,3
"b4.t30.p2.w106",30,1000,6.67,4,TRUE,"7",2,106,2,0.00246064739906064,61,2.72412037037037,3
"b4.t30.p2.w107",30,1000,5.33,4,TRUE,"8",2,107,1,0.0418746627310892,67,2.72412037037037,3
"b4.t30.p2.w108",30,10,0,4,TRUE,"12",2,108,3,0.545259865294414,128,1.53512731481481,3
"b4.t30.p2.w109",30,1000,6.67,4,TRUE,"9",2,109,3,0.157684242050037,61,1.53512731481481,3
"b4.t30.p2.w111",30,1,0,4,TRUE,"3",2,111,1,0.0696288238057378,115,10.6603240740741,8
"b4.t30.p2.w113",30,1000,0,4,TRUE,"7",2,113,1,1.72662657476023,4058,1.53512731481481,3
"b4.t30.p2.w116",30,0,0,4,TRUE,"2",2,116,2,-0.0784874618889853,21,12.5484259259259,9
"b4.t30.p2.w117",30,1000,6.67,4,TRUE,"8",2,117,2,-0.0859437811783079,47,2.72412037037037,3
"b4.t30.p2.w119",30,1000,1.33,4,TRUE,"11",2,119,3,1.14926948274294,454,1.53512731481481,3
"b4.t30.p2.w61",30,1000,10.67,4,TRUE,"13",2,61,1,-0.140211476668168,31,14.8167476851852,11
"b4.t30.p2.w62",30,5,0,4,TRUE,"3",2,62,1,-0.0385926910253791,79,1.53512731481481,3
"b4.t30.p2.w64",30,1000,8,4,TRUE,"14",2,64,3,-0.0900767061877084,46,2.72412037037037,3
"b4.t30.p2.w65",30,1000,1.33,4,TRUE,"11",2,65,1,1.43957572929792,491,1.53512731481481,3
"b4.t30.p2.w67",30,1000,6.67,4,TRUE,"7",2,67,1,-0.00374594819143299,56,2.72412037037037,3
"b4.t30.p2.w69",30,0,0,4,TRUE,"1",2,69,2,-0.0866091439404387,28,14.8167476851852,11
"b4.t30.p2.w70",30,1000,4,4,TRUE,"3",2,70,1,0.340038267885396,109,1.53512731481481,3
"b4.t30.p2.w72",30,1000,0,4,TRUE,"1",2,72,3,1.74282685036676,3072,1.53512731481481,3
"b4.t30.p2.w74",30,1000,8,4,TRUE,"6",2,74,2,-0.0445300874516339,35,2.72412037037037,3
"b4.t30.p2.w75",30,1000,0,4,TRUE,"3",2,75,2,1.55594449412622,3240,1.53512731481481,3
"b4.t30.p2.w77",30,1000,8,4,TRUE,"1",2,77,3,0.0189636344617163,41,2.72412037037037,3
"b4.t30.p2.w78",30,1000,10.67,4,TRUE,"12",2,78,1,-0.183178768888252,30,14.8167476851852,11
"b4.t30.p2.w81",30,1000,4,4,TRUE,"15",2,81,2,0.136595795641407,80,1.53512731481481,3
"b4.t30.p2.w82",30,1000,8,4,TRUE,"1",2,82,1,0.0366912477274443,40,2.72412037037037,3
"b4.t30.p2.w83",30,1000,9.33,4,TRUE,"7",2,83,3,-0.0777472356716254,31,2.72412037037037,3
"b4.t30.p2.w84",30,100,0,4,TRUE,"12",2,84,2,1.42298259183781,468,1.53512731481481,3
"b4.t30.p2.w86",30,0,0,4,TRUE,"11",2,86,1,-0.0876722192733447,24,14.8167476851852,11
"b4.t30.p2.w87",30,1000,6.67,4,TRUE,"none",2,87,2,0.0562722646310876,47,2.72412037037037,3
"b4.t30.p2.w88",30,100,0,4,TRUE,"15",2,88,3,1.55388565895399,473,1.53512731481481,3
"b4.t30.p2.w89",30,1,0,4,TRUE,"all",2,89,3,-0.0916704168948811,27,13.478900462963,10
"b4.t30.p2.w90",30,10,0,4,TRUE,"11",2,90,4,0.39732740209557,100,1.53512731481481,3
"b4.t30.p2.w91",30,1,0,4,TRUE,"8",2,91,3,0.00818690094716177,80,10.6603240740741,8
"b4.t30.p2.w92",30,400,0,4,TRUE,"11",2,92,2,1.7035626578196,663,1.53512731481481,3
"b4.t30.p2.w95",30,50,0,4,TRUE,"2",2,95,1,0.81346553399037,164,1.53512731481481,3
"b4.t30.p2.w96",30,1000,5.33,4,TRUE,"9",2,96,2,0.23386513891208,64,1.53512731481481,3
"b4.t30.p2.w97",30,50,0,4,TRUE,"none",2,97,2,1.00070345317297,238,1.53512731481481,3
"b4.t30.p2.w98",30,400,0,4,TRUE,"14",2,98,3,1.59329832188071,2544,1.53512731481481,3
"b4.t30.p20.w1141",30,700,0,4,TRUE,"5",20,1141,1,1.32310277249352,2247,2.77799768518519,3
"b4.t30.p20.w1142",30,1000,4,4,TRUE,"5",20,1142,3,0.14905544828436,48,2.77799768518519,3
"b4.t30.p20.w1145",30,1000,1.33,4,TRUE,"7",20,1145,3,1.25711749652812,4961,2.77799768518519,3
"b4.t30.p20.w1148",30,1000,6.67,4,TRUE,"1",20,1148,2,0.00656093548651586,25,2.77799768518519,3
"b4.t30.p20.w1149",30,1,0,4,TRUE,"1",20,1149,1,0.450413995796995,108,2.77799768518519,3
"b4.t30.p20.w1156",30,0,0,4,TRUE,"10",20,1156,2,0.369618733635073,94,2.77799768518519,3
"b4.t30.p20.w1159",30,400,0,4,TRUE,"7",20,1159,1,1.54042079839803,2619,2.77799768518519,3
"b4.t30.p20.w1161",30,5,0,4,TRUE,"none",20,1161,1,0.0177123789830346,130,2.77799768518519,3
"b4.t30.p20.w1163",30,25,0,4,TRUE,"12",20,1163,2,0.223524667607614,112,2.77799768518519,3
"b4.t30.p20.w1165",30,25,0,4,TRUE,"8",20,1165,2,0.469319898068655,153,2.77799768518519,3
"b4.t30.p20.w1166",30,5,0,4,TRUE,"7",20,1166,3,0.409938801056824,89,2.77799768518519,3
"b4.t30.p20.w1168",30,1000,9.33,4,TRUE,"11",20,1168,3,-0.04602725955289,25,10.7024768518519,8
"b4.t30.p20.w1171",30,1000,2.67,4,TRUE,"4",20,1171,2,0.50145341689583,854,3.71115740740741,4
"b4.t30.p20.w1172",30,5,0,4,TRUE,"14",20,1172,1,0.121189669891775,126,2.77799768518519,3
"b4.t30.p20.w1175",30,1000,10.67,4,TRUE,"11",20,1175,1,-0.0761440327076859,28,10.7024768518519,8
"b4.t30.p20.w1178",30,1,0,4,TRUE,"6",20,1178,1,0.282985803789152,67,2.77799768518519,3
"b4.t30.p20.w1179",30,1000,10.67,4,TRUE,"8",20,1179,3,-0.0896892293749453,25,15.4847453703704,12
"b4.t30.p20.w1184",30,1000,10.67,4,TRUE,"1",20,1184,3,-0.0759543803403269,20,15.4847453703704,12
"b4.t30.p20.w1186",30,1000,6.67,4,TRUE,"2",20,1186,3,0.138377835097816,38,2.77799768518519,3
"b4.t30.p20.w1187",30,50,0,4,TRUE,"5",20,1187,1,0.635811339941075,259,2.77799768518519,3
"b4.t30.p20.w1191",30,1,0,4,TRUE,"10",20,1191,2,0.14000964456637,262,12.8401041666667,9
"b4.t30.p20.w1192",30,1000,12,4,TRUE,"12",20,1192,2,-0.0883893605009024,22,15.4847453703704,12
"b4.t30.p20.w1196",30,1000,4,4,TRUE,"2",20,1196,1,0.113313661041677,48,3.71115740740741,4
"b4.t30.p20.w1198",30,400,0,4,TRUE,"15",20,1198,3,1.56729772028609,2580,2.77799768518519,3
"b4.t30.p21.w1203",30,1000,5.33,4,TRUE,"none",21,1203,3,-0.0551851913382323,37,2.7803587962963,3
"b4.t30.p21.w1206",30,25,0,4,TRUE,"14",21,1206,3,0.36590771960387,145,2.7803587962963,3
"b4.t30.p21.w1208",30,1000,2.67,4,TRUE,"none",21,1208,3,0.340363804202839,152,2.7803587962963,3
"b4.t30.p21.w1212",30,10,0,4,TRUE,"10",21,1212,3,0.268672776486849,79,2.7803587962963,3
"b4.t30.p21.w1213",30,1000,1.33,4,TRUE,"13",21,1213,1,1.17180491618108,4789,2.7803587962963,3
"b4.t30.p21.w1215",30,1000,2.67,4,TRUE,"13",21,1215,2,0.520369451328049,549,2.7803587962963,3
"b4.t30.p21.w1216",30,1000,9.33,4,TRUE,"15",21,1216,2,-0.127834654273028,27,15.4870486111111,12
"b4.t30.p21.w1217",30,1000,6.67,4,TRUE,"13",21,1217,3,0.0583597107223916,36,2.7803587962963,3
"b4.t30.p21.w1218",30,1,0,4,TRUE,"11",21,1218,3,-0.0643401859054242,25,2.7803587962963,3
"b4.t30.p21.w1219",30,1000,8,4,TRUE,"2",21,1219,3,-0.107540504408861,26,15.4870486111111,12
"b4.t30.p21.w1220",30,5,0,4,TRUE,"14",21,1220,3,0.109447230031937,64,2.7803587962963,3
"b4.t30.p21.w1221",30,1000,5.33,4,TRUE,"3",21,1221,2,0.108494541291428,40,2.7803587962963,3
"b4.t30.p21.w1222",30,5,0,4,TRUE,"5",21,1222,2,-0.0479535327996628,46,2.7803587962963,3
"b4.t30.p21.w1223",30,1000,4,4,TRUE,"7",21,1223,1,0.108571006677505,45,2.7803587962963,3
"b4.t30.p21.w1224",30,10,0,4,TRUE,"all",21,1224,3,0.0336711747631621,60,2.7803587962963,3
"b4.t30.p21.w1227",30,400,0,4,TRUE,"4",21,1227,1,1.51007181366972,2747,2.7803587962963,3
"b4.t30.p21.w1228",30,1000,9.33,4,TRUE,"14",21,1228,2,-0.129780685202178,24,15.4870486111111,12
"b4.t30.p21.w1229",30,25,0,4,TRUE,"6",21,1229,1,0.387219049330129,161,2.7803587962963,3
"b4.t30.p21.w1232",30,1000,4,4,TRUE,"12",21,1232,1,0.0985357474464304,46,2.7803587962963,3
"b4.t30.p21.w1235",30,1000,9.33,4,TRUE,"5",21,1235,2,-0.097636784417047,22,15.4870486111111,12
"b4.t30.p21.w1237",30,5,0,4,TRUE,"6",21,1237,3,0.0797471133675005,51,2.7803587962963,3
"b4.t30.p21.w1238",30,100,0,4,TRUE,"3",21,1238,3,0.849721497952718,429,2.7803587962963,3
"b4.t30.p21.w1240",30,700,0,4,TRUE,"8",21,1240,1,1.56659678423666,2744,2.7803587962963,3
"b4.t30.p21.w1241",30,1000,1.33,4,TRUE,"2",21,1241,1,1.28306231818083,3892,2.7803587962963,3
"b4.t30.p21.w1242",30,1,0,4,TRUE,"12",21,1242,2,-0.063092106660052,39,2.7803587962963,3
"b4.t30.p21.w1245",30,1000,0,4,TRUE,"8",21,1245,2,1.58734330599182,2794,2.7803587962963,3
"b4.t30.p21.w1252",30,5,0,4,TRUE,"13",21,1252,1,-0.12855178484543,37,2.7803587962963,3
"b4.t30.p21.w1254",30,1000,12,4,TRUE,"14",21,1254,1,-0.124518498796785,22,10.7049652777778,8
"b4.t30.p21.w1255",30,1000,4,4,TRUE,"3",21,1255,3,0.0966513391848388,39,2.7803587962963,3
"b4.t30.p21.w1256",30,0,0,4,TRUE,"5",21,1256,1,-0.058883853224149,32,7.57273148148148,7
"b4.t30.p21.w1259",30,1000,1.33,4,TRUE,"5",21,1259,2,1.25376560713885,4151,2.7803587962963,3
"b4.t30.p21.w1260",30,0,0,4,TRUE,"15",21,1260,1,0.383175096848637,206,2.7803587962963,3
"b4.t30.p22.w1262",30,25,0,4,TRUE,"14",22,1262,1,0.332001701451963,373,2.78248842592593,3
"b4.t30.p22.w1265",30,1,0,4,TRUE,"14",22,1265,3,-0.076094787512261,162,2.78248842592593,3
"b4.t30.p22.w1266",30,100,0,4,TRUE,"13",22,1266,1,0.854645100561631,438,2.78248842592593,3
"b4.t30.p22.w1267",30,1000,12,4,TRUE,"15",22,1267,2,-0.157085662771854,29,13.526400462963,10
"b4.t30.p22.w1269",30,1000,2.67,4,TRUE,"1",22,1269,2,0.45768709159584,252,2.78248842592593,3
"b4.t30.p22.w1273",30,1000,5.33,4,TRUE,"9",22,1273,3,-0.0435070770115282,29,3.71578703703704,4
"b4.t30.p22.w1275",30,5,0,4,TRUE,"14",22,1275,2,0.0832869869176446,380,2.78248842592593,3
"b4.t30.p22.w1276",30,1000,5.33,4,TRUE,"13",22,1276,2,0.158932184549049,42,2.78248842592593,3
"b4.t30.p22.w1278",30,1000,8,4,TRUE,"11",22,1278,1,0.084270729684997,26,2.78248842592593,3
"b4.t30.p22.w1279",30,10,0,4,TRUE,"none",22,1279,1,0.103535534535857,85,2.78248842592593,3
"b4.t30.p22.w1280",30,1000,6.67,4,TRUE,"14",22,1280,3,-0.104914316935314,30,15.4895023148148,12
"b4.t30.p22.w1282",30,1000,9.33,4,TRUE,"14",22,1282,1,-0.108055003827306,23,14.5017592592593,11
"b4.t30.p22.w1283",30,1,0,4,TRUE,"3",22,1283,3,0.132340304668502,170,6.5696412037037,6
"b4.t30.p22.w1284",30,700,0,4,TRUE,"1",22,1284,1,1.52477971454148,2666,2.78248842592593,3
"b4.t30.p22.w1287",30,1000,10.67,4,TRUE,"none",22,1287,1,-0.138726000748042,23,15.4895023148148,12
"b4.t30.p22.w1288",30,1000,0,4,TRUE,"3",22,1288,3,1.49280838412131,2983,2.78248842592593,3
"b4.t30.p22.w1290",30,1000,4,4,TRUE,"13",22,1290,1,0.168112423420556,61,2.78248842592593,3
"b4.t30.p22.w1292",30,1000,1.33,4,TRUE,"none",22,1292,1,1.13976774896782,5049,2.78248842592593,3
"b4.t30.p22.w1293",30,1000,4,4,TRUE,"8",22,1293,3,0.0667337880696184,45,2.78248842592593,3
"b4.t30.p22.w1295",30,1000,12,4,TRUE,"none",22,1295,3,-0.148710662686603,25,14.5017592592593,11
"b4.t30.p22.w1296",30,1000,8,4,TRUE,"4",22,1296,1,-0.132448588603481,28,14.5017592592593,11
"b4.t30.p22.w1297",30,1000,9.33,4,TRUE,"14",22,1297,3,-0.147057861951345,29,15.4895023148148,12
"b4.t30.p22.w1298",30,5,0,4,TRUE,"6",22,1298,1,0.0199863072937596,157,2.78248842592593,3
"b4.t30.p22.w1299",30,1000,1.33,4,TRUE,"7",22,1299,2,1.15160199170747,6890,2.78248842592593,3
"b4.t30.p22.w1300",30,10,0,4,TRUE,"13",22,1300,2,0.213503750314385,81,2.78248842592593,3
"b4.t30.p22.w1301",30,1000,10.67,4,TRUE,"12",22,1301,3,-0.148541375415035,33,15.4895023148148,12
"b4.t30.p22.w1302",30,1000,4,4,TRUE,"all",22,1302,2,0.189630347745453,87,2.78248842592593,3
"b4.t30.p22.w1306",30,25,0,4,TRUE,"8",22,1306,3,0.0523725580195181,156,2.78248842592593,3
"b4.t30.p22.w1307",30,10,0,4,TRUE,"1",22,1307,3,0.197836356212442,68,2.78248842592593,3
"b4.t30.p22.w1310",30,1000,5.33,4,TRUE,"2",22,1310,3,0.183454953353849,78,2.78248842592593,3
"b4.t30.p22.w1311",30,0,0,4,TRUE,"all",22,1311,1,0.0896123732316584,100,7.57497685185185,7
"b4.t30.p22.w1315",30,25,0,4,TRUE,"5",22,1315,1,0.416085323450992,237,2.78248842592593,3
"b4.t30.p22.w1316",30,700,0,4,TRUE,"none",22,1316,3,1.6639784742217,3404,2.78248842592593,3
"b4.t30.p22.w1320",30,25,0,4,TRUE,"15",22,1320,1,0.392887314695461,226,2.78248842592593,3
"b4.t30.p23.w1322",30,700,0,4,TRUE,"5",23,1322,3,1.22935618835108,2566,2.78553240740741,3
"b4.t30.p23.w1324",30,50,0,4,TRUE,"1",23,1324,3,0.261664455240271,144,2.78553240740741,3
"b4.t30.p23.w1325",30,1000,12,4,TRUE,"2",23,1325,2,-0.0671380053671947,19,15.4918981481481,11
"b4.t30.p23.w1327",30,100,0,4,TRUE,"all",23,1327,3,0.536561739562438,498,2.78553240740741,3
"b4.t30.p23.w1328",30,50,0,4,TRUE,"1",23,1328,1,0.294824158563554,167,2.78553240740741,3
"b4.t30.p23.w1329",30,1000,4,4,TRUE,"14",23,1329,2,0.0378432528139948,59,3.71795138888889,3
"b4.t30.p23.w1331",30,1000,12,4,TRUE,"none",23,1331,2,-0.0172757279153365,16,3.71795138888889,3
"b4.t30.p23.w1332",30,1000,2.67,4,TRUE,"6",23,1332,2,0.340590214897418,934,3.71795138888889,4
"b4.t30.p23.w1333",30,5,0,4,TRUE,"7",23,1333,1,-0.0662309232617555,49,15.4918981481481,11
"b4.t30.p23.w1334",30,0,0,4,TRUE,"14",23,1334,2,-0.000927812201340236,48,13.5287615740741,9
"b4.t30.p23.w1337",30,1000,2.67,4,TRUE,"6",23,1337,3,0.273631569239964,844,3.71795138888889,3
"b4.t30.p23.w1338",30,1000,0,4,TRUE,"12",23,1338,1,1.35755426479131,3573,2.78553240740741,3
"b4.t30.p23.w1339",30,1000,6.67,4,TRUE,"7",23,1339,3,-0.0396309992539866,36,3.71795138888889,3
"b4.t30.p23.w1341",30,1000,9.33,4,TRUE,"13",23,1341,2,0.0863490140930443,25,3.71795138888889,3
"b4.t30.p23.w1343",30,1000,1.33,4,TRUE,"10",23,1343,1,0.927475779678872,5249,3.71795138888889,4
"b4.t30.p23.w1344",30,100,0,4,TRUE,"12",23,1344,3,0.721547118246249,493,2.78553240740741,3
"b4.t30.p23.w1351",30,100,0,4,TRUE,"none",23,1351,3,0.742148085751838,596,2.78553240740741,3
"b4.t30.p23.w1355",30,0,0,4,TRUE,"2",23,1355,1,-0.0247198926838775,47,15.4918981481481,11
"b4.t30.p23.w1356",30,1000,5.33,4,TRUE,"7",23,1356,3,0.0321072759580232,36,3.71795138888889,3
"b4.t30.p23.w1357",30,1000,12,4,TRUE,"4",23,1357,3,-0.0742994904074209,19,13.5287615740741,9
"b4.t30.p23.w1361",30,1000,10.67,4,TRUE,"8",23,1361,1,-0.0209596117520486,19,3.71795138888889,3
"b4.t30.p23.w1365",30,25,0,4,TRUE,"6",23,1365,3,0.194525050183883,129,2.78553240740741,3
"b4.t30.p23.w1367",30,400,0,4,TRUE,"none",23,1367,1,1.17800654756888,2101,2.78553240740741,3
"b4.t30.p23.w1368",30,1,0,4,TRUE,"none",23,1368,1,-0.0465718423970273,42,15.4918981481481,11
"b4.t30.p23.w1373",30,1000,9.33,4,TRUE,"9",23,1373,2,-0.0790018389095917,24,15.4918981481481,11
"b4.t30.p23.w1378",30,1000,4,4,TRUE,"11",23,1378,3,0.0585652897946974,52,3.71795138888889,3
"b4.t30.p23.w1379",30,5,0,4,TRUE,"all",23,1379,2,-0.0139480012870154,74,15.4918981481481,11
"b4.t30.p24.w1381",30,400,0,4,TRUE,"all",24,1381,2,1.26820144908044,1899,2.81688657407407,3
"b4.t30.p24.w1385",30,1000,2.67,4,TRUE,"7",24,1385,1,0.280566168063671,640,3.72032407407407,3
"b4.t30.p24.w1387",30,10,0,4,TRUE,"1",24,1387,1,-0.0756708350736783,54,15.4964930555556,11
"b4.t30.p24.w1388",30,1000,10.67,4,TRUE,"none",24,1388,3,-0.0877233934782917,20,12.8490162037037,8
"b4.t30.p24.w1389",30,1000,0,4,TRUE,"4",24,1389,1,1.41581492925118,3079,2.81688657407407,3
"b4.t30.p24.w1391",30,1000,9.33,4,TRUE,"7",24,1391,1,-0.0522130115568934,21,3.72032407407407,3
"b4.t30.p24.w1392",30,1000,12,4,TRUE,"2",24,1392,1,0.0447375838916657,17,3.72032407407407,3
"b4.t30.p24.w1393",30,1000,1.33,4,TRUE,"4",24,1393,3,1.04018545127433,4759,2.81688657407407,3
"b4.t30.p24.w1396",30,1000,12,4,TRUE,"3",24,1396,1,-0.0459692364045292,19,13.5312731481481,9
"b4.t30.p24.w1397",30,1000,10.67,4,TRUE,"3",24,1397,2,-0.0626269803494359,18,15.4964930555556,11
"b4.t30.p24.w1399",30,100,0,4,TRUE,"14",24,1399,2,0.700371382610995,471,2.81688657407407,3
"b4.t30.p24.w1402",30,10,0,4,TRUE,"9",24,1402,3,-0.0849134639273291,72,2.81688657407407,3
"b4.t30.p24.w1403",30,1000,8,4,TRUE,"10",24,1403,2,-0.074453606023837,23,10.7173032407407,7
"b4.t30.p24.w1405",30,50,0,4,TRUE,"7",24,1405,3,0.458669215663121,209,2.81688657407407,3
"b4.t30.p24.w1406",30,400,0,4,TRUE,"none",24,1406,3,1.29011841623236,2409,2.81688657407407,3
"b4.t30.p24.w1408",30,10,0,4,TRUE,"11",24,1408,2,-0.0734565532219871,47,15.4964930555556,11
"b4.t30.p24.w1415",30,5,0,4,TRUE,"1",24,1415,2,-0.0826188577029384,49,15.4964930555556,11
"b4.t30.p24.w1416",30,0,0,4,TRUE,"all",24,1416,2,-0.0538198546572927,25,15.4964930555556,11
"b4.t30.p24.w1419",30,1000,0,4,TRUE,"7",24,1419,3,1.27034877858866,2807,2.81688657407407,3
"b4.t30.p24.w1421",30,1000,8,4,TRUE,"2",24,1421,1,0.00287063859708033,14,3.72032407407407,3
"b4.t30.p24.w1422",30,50,0,4,TRUE,"8",24,1422,1,0.562206893203212,261,2.81688657407407,3
"b4.t30.p24.w1426",30,100,0,4,TRUE,"none",24,1426,1,0.641278358463229,468,2.81688657407407,3
"b4.t30.p24.w1428",30,1000,1.33,4,TRUE,"none",24,1428,3,0.977072344342285,5263,2.81688657407407,3
"b4.t30.p24.w1429",30,1,0,4,TRUE,"7",24,1429,1,0.000627126689748051,72,15.4964930555556,11
"b4.t30.p24.w1432",30,0,0,4,TRUE,"5",24,1432,2,-0.0110956168169639,32,3.72032407407407,3
"b4.t30.p24.w1435",30,50,0,4,TRUE,"3",24,1435,2,0.484930797712138,350,2.81688657407407,3
"b4.t30.p24.w1437",30,1000,9.33,4,TRUE,"13",24,1437,3,-0.0206290300421672,21,3.72032407407407,3
"b4.t30.p24.w1438",30,1000,8,4,TRUE,"10",24,1438,3,-0.0572121785015165,17,14.5071527777778,10
"b4.t30.p24.w1440",30,1000,6.67,4,TRUE,"13",24,1440,2,0.0134758519694489,45,3.72032407407407,3
"b4.t30.p25.w1441",30,100,0,4,TRUE,"1",25,1441,2,0.610719308566326,414,2.81929398148148,3
"b4.t30.p25.w1442",30,100,0,4,TRUE,"8",25,1442,2,0.624438654587788,448,2.81929398148148,3
"b4.t30.p25.w1447",30,400,0,4,TRUE,"9",25,1447,3,1.29020903966859,2427,2.81929398148148,3
"b4.t30.p25.w1448",30,1,0,4,TRUE,"15",25,1448,3,-0.0761135437270281,37,10.7196412037037,7
"b4.t30.p25.w1451",30,25,0,4,TRUE,"1",25,1451,2,-0.128040992355816,71,15.4987615740741,10
"b4.t30.p25.w1452",30,0,0,4,TRUE,"4",25,1452,2,-0.0616822256086361,27,15.4987615740741,10
"b4.t30.p25.w1461",30,0,0,4,TRUE,"6",25,1461,2,-0.111138227583376,29,14.5094444444444,9
"b4.t30.p25.w1462",30,1000,6.67,4,TRUE,"3",25,1462,2,-0.0758884077380979,31,15.4987615740741,10
"b4.t30.p25.w1464",30,0,0,4,TRUE,"15",25,1464,3,-0.157841403477149,47,15.4987615740741,10
"b4.t30.p25.w1465",30,25,0,4,TRUE,"11",25,1465,3,-0.0611593745235859,84,2.81929398148148,3
"b4.t30.p25.w1468",30,1000,6.67,4,TRUE,"1",25,1468,1,0.0538025588208324,45,3.7227662037037,3
"b4.t30.p25.w1469",30,1,0,4,TRUE,"13",25,1469,1,0.0768393853501311,81,7.58216435185185,6
"b4.t30.p25.w1470",30,1000,4,4,TRUE,"11",25,1470,2,0.0389617836864784,49,3.7227662037037,3
"b4.t30.p25.w1471",30,700,0,4,TRUE,"15",25,1471,3,1.276035462237,2695,2.81929398148148,3
"b4.t30.p25.w1472",30,400,0,4,TRUE,"6",25,1472,3,1.27938399509548,2582,2.81929398148148,3
"b4.t30.p25.w1473",30,1000,2.67,4,TRUE,"10",25,1473,3,0.301054560526024,1664,3.7227662037037,4
"b4.t30.p25.w1475",30,1000,5.33,4,TRUE,"6",25,1475,3,-0.0332676677363066,37,3.7227662037037,3
"b4.t30.p25.w1477",30,1000,1.33,4,TRUE,"4",25,1477,2,1.03801317333866,4694,2.81929398148148,3
"b4.t30.p25.w1482",30,10,0,4,TRUE,"6",25,1482,3,-0.145835111540268,66,15.4987615740741,10
"b4.t30.p25.w1486",30,5,0,4,TRUE,"4",25,1486,2,-0.110499944763574,35,15.4987615740741,10
"b4.t30.p25.w1489",30,10,0,4,TRUE,"5",25,1489,1,0.0275711158124316,229,15.4987615740741,10
"b4.t30.p25.w1490",30,0,0,4,TRUE,"none",25,1490,3,-0.00255548825756901,28,10.7196412037037,7
"b4.t30.p25.w1491",30,25,0,4,TRUE,"3",25,1491,1,-0.0293535436092185,92,2.81929398148148,3
"b4.t30.p25.w1494",30,100,0,4,TRUE,"11",25,1494,1,0.486532861013643,261,2.81929398148148,3
"b4.t30.p25.w1498",30,1000,8,4,TRUE,"10",25,1498,1,-0.0170935378365184,21,3.7227662037037,3
"b4.t30.p25.w1500",30,700,0,4,TRUE,"all",25,1500,1,1.43227093685769,2921,2.81929398148148,3
"b4.t30.p26.w1502",30,10,0,4,TRUE,"3",26,1502,1,0.305404688903132,171,2.82137731481481,3
"b4.t30.p26.w1504",30,0,0,4,TRUE,"7",26,1504,3,-0.0608545818362965,24,15.5017708333333,11
"b4.t30.p26.w1507",30,1000,8,4,TRUE,"15",26,1507,3,-0.126650719938595,31,13.5353125,9
"b4.t30.p26.w1509",30,1000,10.67,4,TRUE,"5",26,1509,3,-0.0812638588260101,19,12.8534375,8
"b4.t30.p26.w1511",30,700,0,4,TRUE,"9",26,1511,1,1.24089749940477,3237,2.82137731481481,3
"b4.t30.p26.w1512",30,10,0,4,TRUE,"8",26,1512,2,-0.0827768304204093,59,12.8534375,8
"b4.t30.p26.w1513",30,1000,12,4,TRUE,"14",26,1513,3,-0.0381619855279827,15,14.5115972222222,10
"b4.t30.p26.w1514",30,10,0,4,TRUE,"3",26,1514,2,-0.104236098735816,103,2.82137731481481,3
"b4.t30.p26.w1515",30,1000,10.67,4,TRUE,"10",26,1515,1,-0.0794001003331052,22,14.5115972222222,10
"b4.t30.p26.w1522",30,1000,5.33,4,TRUE,"5",26,1522,3,-0.0381814366824681,31,3.72496527777778,3
"b4.t30.p26.w1524",30,50,0,4,TRUE,"3",26,1524,1,0.414004814541652,244,2.82137731481481,3
"b4.t30.p26.w1526",30,25,0,4,TRUE,"5",26,1526,2,0.122605323349766,117,2.82137731481481,3
"b4.t30.p26.w1527",30,700,0,4,TRUE,"6",26,1527,3,1.18855401811344,2379,2.82137731481481,3
"b4.t30.p26.w1528",30,1000,1.33,4,TRUE,"all",26,1528,3,0.844666258840343,686,2.82137731481481,3
"b4.t30.p26.w1529",30,1000,0,4,TRUE,"5",26,1529,1,1.36179363382524,4177,2.82137731481481,3
"b4.t30.p26.w1532",30,1000,2.67,4,TRUE,"15",26,1532,1,0.338411392360634,1154,3.72496527777778,3
"b4.t30.p26.w1534",30,25,0,4,TRUE,"2",26,1534,3,0.366653815529268,202,2.82137731481481,3
"b4.t30.p26.w1535",30,1000,5.33,4,TRUE,"6",26,1535,1,0.0406582238740659,36,3.72496527777778,3
"b4.t30.p26.w1539",30,1000,6.67,4,TRUE,"11",26,1539,3,0.069789480511016,54,3.72496527777778,3
"b4.t30.p26.w1540",30,1000,10.67,4,TRUE,"6",26,1540,2,-0.0112492872893809,21,3.72496527777778,3
"b4.t30.p26.w1547",30,700,0,4,TRUE,"10",26,1547,3,1.27162535507406,2908,2.82137731481481,3
"b4.t30.p26.w1548",30,100,0,4,TRUE,"10",26,1548,2,0.682343799434369,564,2.82137731481481,3
"b4.t30.p26.w1550",30,1000,0,4,TRUE,"10",26,1550,3,1.38628464114918,4211,2.82137731481481,3
"b4.t30.p26.w1551",30,1000,8,4,TRUE,"all",26,1551,1,0.0995603249087807,34,3.72496527777778,3
"b4.t30.p26.w1557",30,1000,6.67,4,TRUE,"none",26,1557,3,0.00298644638504369,28,3.72496527777778,3
"b4.t30.p26.w1558",30,1000,10.67,4,TRUE,"9",26,1558,2,-0.0888579363085961,24,14.5115972222222,10
"b4.t30.p26.w1559",30,1000,12,4,TRUE,"1",26,1559,2,-0.0859035177869497,24,15.5017708333333,11
"b4.t30.p26.w1560",30,100,0,4,TRUE,"4",26,1560,3,0.699546885089687,605,2.82137731481481,3
"b4.t30.p27.w1561",30,1000,12,4,TRUE,"9",27,1561,1,-0.0601032258249775,20,15.5086805555556,11
"b4.t30.p27.w1563",30,1,0,4,TRUE,"1",27,1563,3,0.0743789974214262,117,15.5086805555556,11
"b4.t30.p27.w1564",30,50,0,4,TRUE,"6",27,1564,3,0.294381968028576,166,2.8234837962963,3
"b4.t30.p27.w1568",30,1000,10.67,4,TRUE,"all",27,1568,1,-0.0113562118686381,29,3.72712962962963,3
"b4.t30.p27.w1571",30,10,0,4,TRUE,"15",27,1571,1,-0.00923391831048972,318,2.8234837962963,3
"b4.t30.p27.w1573",30,400,0,4,TRUE,"13",27,1573,1,1.17701934435411,2433,2.8234837962963,3
"b4.t30.p27.w1575",30,25,0,4,TRUE,"none",27,1575,3,0.161781147503649,131,2.8234837962963,3
"b4.t30.p27.w1579",30,1000,6.67,4,TRUE,"14",27,1579,2,-0.106166728002812,31,15.5086805555556,11
"b4.t30.p27.w1582",30,1000,9.33,4,TRUE,"10",27,1582,1,0.00633249294498143,19,3.72712962962963,3
"b4.t30.p27.w1586",30,1,0,4,TRUE,"6",27,1586,3,-0.0580319129200352,40,15.5086805555556,11
"b4.t30.p27.w1587",30,100,0,4,TRUE,"6",27,1587,3,0.547957312698491,400,2.8234837962963,3
"b4.t30.p27.w1588",30,1000,0,4,TRUE,"1",27,1588,1,1.29570242226501,1822,2.8234837962963,3
"b4.t30.p27.w1599",30,1000,2.67,4,TRUE,"none",27,1599,2,0.262858455981525,1063,3.72712962962963,3
"b4.t30.p27.w1601",30,1000,9.33,4,TRUE,"15",27,1601,3,-0.02749292998859,19,3.72712962962963,3
"b4.t30.p27.w1602",30,1000,6.67,4,TRUE,"12",27,1602,3,-0.0107666889757518,33,3.72712962962963,3
"b4.t30.p27.w1603",30,1000,10.67,4,TRUE,"all",27,1603,2,0.0999754998315332,32,3.72712962962963,3
"b4.t30.p27.w1604",30,700,0,4,TRUE,"3",27,1604,1,1.17356558851381,2712,2.8234837962963,3
"b4.t30.p27.w1605",30,1000,10.67,4,TRUE,"3",27,1605,1,-0.0771962218552922,23,15.5086805555556,11
"b4.t30.p27.w1606",30,1000,6.67,4,TRUE,"6",27,1606,1,-0.00105360925802901,36,3.72712962962963,3
"b4.t30.p27.w1607",30,1000,1.33,4,TRUE,"9",27,1607,2,0.813772171261407,6070,3.72712962962963,4
"b4.t30.p27.w1610",30,10,0,4,TRUE,"6",27,1610,2,-0.0755284432073826,92,2.8234837962963,3
"b4.t30.p27.w1613",30,1000,10.67,4,TRUE,"2",27,1613,1,-0.0405979640284114,23,15.5086805555556,11
"b4.t30.p27.w1615",30,1000,0,4,TRUE,"13",27,1615,3,1.12909612543314,2162,2.8234837962963,3
"b4.t30.p27.w1617",30,5,0,4,TRUE,"10",27,1617,1,0.0496582137903672,191,12.8556134259259,8
"b4.t30.p27.w1619",30,1000,0,4,TRUE,"all",27,1619,3,1.17200124983101,1290,2.8234837962963,3
"b4.t30.p27.w1620",30,1,0,4,TRUE,"9",27,1620,1,-0.0391676751650951,44,15.5086805555556,11
"b4.t30.p28.w1621",30,50,0,4,TRUE,"11",28,1621,3,0.269292048261848,126,2.82559027777778,3
"b4.t30.p28.w1622",30,1000,9.33,4,TRUE,"2",28,1622,3,0.00112517617133905,25,6.58447916666667,5
"b4.t30.p28.w1623",30,1000,10.67,4,TRUE,"2",28,1623,2,-0.0230602986797059,24,3.72946759259259,3
"b4.t30.p28.w1626",30,1000,10.67,4,TRUE,"none",28,1626,2,-0.0992665128702117,25,15.5134722222222,11
"b4.t30.p28.w1631",30,1000,0,4,TRUE,"none",28,1631,1,1.24108269098709,3169,2.82559027777778,3
"b4.t30.p28.w1634",30,700,0,4,TRUE,"11",28,1634,1,0.919570203286326,798,2.82559027777778,3
"b4.t30.p28.w1635",30,400,0,4,TRUE,"11",28,1635,3,0.865241211854143,694,2.82559027777778,3
"b4.t30.p28.w1636",30,1000,6.67,4,TRUE,"5",28,1636,1,-0.0202922836883049,23,3.72946759259259,3
"b4.t30.p28.w1644",30,1000,9.33,4,TRUE,"1",28,1644,1,-0.0217719148739078,27,3.72946759259259,3
"b4.t30.p28.w1645",30,1,0,4,TRUE,"none",28,1645,2,-0.101930393225892,38,14.5160300925926,10
"b4.t30.p28.w1649",30,1000,1.33,4,TRUE,"10",28,1649,2,0.845955164370221,4820,3.72946759259259,4
"b4.t30.p28.w1650",30,1000,6.67,4,TRUE,"15",28,1650,1,-0.119130884548156,44,14.5160300925926,10
"b4.t30.p28.w1651",30,1000,2.67,4,TRUE,"5",28,1651,2,0.291759078085639,1235,2.82559027777778,3
"b4.t30.p28.w1658",30,1000,4,4,TRUE,"6",28,1658,1,0.0991179873422031,81,3.72946759259259,4
"b4.t30.p28.w1659",30,1000,6.67,4,TRUE,"5",28,1659,3,-0.0829091427160359,31,15.5134722222222,11
"b4.t30.p28.w1660",30,100,0,4,TRUE,"15",28,1660,1,0.599477700979678,358,2.82559027777778,3
"b4.t30.p28.w1661",30,1000,5.33,4,TRUE,"15",28,1661,2,0.00840205914443948,29,3.72946759259259,3
"b4.t30.p28.w1662",30,1000,2.67,4,TRUE,"7",28,1662,2,0.393771609720798,548,3.72946759259259,4
"b4.t30.p28.w1663",30,700,0,4,TRUE,"2",28,1663,3,1.19327398320625,2468,2.82559027777778,3
"b4.t30.p28.w1666",30,1000,0,4,TRUE,"2",28,1666,3,1.29088843987951,2945,2.82559027777778,3
"b4.t30.p28.w1667",30,1000,8,4,TRUE,"all",28,1667,3,0.101963382281407,39,3.72946759259259,3
"b4.t30.p28.w1668",30,25,0,4,TRUE,"5",28,1668,3,0.149806875095882,117,2.82559027777778,3
"b4.t30.p28.w1669",30,25,0,4,TRUE,"all",28,1669,2,0.077928095180983,124,2.82559027777778,3
"b4.t30.p28.w1670",30,1000,5.33,4,TRUE,"11",28,1670,1,0.0524627095730313,47,3.72946759259259,3
"b4.t30.p28.w1671",30,100,0,4,TRUE,"2",28,1671,2,0.452570606787671,370,2.82559027777778,3
"b4.t30.p28.w1673",30,700,0,4,TRUE,"9",28,1673,2,1.11854203377066,2157,2.82559027777778,3
"b4.t30.p28.w1680",30,1000,5.33,4,TRUE,"5",28,1680,2,-0.0467834158917142,34,3.72946759259259,3
"b4.t30.p29.w1682",30,25,0,4,TRUE,"12",29,1682,1,0.111320214475676,150,2.82787037037037,3
"b4.t30.p29.w1684",30,50,0,4,TRUE,"10",29,1684,2,0.442320367192577,186,2.82787037037037,3
"b4.t30.p29.w1687",30,10,0,4,TRUE,"2",29,1687,3,-0.112347867889834,93,2.82787037037037,3
"b4.t30.p29.w1688",30,1,0,4,TRUE,"5",29,1688,3,-0.0362838950461384,42,15.5156365740741,11
"b4.t30.p29.w1691",30,700,0,4,TRUE,"12",29,1691,3,1.28159098919345,3070,2.82787037037037,3
"b4.t30.p29.w1692",30,50,0,4,TRUE,"7",29,1692,2,0.329070039960997,162,2.82787037037037,3
"b4.t30.p29.w1695",30,1000,6.67,4,TRUE,"2",29,1695,2,0.045724450423233,49,5.53320601851852,4
"b4.t30.p29.w1698",30,50,0,4,TRUE,"1",29,1698,4,0.35706489552903,216,2.82787037037037,3
"b4.t30.p29.w1701",30,1000,0,4,TRUE,"6",29,1701,2,1.32446326851272,3519,2.82787037037037,3
"b4.t30.p29.w1703",30,50,0,4,TRUE,"13",29,1703,2,0.335376066445624,140,2.82787037037037,3
"b4.t30.p29.w1704",30,1000,4,4,TRUE,"3",29,1704,2,0.101289952056355,83,3.73672453703704,3
"b4.t30.p29.w1705",30,400,0,4,TRUE,"1",29,1705,2,1.26489660328784,2332,2.82787037037037,3
"b4.t30.p29.w1706",30,700,0,4,TRUE,"4",29,1706,1,1.12212761289821,2248,2.82787037037037,3
"b4.t30.p29.w1707",30,400,0,4,TRUE,"12",29,1707,3,1.15968376093634,1897,2.82787037037037,3
"b4.t30.p29.w1708",30,1000,10.67,4,TRUE,"9",29,1708,1,-0.0131290973823235,23,3.73672453703704,3
"b4.t30.p29.w1711",30,100,0,4,TRUE,"12",29,1711,1,0.731300034183312,455,2.82787037037037,3
"b4.t30.p29.w1713",30,1000,2.67,4,TRUE,"9",29,1713,2,0.336021434936841,814,2.82787037037037,3
"b4.t30.p29.w1715",30,5,0,4,TRUE,"none",29,1715,3,-0.0798103905065078,71,15.5156365740741,11
"b4.t30.p29.w1716",30,1000,0,4,TRUE,"13",29,1716,2,1.31498387774625,2468,2.82787037037037,3
"b4.t30.p29.w1717",30,700,0,4,TRUE,"7",29,1717,3,1.09954515203505,2243,2.82787037037037,3
"b4.t30.p29.w1719",30,10,0,4,TRUE,"12",29,1719,2,0.0216421461398958,97,2.82787037037037,3
"b4.t30.p29.w1720",30,1000,8,4,TRUE,"14",29,1720,2,-0.0510167914135139,22,3.73672453703704,3
"b4.t30.p29.w1723",30,1,0,4,TRUE,"12",29,1723,1,0.0206191231298025,74,15.5156365740741,11
"b4.t30.p29.w1725",30,0,0,4,TRUE,"10",29,1725,3,0.00167921617258127,72,15.5156365740741,11
"b4.t30.p29.w1726",30,700,0,4,TRUE,"12",29,1726,2,1.15017691068939,2261,2.82787037037037,3
"b4.t30.p29.w1728",30,1000,5.33,4,TRUE,"10",29,1728,2,-0.0176567463655503,27,3.73672453703704,3
"b4.t30.p29.w1729",30,1000,12,4,TRUE,"10",29,1729,1,-0.103262305949545,26,15.5156365740741,11
"b4.t30.p29.w1732",30,1000,0,4,TRUE,"9",29,1732,2,1.280477552408,3223,2.82787037037037,3
"b4.t30.p29.w1739",30,1,0,4,TRUE,"7",29,1739,3,0.0439098506743249,132,15.5156365740741,11
"b4.t30.p29.w1740",30,1000,2.67,4,TRUE,"none",29,1740,1,0.24002107352166,815,3.73672453703704,3
"b4.t30.p3.w121",30,1000,8,4,TRUE,"2",3,121,2,0.0604655227655137,41,2.72633101851852,3
"b4.t30.p3.w122",30,1000,9.33,4,TRUE,"6",3,122,2,-0.159105853588511,30,14.8200115740741,11
"b4.t30.p3.w125",30,1000,6.67,4,TRUE,"10",3,125,3,-0.0919522251407614,46,2.72633101851852,3
"b4.t30.p3.w127",30,1,0,4,TRUE,"10",3,127,3,-0.0666052325129149,43,7.5246875,7
"b4.t30.p3.w131",30,1000,4,4,TRUE,"9",3,131,1,0.208561059236595,74,1.53739583333333,3
"b4.t30.p3.w134",30,1000,2.67,4,TRUE,"15",3,134,3,0.360316952980904,229,2.72633101851852,4
"b4.t30.p3.w135",30,100,0,4,TRUE,"3",3,135,1,1.44779890240428,519,1.53739583333333,3
"b4.t30.p3.w136",30,1000,5.33,4,TRUE,"14",3,136,1,0.107925700961973,55,1.53739583333333,3
"b4.t30.p3.w137",30,1000,9.33,4,TRUE,"3",3,137,2,-0.0973653289891811,28,2.72633101851852,3
"b4.t30.p3.w138",30,1000,5.33,4,TRUE,"10",3,138,1,0.170017360053508,60,1.53739583333333,3
"b4.t30.p3.w139",30,400,0,4,TRUE,"14",3,139,1,1.9508654293771,2149,1.53739583333333,3
"b4.t30.p3.w140",30,1000,6.67,4,TRUE,"2",3,140,1,0.130127105954946,83,1.53739583333333,3
"b4.t30.p3.w141",30,1000,12,4,TRUE,"15",3,141,1,-0.156041173356166,27,14.8200115740741,11
"b4.t30.p3.w142",30,700,0,4,TRUE,"13",3,142,3,1.72444889965173,1360,1.53739583333333,3
"b4.t30.p3.w143",30,1000,8,4,TRUE,"none",3,143,2,-0.0883961223594755,37,2.72633101851852,3
"b4.t30.p3.w144",30,1000,9.33,4,TRUE,"3",3,144,3,-0.147643941283691,30,14.8200115740741,11
"b4.t30.p3.w146",30,700,0,4,TRUE,"12",3,146,1,1.37975932862683,2579,1.53739583333333,3
"b4.t30.p3.w147",30,1000,12,4,TRUE,"all",3,147,1,-0.0565789744798684,23,7.5246875,7
"b4.t30.p3.w148",30,700,0,4,TRUE,"2",3,148,2,1.81792001205169,2255,1.53739583333333,3
"b4.t30.p3.w150",30,100,0,4,TRUE,"14",3,150,1,1.49870438081143,493,1.53739583333333,3
"b4.t30.p3.w152",30,1000,2.67,4,TRUE,"13",3,152,1,0.590805556905981,779,1.53739583333333,3
"b4.t30.p3.w156",30,0,0,4,TRUE,"8",3,156,3,-0.0540322273273378,33,13.4809953703704,10
"b4.t30.p3.w157",30,25,0,4,TRUE,"4",3,157,2,0.854824337179983,150,1.53739583333333,3
"b4.t30.p3.w158",30,1000,1.33,4,TRUE,"13",3,158,3,1.29040187226028,4316,2.72633101851852,4
"b4.t30.p3.w159",30,700,0,4,TRUE,"all",3,159,2,1.88841325114105,1843,1.53739583333333,3
"b4.t30.p3.w161",30,50,0,4,TRUE,"3",3,161,3,1.0546016055395,232,1.53739583333333,3
"b4.t30.p3.w163",30,1000,1.33,4,TRUE,"10",3,163,3,1.22085191362198,4456,2.72633101851852,4
"b4.t30.p3.w164",30,1000,8,4,TRUE,"none",3,164,1,-0.0106568297436967,32,2.72633101851852,3
"b4.t30.p3.w167",30,1000,5.33,4,TRUE,"none",3,167,2,0.0712959320139335,58,2.72633101851852,3
"b4.t30.p3.w170",30,10,0,4,TRUE,"5",3,170,2,0.137077192766926,167,1.53739583333333,3
"b4.t30.p3.w171",30,400,0,4,TRUE,"1",3,171,1,1.78624244664102,2480,1.53739583333333,3
"b4.t30.p3.w172",30,10,0,4,TRUE,"4",3,172,1,0.463883554216902,103,1.53739583333333,3
"b4.t30.p3.w173",30,700,0,4,TRUE,"4",3,173,2,1.74738743684815,2583,1.53739583333333,3
"b4.t30.p3.w174",30,5,0,4,TRUE,"15",3,174,3,0.141176821226311,53,1.53739583333333,3
"b4.t30.p3.w177",30,5,0,4,TRUE,"1",3,177,1,0.041435538716017,68,1.53739583333333,3
"b4.t30.p3.w179",30,1000,2.67,4,TRUE,"1",3,179,1,0.791586864642596,697,2.72633101851852,4
"b4.t30.p3.w180",30,5,0,4,TRUE,"1",3,180,3,0.144161815341262,68,1.53739583333333,3
"b4.t30.p30.w1741",30,10,0,4,TRUE,"none",30,1741,3,-0.115767275423023,91,2.83356481481481,3
"b4.t30.p30.w1743",30,1000,9.33,4,TRUE,"7",30,1743,2,-0.0872972680091612,25,15.5202430555556,11
"b4.t30.p30.w1744",30,1,0,4,TRUE,"2",30,1744,2,-0.0925678048728552,38,14.5203935185185,10
"b4.t30.p30.w1745",30,1000,4,4,TRUE,"4",30,1745,1,0.128538508475214,186,2.83356481481481,3
"b4.t30.p30.w1746",30,1000,1.33,4,TRUE,"none",30,1746,2,0.770411635348122,4674,2.83356481481481,3
"b4.t30.p30.w1750",30,1000,10.67,4,TRUE,"9",30,1750,3,-0.0803470146821953,22,15.5202430555556,11
"b4.t30.p30.w1751",30,400,0,4,TRUE,"12",30,1751,1,1.14992639717528,2491,2.83356481481481,3
"b4.t30.p30.w1753",30,10,0,4,TRUE,"5",30,1753,3,-0.0243256106527764,108,2.83356481481481,3
"b4.t30.p30.w1754",30,1000,5.33,4,TRUE,"12",30,1754,2,0.0190895969256972,34,3.7390162037037,3
"b4.t30.p30.w1755",30,50,0,4,TRUE,"12",30,1755,3,0.482039619821215,232,2.83356481481481,3
"b4.t30.p30.w1756",30,25,0,4,TRUE,"7",30,1756,2,0.0850522374187065,111,2.83356481481481,3
"b4.t30.p30.w1757",30,1000,2.67,4,TRUE,"14",30,1757,1,0.362051956502524,2222,2.83356481481481,3
"b4.t30.p30.w1758",30,1000,8,4,TRUE,"11",30,1758,3,0.0598876364522893,32,3.7390162037037,3
"b4.t30.p30.w1759",30,1000,0,4,TRUE,"9",30,1759,1,1.1331703581533,3034,2.83356481481481,3
"b4.t30.p30.w1761",30,0,0,4,TRUE,"2",30,1761,3,0.0591068078981728,64,7.60256944444444,6
"b4.t30.p30.w1762",30,1000,9.33,4,TRUE,"all",30,1762,1,0.0363457944240963,33,3.7390162037037,3
"b4.t30.p30.w1763",30,400,0,4,TRUE,"4",30,1763,3,1.12723680118728,2358,2.83356481481481,3
"b4.t30.p30.w1764",30,1000,2.67,4,TRUE,"10",30,1764,4,0.358446985253016,1788,2.83356481481481,3
"b4.t30.p30.w1768",30,700,0,4,TRUE,"3",30,1768,3,1.17942573725867,2141,2.83356481481481,3
"b4.t30.p30.w1769",30,1000,5.33,4,TRUE,"2",30,1769,1,0.0717303520248584,80,3.7390162037037,3
"b4.t30.p30.w1771",30,1000,10.67,4,TRUE,"14",30,1771,2,0.0173814310699218,21,3.7390162037037,3
"b4.t30.p30.w1773",30,1000,1.33,4,TRUE,"5",30,1773,1,0.794277673373522,4488,2.83356481481481,3
"b4.t30.p30.w1782",30,1000,10.67,4,TRUE,"7",30,1782,3,-0.0735118730825145,24,15.5202430555556,11
"b4.t30.p30.w1787",30,0,0,4,TRUE,"12",30,1787,1,0.119138520772439,283,14.5203935185185,10
"b4.t30.p30.w1791",30,400,0,4,TRUE,"8",30,1791,3,1.07858068959018,2380,2.83356481481481,3
"b4.t30.p30.w1794",30,1000,8,4,TRUE,"11",30,1794,2,0.0115322539658653,31,3.7390162037037,3
"b4.t30.p30.w1796",30,1000,10.67,4,TRUE,"10",30,1796,2,-0.0269249260709178,22,3.7390162037037,3
"b4.t30.p30.w1797",30,1000,12,4,TRUE,"5",30,1797,2,-0.0834578148273296,24,15.5202430555556,11
"b4.t30.p30.w1798",30,100,0,4,TRUE,"6",30,1798,1,0.774362262249982,552,2.83356481481481,3
"b4.t30.p31.w1801",30,1000,5.33,4,TRUE,"4",31,1801,3,0.0424645159140239,38,3.7412962962963,3
"b4.t30.p31.w1803",30,400,0,4,TRUE,"3",31,1803,3,1.01844533840997,2536,2.83584490740741,3
"b4.t30.p31.w1807",30,1000,2.67,4,TRUE,"1",31,1807,3,0.469371106505864,427,3.7412962962963,4
"b4.t30.p31.w1809",30,1000,5.33,4,TRUE,"5",31,1809,1,-0.0186496037132148,34,3.7412962962963,3
"b4.t30.p31.w1810",30,10,0,4,TRUE,"13",31,1810,3,-0.11292041834838,121,2.83584490740741,3
"b4.t30.p31.w1812",30,1000,10.67,4,TRUE,"all",31,1812,3,-0.000247436745855711,23,3.7412962962963,3
"b4.t30.p31.w1816",30,10,0,4,TRUE,"15",31,1816,2,-0.0504645829134177,163,2.83584490740741,3
"b4.t30.p31.w1817",30,25,0,4,TRUE,"10",31,1817,3,0.000639629177292906,181,2.83584490740741,3
"b4.t30.p31.w1819",30,1000,2.67,4,TRUE,"11",31,1819,2,0.208990925926491,98,3.7412962962963,3
"b4.t30.p31.w1827",30,1000,2.67,4,TRUE,"all",31,1827,2,0.269860665704059,146,3.7412962962963,3
"b4.t30.p31.w1828",30,1000,6.67,4,TRUE,"all",31,1828,2,0.0283411629697484,39,3.7412962962963,3
"b4.t30.p31.w1829",30,5,0,4,TRUE,"8",31,1829,1,-0.132857984952017,93,10.7341550925926,7
"b4.t30.p31.w1830",30,700,0,4,TRUE,"7",31,1830,1,1.0456130625673,2499,2.83584490740741,3
"b4.t30.p31.w1831",30,1000,9.33,4,TRUE,"9",31,1831,3,-0.0495662454451726,21,3.7412962962963,3
"b4.t30.p31.w1833",30,1000,2.67,4,TRUE,"6",31,1833,1,0.328108960410895,436,3.7412962962963,3
"b4.t30.p31.w1834",30,1,0,4,TRUE,"9",31,1834,3,-0.112966181760173,45,15.5225115740741,11
"b4.t30.p31.w1836",30,1000,2.67,4,TRUE,"2",31,1836,3,0.533803246195386,635,3.7412962962963,3
"b4.t30.p31.w1837",30,1000,8,4,TRUE,"5",31,1837,3,-0.0448744789373307,23,3.7412962962963,3
"b4.t30.p31.w1838",30,100,0,4,TRUE,"7",31,1838,3,0.561759026737511,361,2.83584490740741,3
"b4.t30.p31.w1846",30,1000,1.33,4,TRUE,"11",31,1846,2,0.776329014568883,998,2.83584490740741,3
"b4.t30.p31.w1848",30,1000,1.33,4,TRUE,"6",31,1848,3,0.907308940887031,5894,3.7412962962963,4
"b4.t30.p31.w1851",30,1000,1.33,4,TRUE,"6",31,1851,2,0.938934370473145,5600,3.7412962962963,4
"b4.t30.p31.w1852",30,1000,2.67,4,TRUE,"8",31,1852,3,0.235660338783193,515,3.7412962962963,3
"b4.t30.p31.w1854",30,1000,12,4,TRUE,"6",31,1854,3,-0.0754179932977368,20,14.5235648148148,10
"b4.t30.p31.w1855",30,700,0,4,TRUE,"14",31,1855,3,1.26841550334516,3005,2.83584490740741,3
"b4.t30.p31.w1856",30,100,0,4,TRUE,"7",31,1856,2,0.484866534895595,368,2.83584490740741,3
"b4.t30.p31.w1857",30,1000,5.33,4,TRUE,"11",31,1857,3,0.0835830849288816,53,3.7412962962963,3
"b4.t30.p31.w1860",30,5,0,4,TRUE,"6",31,1860,2,-0.0855472228511229,70,13.547662037037,9
"b4.t30.p32.w1861",30,1000,12,4,TRUE,"12",32,1861,1,-0.104751497734113,27,14.526099537037,10
"b4.t30.p32.w1862",30,1000,0,4,TRUE,"9",32,1862,3,1.33033555302027,5354,2.83797453703704,3
"b4.t30.p32.w1863",30,1000,9.33,4,TRUE,"8",32,1863,2,-0.0263638659076515,21,3.74361111111111,3
"b4.t30.p32.w1864",30,1000,0,4,TRUE,"8",32,1864,1,1.24425711230669,5619,2.83797453703704,3
"b4.t30.p32.w1865",30,1000,2.67,4,TRUE,"11",32,1865,1,0.186504258196988,112,3.74361111111111,3
"b4.t30.p32.w1866",30,700,0,4,TRUE,"10",32,1866,1,1.17193011390525,3827,2.83797453703704,3
"b4.t30.p32.w1868",30,100,0,4,TRUE,"13",32,1868,3,0.443349970871788,291,2.83797453703704,3
"b4.t30.p32.w1869",30,25,0,4,TRUE,"11",32,1869,1,0.0880916990362831,157,2.83797453703704,3
"b4.t30.p32.w1873",30,1000,6.67,4,TRUE,"10",32,1873,1,-0.00931268042484871,29,3.74361111111111,3
"b4.t30.p32.w1874",30,1000,0,4,TRUE,"13",32,1874,1,1.06671243838852,1548,2.83797453703704,3
"b4.t30.p32.w1876",30,700,0,4,TRUE,"7",32,1876,2,1.20881131259524,3177,2.83797453703704,3
"b4.t30.p32.w1878",30,0,0,4,TRUE,"6",32,1878,3,0.0679627940849871,267,15.5246412037037,11
"b4.t30.p32.w1882",30,5,0,4,TRUE,"12",32,1882,1,-0.0153562063917137,109,3.74361111111111,3
"b4.t30.p32.w1886",30,100,0,4,TRUE,"14",32,1886,3,0.672567590450881,484,2.83797453703704,3
"b4.t30.p32.w1887",30,1000,1.33,4,TRUE,"1",32,1887,2,0.887334553655922,2483,3.74361111111111,4
"b4.t30.p32.w1888",30,1000,1.33,4,TRUE,"1",32,1888,1,0.90559056897217,2404,3.74361111111111,4
"b4.t30.p32.w1889",30,1000,1.33,4,TRUE,"1",32,1889,3,0.89621429184368,2574,3.74361111111111,4
"b4.t30.p32.w1894",30,1000,2.67,4,TRUE,"5",32,1894,3,0.259357154909522,1049,3.74361111111111,3
"b4.t30.p32.w1896",30,0,0,4,TRUE,"none",32,1896,1,-0.0141028888232127,32,10.7363310185185,7
"b4.t30.p32.w1898",30,25,0,4,TRUE,"10",32,1898,2,0.201011987545896,198,2.83797453703704,3
"b4.t30.p32.w1901",30,700,0,4,TRUE,"9",32,1901,3,1.12021354292879,2472,2.83797453703704,3
"b4.t30.p32.w1902",30,1000,8,4,TRUE,"8",32,1902,1,0.00185878853675318,25,3.74361111111111,3
"b4.t30.p32.w1903",30,400,0,4,TRUE,"8",32,1903,1,1.06381536325394,2574,2.83797453703704,3
"b4.t30.p32.w1904",30,1000,2.67,4,TRUE,"9",32,1904,3,0.304682470671696,846,3.74361111111111,3
"b4.t30.p32.w1908",30,700,0,4,TRUE,"15",32,1908,1,1.2078823963558,3547,2.83797453703704,3
"b4.t30.p32.w1910",30,25,0,4,TRUE,"15",32,1910,3,0.274396942108258,311,2.83797453703704,3
"b4.t30.p32.w1911",30,1000,5.33,4,TRUE,"7",32,1911,1,0.0522945221176613,48,3.74361111111111,3
"b4.t30.p32.w1912",30,1000,12,4,TRUE,"15",32,1912,3,-0.0964439718175291,21,15.5246412037037,11
"b4.t30.p32.w1915",30,5,0,4,TRUE,"15",32,1915,2,-0.123849432376714,100,15.5246412037037,11
"b4.t30.p32.w1916",30,50,0,4,TRUE,"15",32,1916,3,0.519985965723911,269,2.83797453703704,3
"b4.t30.p32.w1920",30,1000,12,4,TRUE,"4",32,1920,1,-0.0292246170916037,22,3.74361111111111,3
"b4.t30.p4.w183",30,1000,5.33,4,TRUE,"10",4,183,3,0.0204449731290377,61,2.72856481481481,3
"b4.t30.p4.w185",30,700,0,4,TRUE,"all",4,185,3,2.11266572396573,1421,1.54006944444444,3
"b4.t30.p4.w186",30,1000,6.67,4,TRUE,"6",4,186,3,-0.0918951925588291,48,2.72856481481481,3
"b4.t30.p4.w187",30,100,0,4,TRUE,"all",4,187,1,1.04758100449642,279,1.54006944444444,3
"b4.t30.p4.w188",30,1000,0,4,TRUE,"15",4,188,1,1.91323251882321,3933,1.54006944444444,3
"b4.t30.p4.w190",30,10,0,4,TRUE,"11",4,190,1,0.651107307719493,116,1.54006944444444,3
"b4.t30.p4.w192",30,0,0,4,TRUE,"3",4,192,3,0.193931561604223,295,10.6647222222222,8
"b4.t30.p4.w193",30,1000,12,4,TRUE,"14",4,193,2,-0.103797382214347,20,14.8315509259259,11
"b4.t30.p4.w194",30,1000,9.33,4,TRUE,"none",4,194,1,-0.119791969490721,30,2.72856481481481,3
"b4.t30.p4.w195",30,100,0,4,TRUE,"8",4,195,1,1.18579577211737,378,1.54006944444444,3
"b4.t30.p4.w197",30,1000,4,4,TRUE,"4",4,197,2,0.256510557230425,81,1.54006944444444,3
"b4.t30.p4.w201",30,1000,6.67,4,TRUE,"none",4,201,1,-0.0488483480335927,38,2.72856481481481,3
"b4.t30.p4.w202",30,1000,2.67,4,TRUE,"2",4,202,1,0.712492293250092,704,2.72856481481481,4
"b4.t30.p4.w203",30,1000,10.67,4,TRUE,"11",4,203,3,-0.0201619212057428,23,2.72856481481481,3
"b4.t30.p4.w205",30,1000,9.33,4,TRUE,"4",4,205,1,-0.0719389025682114,32,2.72856481481481,3
"b4.t30.p4.w206",30,10,0,4,TRUE,"15",4,206,3,0.33572669291051,76,1.54006944444444,3
"b4.t30.p4.w207",30,1000,5.33,4,TRUE,"9",4,207,1,0.0907863240958466,44,2.72856481481481,3
"b4.t30.p4.w209",30,1000,2.67,4,TRUE,"12",4,209,1,0.52735705625205,254,1.54006944444444,3
"b4.t30.p4.w210",30,1000,8,4,TRUE,"7",4,210,2,-0.0725401427055216,33,2.72856481481481,3
"b4.t30.p4.w212",30,1000,6.67,4,TRUE,"1",4,212,3,0.0307108759789662,50,2.72856481481481,3
"b4.t30.p4.w214",30,400,0,4,TRUE,"11",4,214,1,1.94732567739563,1096,1.54006944444444,3
"b4.t30.p4.w215",30,700,0,4,TRUE,"15",4,215,2,1.62091421550765,2171,1.54006944444444,3
"b4.t30.p4.w216",30,1000,9.33,4,TRUE,"11",4,216,1,-0.0496870504128802,27,12.552962962963,9
"b4.t30.p4.w217",30,1000,2.67,4,TRUE,"3",4,217,1,0.385499779965785,289,1.54006944444444,3
"b4.t30.p4.w218",30,700,0,4,TRUE,"11",4,218,2,1.72914309508045,1029,1.54006944444444,3
"b4.t30.p4.w219",30,1000,6.67,4,TRUE,"8",4,219,1,-0.00827860973712126,32,2.72856481481481,3
"b4.t30.p4.w220",30,50,0,4,TRUE,"6",4,220,1,1.13240266018891,299,1.54006944444444,3
"b4.t30.p4.w221",30,25,0,4,TRUE,"9",4,221,2,0.819871251903252,154,1.54006944444444,3
"b4.t30.p4.w224",30,1000,5.33,4,TRUE,"6",4,224,2,0.145360159834686,65,1.54006944444444,3
"b4.t30.p4.w225",30,1,0,4,TRUE,"8",4,225,1,-0.0789781449386968,40,10.6647222222222,8
"b4.t30.p4.w226",30,1000,8,4,TRUE,"1",4,226,2,-0.0166660397075701,32,2.72856481481481,3
"b4.t30.p4.w227",30,1000,2.67,4,TRUE,"10",4,227,1,0.349716804757939,329,2.72856481481481,3
"b4.t30.p4.w228",30,1000,10.67,4,TRUE,"4",4,228,1,-0.091878088274104,20,14.8315509259259,11
"b4.t30.p4.w230",30,1000,12,4,TRUE,"2",4,230,3,0.00326739690459397,24,2.72856481481481,3
"b4.t30.p4.w231",30,0,0,4,TRUE,"8",4,231,2,0.159518189728472,261,13.4831018518519,10
"b4.t30.p4.w233",30,1000,8,4,TRUE,"3",4,233,3,-0.135705534065153,32,14.8315509259259,11
"b4.t30.p4.w237",30,1,0,4,TRUE,"5",4,237,2,-0.0343794574714004,30,7.52680555555556,7
"b4.t30.p5.w241",30,400,0,4,TRUE,"6",5,241,1,1.66696961917619,2489,1.54225694444444,3
"b4.t30.p5.w242",30,1000,0,4,TRUE,"4",5,242,3,1.52158548567703,2417,1.54225694444444,3
"b4.t30.p5.w243",30,1000,9.33,4,TRUE,"2",5,243,2,-0.13764910795949,35,14.8341435185185,11
"b4.t30.p5.w244",30,1000,6.67,4,TRUE,"15",5,244,3,0.0100375045636378,36,2.73106481481481,3
"b4.t30.p5.w246",30,1000,10.67,4,TRUE,"7",5,246,1,-0.117076225626857,25,14.8341435185185,11
"b4.t30.p5.w248",30,100,0,4,TRUE,"1",5,248,1,1.54977489464538,545,1.54225694444444,3
"b4.t30.p5.w252",30,1000,9.33,4,TRUE,"none",5,252,2,-0.113866348849311,26,14.8341435185185,11
"b4.t30.p5.w253",30,1000,0,4,TRUE,"10",5,253,2,1.87726328897227,4285,1.54225694444444,3
"b4.t30.p5.w254",30,400,0,4,TRUE,"4",5,254,2,1.76437809012765,2084,1.54225694444444,3
"b4.t30.p5.w256",30,1000,2.67,4,TRUE,"15",5,256,2,0.437355716285887,283,1.54225694444444,3
"b4.t30.p5.w258",30,100,0,4,TRUE,"5",5,258,1,1.47166143234535,539,1.54225694444444,3
"b4.t30.p5.w259",30,1000,5.33,4,TRUE,"all",5,259,2,0.172597868600641,68,2.73106481481481,3
"b4.t30.p5.w260",30,1000,0,4,TRUE,"10",5,260,1,1.53614416328208,4052,2.73106481481481,4
"b4.t30.p5.w261",30,1000,12,4,TRUE,"11",5,261,2,-0.0103398716420974,27,2.73106481481481,3
"b4.t30.p5.w262",30,1000,1.33,4,TRUE,"3",5,262,3,1.16351331798925,4766,2.73106481481481,4
"b4.t30.p5.w266",30,25,0,4,TRUE,"6",5,266,2,0.950442112077416,185,1.54225694444444,3
"b4.t30.p5.w267",30,1000,4,4,TRUE,"none",5,267,3,0.228934878578898,72,1.54225694444444,3
"b4.t30.p5.w271",30,50,0,4,TRUE,"8",5,271,2,1.0935947487512,265,1.54225694444444,3
"b4.t30.p5.w273",30,1000,1.33,4,TRUE,"4",5,273,1,1.29595770770787,4526,2.73106481481481,4
"b4.t30.p5.w275",30,5,0,4,TRUE,"12",5,275,2,0.227905724993053,64,1.54225694444444,3
"b4.t30.p5.w276",30,100,0,4,TRUE,"2",5,276,3,1.54526396249919,550,1.54225694444444,3
"b4.t30.p5.w280",30,1000,4,4,TRUE,"11",5,280,1,0.133621259672786,68,2.73106481481481,3
"b4.t30.p5.w281",30,50,0,4,TRUE,"14",5,281,3,1.13609224090995,368,1.54225694444444,3
"b4.t30.p5.w283",30,1000,4,4,TRUE,"4",5,283,3,0.164284373783864,73,1.54225694444444,3
"b4.t30.p5.w284",30,100,0,4,TRUE,"10",5,284,1,1.46515743456923,492,1.54225694444444,3
"b4.t30.p5.w286",30,1000,5.33,4,TRUE,"8",5,286,2,-0.0152208118079831,45,2.73106481481481,3
"b4.t30.p5.w288",30,100,0,4,TRUE,"4",5,288,1,1.6964683538146,567,1.54225694444444,3
"b4.t30.p5.w290",30,1,0,4,TRUE,"3",5,290,2,0.351535819808093,138,2.73106481481481,3
"b4.t30.p5.w291",30,0,0,4,TRUE,"11",5,291,2,-0.134840166306847,30,13.4852546296296,10
"b4.t30.p5.w292",30,1000,1.33,4,TRUE,"13",5,292,2,1.30635129912037,9938,2.73106481481481,4
"b4.t30.p5.w294",30,700,0,4,TRUE,"8",5,294,3,1.58277514498154,2927,1.54225694444444,3
"b4.t30.p5.w295",30,50,0,4,TRUE,"13",5,295,3,1.07551038303799,213,1.54225694444444,3
"b4.t30.p5.w297",30,100,0,4,TRUE,"13",5,297,2,1.44963241832925,571,1.54225694444444,3
"b4.t30.p5.w299",30,700,0,4,TRUE,"1",5,299,3,1.72298597688812,2477,1.54225694444444,3
"b4.t30.p5.w300",30,700,0,4,TRUE,"13",5,300,2,1.47089492362113,2512,1.54225694444444,3
"b4.t30.p6.w302",30,1000,5.33,4,TRUE,"1",6,302,3,0.162995498520029,84,2.73321759259259,3
"b4.t30.p6.w303",30,1000,0,4,TRUE,"6",6,303,1,1.45713922553151,2997,1.544375,3
"b4.t30.p6.w305",30,1000,12,4,TRUE,"6",6,305,1,-0.116099435563589,27,14.8362847222222,11
"b4.t30.p6.w306",30,50,0,4,TRUE,"10",6,306,3,0.988315502260833,282,1.544375,3
"b4.t30.p6.w310",30,1,0,4,TRUE,"2",6,310,3,-0.135482862945462,34,12.5573263888889,9
"b4.t30.p6.w311",30,1000,12,4,TRUE,"13",6,311,3,-0.0331881694282577,21,2.73321759259259,3
"b4.t30.p6.w313",30,1000,12,4,TRUE,"all",6,313,2,-0.0502811587538022,23,7.53168981481481,7
"b4.t30.p6.w314",30,1000,4,4,TRUE,"6",6,314,2,0.148338849925871,78,2.73321759259259,3
"b4.t30.p6.w316",30,1000,4,4,TRUE,"5",6,316,2,0.234393855833848,79,1.544375,3
"b4.t30.p6.w318",30,1000,2.67,4,TRUE,"9",6,318,1,0.331185099368565,235,1.544375,3
"b4.t30.p6.w319",30,1000,6.67,4,TRUE,"all",6,319,1,0.110815716206453,63,2.73321759259259,3
"b4.t30.p6.w327",30,1000,4,4,TRUE,"12",6,327,3,0.238796866399632,65,1.544375,3
"b4.t30.p6.w328",30,1000,1.33,4,TRUE,"12",6,328,3,1.19438389540093,4365,2.73321759259259,4
"b4.t30.p6.w329",30,700,0,4,TRUE,"none",6,329,2,1.37469955703539,2232,2.73321759259259,4
"b4.t30.p6.w331",30,1000,9.33,4,TRUE,"1",6,331,3,-0.0985943130864052,27,14.8362847222222,11
"b4.t30.p6.w334",30,1000,9.33,4,TRUE,"5",6,334,3,-0.147267040792313,27,2.73321759259259,3
"b4.t30.p6.w335",30,10,0,4,TRUE,"4",6,335,3,0.195284274252579,217,1.544375,3
"b4.t30.p6.w336",30,1000,12,4,TRUE,"3",6,336,2,-0.155139868662035,28,13.487349537037,10
"b4.t30.p6.w337",30,50,0,4,TRUE,"14",6,337,2,0.702657787741592,146,1.544375,3
"b4.t30.p6.w338",30,1000,9.33,4,TRUE,"12",6,338,1,-0.156696076310247,32,14.8362847222222,11
"b4.t30.p6.w339",30,1000,2.67,4,TRUE,"14",6,339,3,0.530881392200932,507,1.544375,3
"b4.t30.p6.w340",30,1000,8,4,TRUE,"5",6,340,1,-0.129600836776978,26,14.8362847222222,11
"b4.t30.p6.w341",30,1000,5.33,4,TRUE,"14",6,341,3,0.0806841528021021,55,2.73321759259259,3
"b4.t30.p6.w344",30,1000,9.33,4,TRUE,"3",6,344,1,-0.153947533176637,33,14.8362847222222,11
"b4.t30.p6.w345",30,10,0,4,TRUE,"9",6,345,1,0.334464609631249,81,1.544375,3
"b4.t30.p6.w346",30,100,0,4,TRUE,"3",6,346,2,1.6576224355962,533,1.544375,3
"b4.t30.p6.w347",30,10,0,4,TRUE,"3",6,347,3,0.355733183590804,65,1.544375,3
"b4.t30.p6.w349",30,10,0,4,TRUE,"7",6,349,3,0.260356200580069,88,1.544375,3
"b4.t30.p6.w351",30,1000,0,4,TRUE,"3",6,351,1,1.53178642241366,3650,2.73321759259259,4
"b4.t30.p6.w352",30,1000,6.67,4,TRUE,"9",6,352,2,0.0421104857367773,35,2.73321759259259,3
"b4.t30.p6.w354",30,1,0,4,TRUE,"15",6,354,2,0.119940142615014,333,14.8362847222222,11
"b4.t30.p6.w355",30,1000,4,4,TRUE,"6",6,355,3,0.146806347884134,68,1.544375,3
"b4.t30.p6.w359",30,1,0,4,TRUE,"14",6,359,1,-0.0579680569322856,31,10.6690393518519,8
"b4.t30.p7.w361",30,1000,5.33,4,TRUE,"15",7,361,3,0.080619981248543,51,2.73570601851852,3
"b4.t30.p7.w362",30,1000,8,4,TRUE,"14",7,362,1,-0.0563266154100512,34,2.73570601851852,3
"b4.t30.p7.w363",30,1000,0,4,TRUE,"15",7,363,2,1.52614435286383,4305,2.73570601851852,4
"b4.t30.p7.w365",30,100,0,4,TRUE,"9",7,365,1,1.2785375202415,583,1.54655092592593,3
"b4.t30.p7.w367",30,25,0,4,TRUE,"13",7,367,1,0.330992146018892,137,1.54655092592593,3
"b4.t30.p7.w368",30,0,0,4,TRUE,"1",7,368,3,0.0329047523543557,70,14.8393518518519,11
"b4.t30.p7.w369",30,5,0,4,TRUE,"10",7,369,3,-0.15973794586249,65,1.54655092592593,3
"b4.t30.p7.w370",30,400,0,4,TRUE,"10",7,370,2,1.36147853620335,2284,2.73570601851852,4
"b4.t30.p7.w371",30,1000,9.33,4,TRUE,"6",7,371,3,-0.087754181271677,26,14.8393518518519,11
"b4.t30.p7.w372",30,5,0,4,TRUE,"8",7,372,2,0.0919705803700401,114,1.54655092592593,3
"b4.t30.p7.w375",30,1,0,4,TRUE,"14",7,375,2,-0.0605943607941374,51,12.5623148148148,9
"b4.t30.p7.w376",30,1000,4,4,TRUE,"7",7,376,3,0.207632264582825,89,2.73570601851852,3
"b4.t30.p7.w379",30,10,0,4,TRUE,"8",7,379,1,0.0710310429706026,97,1.54655092592593,3
"b4.t30.p7.w382",30,1000,6.67,4,TRUE,"8",7,382,3,0.0157768947980856,48,2.73570601851852,3
"b4.t30.p7.w384",30,1000,10.67,4,TRUE,"13",7,384,2,-0.0164347767604589,24,2.73570601851852,3
"b4.t30.p7.w387",30,1000,9.33,4,TRUE,"5",7,387,1,-0.133116492132371,28,14.8393518518519,11
"b4.t30.p7.w388",30,700,0,4,TRUE,"14",7,388,2,1.34955518672285,2768,2.73570601851852,4
"b4.t30.p7.w389",30,25,0,4,TRUE,"2",7,389,2,0.570835342736318,126,1.54655092592593,3
"b4.t30.p7.w391",30,1000,12,4,TRUE,"all",7,391,3,0.0418449522426654,32,2.73570601851852,3
"b4.t30.p7.w392",30,1000,6.67,4,TRUE,"14",7,392,1,0.0700050616601795,46,2.73570601851852,3
"b4.t30.p7.w394",30,1000,12,4,TRUE,"1",7,394,3,-0.0840201351743432,24,14.8393518518519,11
"b4.t30.p7.w396",30,1000,2.67,4,TRUE,"3",7,396,2,0.437623281706172,1236,3.65628472222222,5
"b4.t30.p7.w398",30,1000,12,4,TRUE,"13",7,398,1,-0.118109412977426,30,14.8393518518519,11
"b4.t30.p7.w400",30,1000,12,4,TRUE,"9",7,400,3,-0.118998551016922,28,14.8393518518519,11
"b4.t30.p7.w404",30,100,0,4,TRUE,"8",7,404,3,1.14210909500073,714,1.54655092592593,3
"b4.t30.p7.w405",30,700,0,4,TRUE,"6",7,405,1,1.30133260467512,2555,2.73570601851852,4
"b4.t30.p7.w406",30,100,0,4,TRUE,"2",7,406,1,1.01088954381725,402,1.54655092592593,3
"b4.t30.p7.w407",30,1000,0,4,TRUE,"11",7,407,2,1.2703576802231,875,1.54655092592593,3
"b4.t30.p7.w408",30,1000,4,4,TRUE,"9",7,408,2,0.250366847291849,117,2.73570601851852,3
"b4.t30.p7.w409",30,400,0,4,TRUE,"5",7,409,1,1.38179288447268,2118,1.54655092592593,3
"b4.t30.p7.w410",30,10,0,4,TRUE,"13",7,410,1,0.164118082140102,83,1.54655092592593,3
"b4.t30.p7.w412",30,700,0,4,TRUE,"none",7,412,1,1.44035299998269,3371,2.73570601851852,4
"b4.t30.p7.w414",30,0,0,4,TRUE,"11",7,414,3,0.0880490180545765,106,14.8393518518519,11
"b4.t30.p7.w419",30,50,0,4,TRUE,"all",7,419,3,0.621867109449446,132,1.54655092592593,3
"b4.t30.p8.w421",30,1000,8,4,TRUE,"12",8,421,3,-0.135683307629841,32,14.8418287037037,11
"b4.t30.p8.w422",30,1000,2.67,4,TRUE,"8",8,422,2,0.295359219147795,1009,3.66888888888889,4
"b4.t30.p8.w423",30,1000,1.33,4,TRUE,"5",8,423,3,1.0987503256479,5329,2.73783564814815,4
"b4.t30.p8.w424",30,1,0,4,TRUE,"10",8,424,1,-0.03671137569028,46,12.5662037037037,9
"b4.t30.p8.w425",30,50,0,4,TRUE,"13",8,425,1,0.594150597980313,130,1.54872685185185,3
"b4.t30.p8.w430",30,1000,12,4,TRUE,"10",8,430,3,-0.167600914038418,27,14.8418287037037,11
"b4.t30.p8.w431",30,1000,10.67,4,TRUE,"15",8,431,3,-0.0464777214291629,21,2.73783564814815,3
"b4.t30.p8.w434",30,1000,4,4,TRUE,"12",8,434,2,0.317994702812008,105,1.54872685185185,3
"b4.t30.p8.w436",30,50,0,4,TRUE,"4",8,436,2,0.462426526828486,184,1.54872685185185,3
"b4.t30.p8.w437",30,700,0,4,TRUE,"14",8,437,1,1.40914692779133,2145,1.54872685185185,3
"b4.t30.p8.w438",30,1000,9.33,4,TRUE,"4",8,438,3,-0.0487127949256639,29,2.73783564814815,3
"b4.t30.p8.w439",30,400,0,4,TRUE,"none",8,439,2,1.30223916114285,2259,1.54872685185185,3
"b4.t30.p8.w441",30,25,0,4,TRUE,"none",8,441,2,0.295033951755122,109,1.54872685185185,3
"b4.t30.p8.w444",30,1000,8,4,TRUE,"13",8,444,3,0.0282652794936231,45,2.73783564814815,3
"b4.t30.p8.w445",30,5,0,4,TRUE,"8",8,445,3,-0.124178395790622,72,1.54872685185185,3
"b4.t30.p8.w450",30,1000,8,4,TRUE,"6",8,450,1,-0.0114431436438994,42,2.73783564814815,3
"b4.t30.p8.w451",30,400,0,4,TRUE,"10",8,451,1,1.32696261836202,2317,1.54872685185185,3
"b4.t30.p8.w453",30,1000,6.67,4,TRUE,"15",8,453,2,-0.0271867044659007,41,2.73783564814815,3
"b4.t30.p8.w454",30,25,0,4,TRUE,"3",8,454,3,0.543694475485867,141,1.54872685185185,3
"b4.t30.p8.w456",30,400,0,4,TRUE,"1",8,456,3,1.41329730696003,2547,2.73783564814815,4
"b4.t30.p8.w457",30,1000,12,4,TRUE,"7",8,457,3,-0.15698954009883,30,14.8418287037037,11
"b4.t30.p8.w458",30,25,0,4,TRUE,"11",8,458,2,0.54958894230003,106,1.54872685185185,3
"b4.t30.p8.w461",30,1000,12,4,TRUE,"none",8,461,1,-0.0337952824457027,22,2.73783564814815,3
"b4.t30.p8.w462",30,700,0,4,TRUE,"11",8,462,3,1.30842175228088,702,1.54872685185185,3
"b4.t30.p8.w463",30,1000,8,4,TRUE,"12",8,463,1,0.0315233721031411,46,2.73783564814815,3
"b4.t30.p8.w465",30,1000,10.67,4,TRUE,"8",8,465,2,-0.0627423553586789,30,2.73783564814815,3
"b4.t30.p8.w466",30,1000,12,4,TRUE,"13",8,466,2,-0.0773365229454013,24,14.8418287037037,11
"b4.t30.p8.w468",30,1000,6.67,4,TRUE,"13",8,468,1,0.136435396587172,59,2.73783564814815,3
"b4.t30.p8.w472",30,1000,12,4,TRUE,"5",8,472,1,-0.100960470284535,24,14.8418287037037,11
"b4.t30.p8.w473",30,100,0,4,TRUE,"4",8,473,2,1.08403538766879,345,1.54872685185185,3
"b4.t30.p8.w475",30,700,0,4,TRUE,"5",8,475,2,1.49328575124931,2785,2.73783564814815,4
"b4.t30.p8.w476",30,1000,0,4,TRUE,"all",8,476,1,1.50434844205434,1760,1.54872685185185,3
"b4.t30.p8.w477",30,0,0,4,TRUE,"9",8,477,1,-0.0399223653111399,31,14.8418287037037,11
"b4.t30.p8.w479",30,50,0,4,TRUE,"11",8,479,1,0.289254080868593,97,1.54872685185185,3
"b4.t30.p8.w480",30,10,0,4,TRUE,"10",8,480,2,0.231657752720668,108,1.54872685185185,3
"b4.t30.p9.w482",30,50,0,4,TRUE,"9",9,482,3,0.888656790606722,187,1.56298611111111,3
"b4.t30.p9.w484",30,1,0,4,TRUE,"11",9,484,1,-0.217859553367062,50,1.56298611111111,3
"b4.t30.p9.w485",30,0,0,4,TRUE,"1",9,485,1,-0.0604013465541978,35,7.53855324074074,7
"b4.t30.p9.w486",30,25,0,4,TRUE,"3",9,486,2,0.262087276288563,111,1.56298611111111,3
"b4.t30.p9.w487",30,1000,4,4,TRUE,"1",9,487,2,0.325446025070056,175,3.67125,4
"b4.t30.p9.w489",30,1000,6.67,4,TRUE,"11",9,489,2,0.00554016974084388,20,10.6763078703704,8
"b4.t30.p9.w491",30,10,0,4,TRUE,"12",9,491,1,0.129606013327891,83,1.56298611111111,3
"b4.t30.p9.w492",30,50,0,4,TRUE,"4",9,492,1,0.658661657026333,146,1.56298611111111,3
"b4.t30.p9.w493",30,1000,4,4,TRUE,"none",9,493,2,0.321722555035052,177,2.74006944444444,3
"b4.t30.p9.w494",30,1,0,4,TRUE,"6",9,494,2,-0.209262455984295,49,1.56298611111111,3
"b4.t30.p9.w495",30,1000,8,4,TRUE,"3",9,495,2,0.0645368451007855,35,2.74006944444444,3
"b4.t30.p9.w496",30,400,0,4,TRUE,"7",9,496,2,1.44893519922841,2399,2.74006944444444,4
"b4.t30.p9.w497",30,1,0,4,TRUE,"8",9,497,2,-0.0931261200280695,35,14.8439699074074,11
"b4.t30.p9.w499",30,400,0,4,TRUE,"15",9,499,1,1.45338264044532,2426,2.74006944444444,4
"b4.t30.p9.w500",30,1000,4,4,TRUE,"all",9,500,1,0.211697264272021,99,1.56298611111111,3
"b4.t30.p9.w501",30,1000,1.33,4,TRUE,"14",9,501,1,1.27631901920083,4799,2.74006944444444,4
"b4.t30.p9.w503",30,1000,1.33,4,TRUE,"12",9,503,1,1.32730210714132,5199,2.74006944444444,4
"b4.t30.p9.w504",30,1,0,4,TRUE,"9",9,504,2,-0.183176934936432,40,1.56298611111111,3
"b4.t30.p9.w510",30,1000,6.67,4,TRUE,"3",9,510,1,0.198846202313022,64,2.74006944444444,3
"b4.t30.p9.w511",30,1000,8,4,TRUE,"13",9,511,1,0.17182630106843,54,1.56298611111111,3
"b4.t30.p9.w513",30,1000,1.33,4,TRUE,"2",9,513,3,1.21380322117411,4555,2.74006944444444,3
"b4.t30.p9.w516",30,5,0,4,TRUE,"all",9,516,3,0.146259017888155,60,1.56298611111111,3
"b4.t30.p9.w517",30,1000,2.67,4,TRUE,"3",9,517,3,0.725195377433719,1803,2.74006944444444,3
"b4.t30.p9.w518",30,50,0,4,TRUE,"15",9,518,1,0.834501371796968,182,1.56298611111111,3
"b4.t30.p9.w519",30,100,0,4,TRUE,"none",9,519,2,1.19389063950252,312,1.56298611111111,3
"b4.t30.p9.w520",30,1000,9.33,4,TRUE,"6",9,520,1,-0.15711144024704,32,14.8439699074074,11
"b4.t30.p9.w524",30,1000,8,4,TRUE,"15",9,524,1,0.03274218281169,34,2.74006944444444,3
"b4.t30.p9.w527",30,1000,1.33,4,TRUE,"12",9,527,2,-0.0586378510184012,16,2.74006944444444,3
"b4.t30.p9.w529",30,1000,12,4,TRUE,"12",9,529,3,-0.0807221466015425,21,13.4944444444444,10
"b4.t30.p9.w532",30,100,0,4,TRUE,"11",9,532,3,1.41159027666047,452,1.56298611111111,3
"b4.t30.p9.w534",30,400,0,4,TRUE,"12",9,534,2,1.3668438983034,2323,1.56298611111111,3
"b4.t30.p9.w535",30,1000,10.67,4,TRUE,"6",9,535,3,-0.0160455459526621,26,2.74006944444444,3
"b4.t30.p9.w536",30,1000,4,4,TRUE,"all",9,536,3,0.17423077505739,66,1.56298611111111,3
"b4.t30.p9.w537",30,0,0,4,TRUE,"10",9,537,1,-0.103365721684817,49,1.56298611111111,3
"b4.t30.p9.w538",30,1000,6.67,4,TRUE,"9",9,538,1,0.255123977233013,61,2.74006944444444,3
"b4.t30.p9.w540",30,5,0,4,TRUE,"2",9,540,3,0.1127021567571,62,1.56298611111111,3
"b4.t33.p1.w10",33,1000,0,4,TRUE,"13",1,10,1,1.83084183428648,2417,1.76866898148148,3
"b4.t33.p1.w15",33,1000,0,4,TRUE,"none",1,15,1,1.79447738889037,2644,1.76866898148148,3
"b4.t33.p1.w17",33,1000,0,4,TRUE,"all",1,17,3,2.16935673541341,3460,1.76866898148148,3
"b4.t33.p1.w18",33,1000,0,4,TRUE,"4",1,18,1,1.71231099771833,2355,1.76866898148148,3
"b4.t33.p1.w19",33,1000,0,4,TRUE,"2",1,19,3,1.85569939417053,3073,1.76866898148148,3
"b4.t33.p1.w2",33,1000,0,4,TRUE,"12",1,2,2,1.79889579985625,2925,1.76866898148148,3
"b4.t33.p1.w20",33,1000,0,4,TRUE,"4",1,20,3,1.72910628282831,2642,1.76866898148148,3
"b4.t33.p1.w22",33,1000,0,4,TRUE,"3",1,22,2,1.68769217792577,2826,1.76866898148148,3
"b4.t33.p1.w26",33,1000,0,4,TRUE,"9",1,26,1,1.65560461389479,2387,1.76866898148148,3
"b4.t33.p1.w29",33,1000,0,4,TRUE,"14",1,29,3,1.91149994894372,3683,1.76866898148148,3
"b4.t33.p1.w3",33,1000,0,4,TRUE,"11",1,3,2,2.09759157258011,2862,1.76866898148148,3
"b4.t33.p1.w30",33,1000,0,4,TRUE,"2",1,30,2,1.69418698926694,2318,1.76866898148148,3
"b4.t33.p1.w31",33,1000,0,4,TRUE,"10",1,31,2,1.68340124567806,3018,1.76866898148148,3
"b4.t33.p1.w33",33,1000,0,4,TRUE,"2",1,33,1,1.85618085763231,3176,1.76866898148148,3
"b4.t33.p1.w34",33,1000,0,4,TRUE,"15",1,34,2,1.8014255520143,3710,1.76866898148148,3
"b4.t33.p1.w36",33,1000,0,4,TRUE,"all",1,36,1,2.21433081000686,4029,1.76866898148148,3
"b4.t33.p1.w38",33,1000,0,4,TRUE,"all",1,38,2,2.19380482280461,3722,1.76866898148148,3
"b4.t33.p1.w4",33,1000,0,4,TRUE,"4",1,4,2,1.82781377239564,2611,1.76866898148148,3
"b4.t33.p1.w40",33,1000,0,4,TRUE,"9",1,40,3,1.75539814160049,3155,1.76866898148148,3
"b4.t33.p1.w42",33,1000,0,4,TRUE,"7",1,42,1,1.8142355042065,2909,1.76866898148148,3
"b4.t33.p1.w46",33,1000,0,4,TRUE,"15",1,46,3,1.84411803193003,2974,1.76866898148148,3
"b4.t33.p1.w47",33,1000,0,4,TRUE,"1",1,47,3,1.75949024917167,2014,1.76866898148148,3
"b4.t33.p1.w54",33,1000,0,4,TRUE,"13",1,54,3,2.37922274500594,4694,1.76866898148148,3
"b4.t33.p1.w57",33,1000,0,4,TRUE,"11",1,57,1,2.07604407939814,2071,1.76866898148148,3
"b4.t33.p1.w7",33,1000,0,4,TRUE,"8",1,7,2,1.79733805727215,2686,1.76866898148148,3
"b4.t33.p1.w9",33,1000,0,4,TRUE,"8",1,9,1,1.82500943892902,2884,1.76866898148148,3
"b4.t33.p2.w100",33,1000,0,4,TRUE,"14",2,100,1,1.87195813128206,2845,1.77090277777778,3
"b4.t33.p2.w103",33,1000,0,4,TRUE,"3",2,103,1,1.69568099753602,2094,1.77090277777778,3
"b4.t33.p2.w105",33,1000,0,4,TRUE,"5",2,105,1,1.91384298891406,3066,1.77090277777778,3
"b4.t33.p2.w106",33,1000,0,4,TRUE,"none",2,106,3,1.89424281185106,2387,1.77090277777778,3
"b4.t33.p2.w107",33,1000,0,4,TRUE,"13",2,107,2,1.73563069462409,2503,1.77090277777778,3
"b4.t33.p2.w108",33,1000,0,4,TRUE,"12",2,108,1,1.79204202042132,2548,1.77090277777778,3
"b4.t33.p2.w113",33,1000,0,4,TRUE,"10",2,113,1,1.68404865830125,2514,1.77090277777778,3
"b4.t33.p2.w61",33,1000,0,4,TRUE,"none",2,61,2,1.74464565789964,3073,1.77090277777778,3
"b4.t33.p2.w62",33,1000,0,4,TRUE,"7",2,62,2,1.57159029518805,2120,1.77090277777778,3
"b4.t33.p2.w64",33,1000,0,4,TRUE,"6",2,64,1,1.79748007700133,3011,1.77090277777778,3
"b4.t33.p2.w65",33,1000,0,4,TRUE,"15",2,65,1,1.9100755821864,2837,1.77090277777778,3
"b4.t33.p2.w68",33,1000,0,4,TRUE,"8",2,68,3,2.02092573245902,2905,1.77090277777778,3
"b4.t33.p2.w69",33,1000,0,4,TRUE,"12",2,69,3,1.83843173935795,2838,1.77090277777778,3
"b4.t33.p2.w70",33,1000,0,4,TRUE,"5",2,70,3,1.97475635976867,2964,1.77090277777778,3
"b4.t33.p2.w72",33,1000,0,4,TRUE,"7",2,72,3,1.87064616649709,2785,1.77090277777778,3
"b4.t33.p2.w73",33,1000,0,4,TRUE,"14",2,73,2,1.87216978779985,2839,1.77090277777778,3
"b4.t33.p2.w75",33,1000,0,4,TRUE,"3",2,75,3,1.82249069710154,3503,1.77090277777778,3
"b4.t33.p2.w80",33,1000,0,4,TRUE,"1",2,80,1,1.82668352420789,2820,1.77090277777778,3
"b4.t33.p2.w81",33,1000,0,4,TRUE,"6",2,81,3,1.75782235477232,2491,1.77090277777778,3
"b4.t33.p2.w83",33,1000,0,4,TRUE,"1",2,83,2,1.75355913146287,2259,1.77090277777778,3
"b4.t33.p2.w86",33,1000,0,4,TRUE,"5",2,86,2,1.87911608560882,3294,1.77090277777778,3
"b4.t33.p2.w91",33,1000,0,4,TRUE,"9",2,91,2,1.6302404747389,2064,1.77090277777778,3
"b4.t33.p2.w92",33,1000,0,4,TRUE,"10",2,92,3,1.70749377277558,2722,1.77090277777778,3
"b4.t33.p2.w95",33,1000,0,4,TRUE,"6",2,95,2,1.8445847934386,2714,1.77090277777778,3
"b4.t33.p2.w99",33,1000,0,4,TRUE,"11",2,99,3,2.04262723910402,3155,1.77090277777778,3
"b4.t35.p1.w1",35,1000,0,4,TRUE,"all",1,1,1,1.99230124519071,2334,1.73834490740741,3
"b4.t35.p1.w10",35,1000,0,4,TRUE,"none",1,10,3,1.81840829934383,2854,1.73834490740741,3
"b4.t35.p1.w11",35,1000,0,4,TRUE,"9",1,11,2,1.6914025419305,1641,1.73834490740741,3
"b4.t35.p1.w16",35,1000,0,4,TRUE,"4",1,16,1,1.68951818658639,1582,1.73834490740741,3
"b4.t35.p1.w17",35,1000,0,4,TRUE,"11",1,17,1,1.91488594017655,2383,1.73834490740741,3
"b4.t35.p1.w19",35,1000,0,4,TRUE,"1",1,19,3,1.94588555632693,2864,1.73834490740741,3
"b4.t35.p1.w2",35,1000,0,4,TRUE,"none",1,2,2,1.75671940660531,1799,1.73834490740741,3
"b4.t35.p1.w22",35,1000,0,4,TRUE,"9",1,22,1,1.80275133269508,1468,1.73834490740741,3
"b4.t35.p1.w25",35,1000,0,4,TRUE,"8",1,25,2,1.57097526906751,1465,1.73834490740741,3
"b4.t35.p1.w27",35,1000,0,4,TRUE,"13",1,27,1,1.5482379450632,1495,1.73834490740741,3
"b4.t35.p1.w3",35,1000,0,4,TRUE,"8",1,3,1,1.78046436891323,1849,1.73834490740741,3
"b4.t35.p1.w32",35,1000,0,4,TRUE,"11",1,32,2,1.91052593266253,2306,1.73834490740741,3
"b4.t35.p1.w35",35,1000,0,4,TRUE,"none",1,35,1,1.9441342117378,1731,1.73834490740741,3
"b4.t35.p1.w37",35,1000,0,4,TRUE,"11",1,37,3,2.06482443086359,2207,1.73834490740741,3
"b4.t35.p1.w38",35,1000,0,4,TRUE,"6",1,38,2,1.73847222543863,1965,1.73834490740741,3
"b4.t35.p1.w4",35,1000,0,4,TRUE,"2",1,4,3,1.91487369248079,2057,1.73834490740741,3
"b4.t35.p1.w47",35,1000,0,4,TRUE,"14",1,47,3,1.73917902496673,1863,1.73834490740741,3
"b4.t35.p1.w49",35,1000,0,4,TRUE,"12",1,49,1,1.88199579051559,2320,1.73834490740741,3
"b4.t35.p1.w5",35,1000,0,4,TRUE,"1",1,5,2,1.80609164032657,1749,1.73834490740741,3
"b4.t35.p1.w55",35,1000,0,4,TRUE,"10",1,55,3,1.80612365148727,2839,1.73834490740741,3
"b4.t35.p1.w60",35,1000,0,4,TRUE,"5",1,60,3,1.73039741032427,2727,1.73834490740741,3
"b4.t35.p1.w7",35,1000,0,4,TRUE,"6",1,7,3,1.76000221404967,2042,1.73834490740741,3
"b4.t35.p1.w8",35,1000,0,4,TRUE,"12",1,8,3,1.71529146797228,1862,1.73834490740741,3
"b4.t35.p1.w9",35,1000,0,4,TRUE,"4",1,9,2,1.75586654284894,2138,1.73834490740741,3
"b4.t35.p2.w100",35,1000,0,4,TRUE,"all",2,100,3,1.96209674016946,3190,1.7406712962963,3
"b4.t35.p2.w101",35,1000,0,4,TRUE,"3",2,101,1,1.7477115658883,2100,1.7406712962963,3
"b4.t35.p2.w103",35,1000,0,4,TRUE,"9",2,103,3,1.66117564996175,1543,1.7406712962963,3
"b4.t35.p2.w104",35,1000,0,4,TRUE,"all",2,104,2,1.75612894265132,1540,1.7406712962963,3
"b4.t35.p2.w111",35,1000,0,4,TRUE,"13",2,111,2,1.73487943472415,2108,1.7406712962963,3
"b4.t35.p2.w114",35,1000,0,4,TRUE,"10",2,114,2,1.71036688429522,1570,1.7406712962963,3
"b4.t35.p2.w115",35,1000,0,4,TRUE,"3",2,115,3,1.75622114648263,1833,1.7406712962963,3
"b4.t35.p2.w117",35,1000,0,4,TRUE,"8",2,117,3,1.70523473672173,2222,1.7406712962963,3
"b4.t35.p2.w119",35,1000,0,4,TRUE,"13",2,119,3,1.65293328746256,2162,1.7406712962963,3
"b4.t35.p2.w120",35,1000,0,4,TRUE,"10",2,120,1,1.75125312240154,2883,1.7406712962963,3
"b4.t35.p2.w62",35,1000,0,4,TRUE,"15",2,62,2,1.91599979159741,2305,1.7406712962963,3
"b4.t35.p2.w63",35,1000,0,4,TRUE,"7",2,63,2,1.71902966704397,2341,1.7406712962963,3
"b4.t35.p2.w66",35,1000,0,4,TRUE,"14",2,66,1,1.7240523664584,1966,1.7406712962963,3
"b4.t35.p2.w72",35,1000,0,4,TRUE,"15",2,72,1,1.77969414391844,2328,1.7406712962963,3
"b4.t35.p2.w73",35,1000,0,4,TRUE,"14",2,73,2,1.63741496015059,1705,1.7406712962963,3
"b4.t35.p2.w74",35,1000,0,4,TRUE,"1",2,74,1,1.65298317402006,1474,1.7406712962963,3
"b4.t35.p2.w77",35,1000,0,4,TRUE,"7",2,77,3,1.88503925063422,1708,1.7406712962963,3
"b4.t35.p2.w78",35,1000,0,4,TRUE,"15",2,78,3,1.74286984141836,2396,1.7406712962963,3
"b4.t35.p2.w79",35,1000,0,4,TRUE,"2",2,79,2,1.98160537648321,3350,1.7406712962963,3
"b4.t35.p2.w82",35,1000,0,4,TRUE,"2",2,82,1,1.80082654970632,1995,1.7406712962963,3
"b4.t35.p2.w84",35,1000,0,4,TRUE,"6",2,84,1,1.70077449981217,1827,1.7406712962963,3
"b4.t35.p2.w87",35,1000,0,4,TRUE,"5",2,87,2,1.71890484094604,2078,1.7406712962963,3
"b4.t35.p2.w88",35,1000,0,4,TRUE,"12",2,88,2,1.56233593825096,1792,1.7406712962963,3
"b4.t35.p2.w89",35,1000,0,4,TRUE,"4",2,89,3,1.78668109752202,1986,1.7406712962963,3
"b4.t35.p2.w94",35,1000,0,4,TRUE,"3",2,94,2,1.74369769554718,1733,1.7406712962963,3
"b4.t35.p2.w96",35,1000,0,4,TRUE,"5",2,96,1,1.58107747964253,1767,1.7406712962963,3
"b4.t35.p2.w97",35,1000,0,4,TRUE,"7",2,97,1,1.52990850692366,1620,1.7406712962963,3
"b4.t39.p1.w11",39,1000,0,4,TRUE,"4",1,11,1,0.238917122113141,93,2.91363425925926,3
"b4.t39.p1.w14",39,1000,0,4,TRUE,"6",1,14,2,0.536206746159631,124,1.71537037037037,3
"b4.t39.p1.w17",39,1000,0,4,TRUE,"8",1,17,1,0.374008857586401,153,2.91363425925926,4
"b4.t39.p1.w18",39,1000,0,4,TRUE,"7",1,18,1,0.585596537769675,149,1.71537037037037,3
"b4.t39.p1.w20",39,1000,0,4,TRUE,"6",1,20,3,0.559182241169991,157,1.71537037037037,3
"b4.t39.p1.w22",39,1000,0,4,TRUE,"none",1,22,2,0.528934146085937,166,1.71537037037037,3
"b4.t39.p1.w25",39,1000,0,4,TRUE,"none",1,25,1,0.465750614206708,114,1.71537037037037,3
"b4.t39.p1.w26",39,1000,0,4,TRUE,"13",1,26,1,0.818436141657807,183,1.71537037037037,3
"b4.t39.p1.w27",39,1000,0,4,TRUE,"10",1,27,1,0.929851198846596,236,1.71537037037037,3
"b4.t39.p1.w28",39,1000,0,4,TRUE,"9",1,28,3,0.644778570179459,158,1.71537037037037,3
"b4.t39.p1.w29",39,1000,0,4,TRUE,"3",1,29,3,0.584287708121972,187,1.71537037037037,3
"b4.t39.p1.w3",39,1000,0,4,TRUE,"2",1,3,1,0.522523377992344,100,1.71537037037037,3
"b4.t39.p1.w31",39,1000,0,4,TRUE,"12",1,31,3,0.4207448048662,110,1.71537037037037,3
"b4.t39.p1.w32",39,1000,0,4,TRUE,"15",1,32,2,0.683619854236392,192,1.71537037037037,3
"b4.t39.p1.w35",39,1000,0,4,TRUE,"11",1,35,3,0.915076147362873,268,1.71537037037037,3
"b4.t39.p1.w36",39,1000,0,4,TRUE,"4",1,36,3,0.518700060170334,152,1.71537037037037,3
"b4.t39.p1.w39",39,1000,0,4,TRUE,"15",1,39,3,0.718642733703558,459,1.71537037037037,3
"b4.t39.p1.w40",39,1000,0,4,TRUE,"2",1,40,2,0.756039120492759,477,1.71537037037037,3
"b4.t39.p1.w42",39,1000,0,4,TRUE,"3",1,42,1,0.631984192329528,201,1.71537037037037,3
"b4.t39.p1.w48",39,1000,0,4,TRUE,"all",1,48,1,0.762200154897298,401,1.71537037037037,3
"b4.t39.p1.w49",39,1000,0,4,TRUE,"2",1,49,3,0.904771572300039,600,1.71537037037037,3
"b4.t39.p1.w50",39,1000,0,4,TRUE,"5",1,50,2,0.504736027096339,243,1.71537037037037,3
"b4.t39.p1.w55",39,1000,0,4,TRUE,"all",1,55,3,0.642000473813326,319,1.71537037037037,3
"b4.t39.p1.w57",39,1000,0,4,TRUE,"8",1,57,2,0.534323089383296,277,2.91363425925926,4
"b4.t39.p1.w58",39,1000,0,4,TRUE,"12",1,58,2,0.576721392590755,291,2.91363425925926,4
"b4.t39.p1.w59",39,1000,0,4,TRUE,"6",1,59,1,0.34593716114364,214,1.71537037037037,3
"b4.t39.p1.w6",39,1000,0,4,TRUE,"4",1,6,2,0.46313493216919,121,1.71537037037037,3
"b4.t39.p2.w100",39,1000,0,4,TRUE,"14",2,100,2,0.558961450677996,132,1.71767361111111,3
"b4.t39.p2.w101",39,1000,0,4,TRUE,"15",2,101,1,0.402157148408118,108,1.71767361111111,3
"b4.t39.p2.w102",39,1000,0,4,TRUE,"13",2,102,2,0.284211837011253,98,1.71767361111111,3
"b4.t39.p2.w104",39,1000,0,4,TRUE,"10",2,104,2,0.411379346823504,105,1.71767361111111,3
"b4.t39.p2.w107",39,1000,0,4,TRUE,"7",2,107,2,0.547077139925066,113,1.71767361111111,3
"b4.t39.p2.w112",39,1000,0,4,TRUE,"1",2,112,2,0.632988446108329,155,1.71767361111111,3
"b4.t39.p2.w114",39,1000,0,4,TRUE,"5",2,114,3,0.453814611918218,122,1.71767361111111,3
"b4.t39.p2.w117",39,1000,0,4,TRUE,"7",2,117,3,0.362805934324441,95,1.71767361111111,3
"b4.t39.p2.w118",39,1000,0,4,TRUE,"9",2,118,2,0.756865300431503,152,1.71767361111111,3
"b4.t39.p2.w63",39,1000,0,4,TRUE,"14",2,63,1,0.654783063274901,132,1.71767361111111,3
"b4.t39.p2.w64",39,1000,0,4,TRUE,"14",2,64,3,0.269223519383961,106,2.91601851851852,4
"b4.t39.p2.w69",39,1000,0,4,TRUE,"11",2,69,2,0.742042337816127,690,1.71767361111111,3
"b4.t39.p2.w70",39,1000,0,4,TRUE,"13",2,70,3,0.712188046235308,464,1.71767361111111,3
"b4.t39.p2.w71",39,1000,0,4,TRUE,"1",2,71,1,0.681172109894061,166,1.71767361111111,3
"b4.t39.p2.w72",39,1000,0,4,TRUE,"3",2,72,2,0.666076571923779,160,1.71767361111111,3
"b4.t39.p2.w74",39,1000,0,4,TRUE,"10",2,74,3,0.724404107980239,164,1.71767361111111,3
"b4.t39.p2.w86",39,1000,0,4,TRUE,"1",2,86,3,0.644744259887617,185,1.71767361111111,3
"b4.t39.p2.w88",39,1000,0,4,TRUE,"none",2,88,3,0.508831670711945,113,1.71767361111111,3
"b4.t39.p2.w90",39,1000,0,4,TRUE,"8",2,90,3,0.421647014720927,108,1.71767361111111,3
"b4.t39.p2.w92",39,1000,0,4,TRUE,"5",2,92,1,0.620066894357207,155,1.71767361111111,3
"b4.t39.p2.w94",39,1000,0,4,TRUE,"11",2,94,1,0.650087948768209,163,1.71767361111111,3
"b4.t39.p2.w95",39,1000,0,4,TRUE,"9",2,95,1,0.817921102621524,211,1.71767361111111,3
"b4.t39.p2.w96",39,1000,0,4,TRUE,"12",2,96,1,0.577080357359996,156,1.71767361111111,3
"b4.t39.p2.w99",39,1000,0,4,TRUE,"all",2,99,2,0.653491317833424,203,1.71767361111111,3
"b4.t43.p1.w10",43,1000,0,4,TRUE,"7",1,10,2,-0.114879806477309,19,7.6616087962963,7
"b4.t43.p1.w13",43,1000,0,4,TRUE,"13",1,13,1,-0.114071411167858,19,7.6616087962963,7
"b4.t43.p1.w19",43,1000,0,4,TRUE,"8",1,19,3,-0.0953791515451571,17,7.6616087962963,7
"b4.t43.p1.w20",43,1000,0,4,TRUE,"9",1,20,3,-0.119221065755141,19,6.6571412037037,6
"b4.t43.p1.w21",43,1000,0,4,TRUE,"11",1,21,1,-0.0797530788494405,16,7.6616087962963,7
"b4.t43.p1.w23",43,1000,0,4,TRUE,"4",1,23,2,-0.175034932728267,21,6.6571412037037,6
"b4.t43.p1.w24",43,1000,0,4,TRUE,"none",1,24,2,-0.113244531446391,18,7.6616087962963,7
"b4.t43.p1.w25",43,1000,0,4,TRUE,"6",1,25,2,-0.19091981254545,22,7.6616087962963,7
"b4.t43.p1.w29",43,1000,0,4,TRUE,"none",1,29,3,-0.177486349627066,18,7.6616087962963,7
"b4.t43.p1.w36",43,1000,0,4,TRUE,"11",1,36,2,-0.177567117912189,22,7.6616087962963,7
"b4.t43.p1.w40",43,1000,0,4,TRUE,"10",1,40,1,-0.15193660048251,22,7.6616087962963,7
"b4.t43.p1.w42",43,1000,0,4,TRUE,"5",1,42,2,-0.149740884148859,22,7.6616087962963,7
"b4.t43.p1.w43",43,1000,0,4,TRUE,"12",1,43,3,-0.216895479080004,27,7.6616087962963,7
"b4.t43.p1.w44",43,1000,0,4,TRUE,"2",1,44,1,-0.232386148665245,28,7.6616087962963,7
"b4.t43.p1.w46",43,1000,0,4,TRUE,"8",1,46,2,-0.174917695239802,22,7.6616087962963,7
"b4.t43.p1.w51",43,1000,0,4,TRUE,"15",1,51,3,-0.221324382624413,27,7.6616087962963,7
"b4.t43.p1.w52",43,1000,0,4,TRUE,"all",1,52,3,-0.209296200776403,29,7.6616087962963,7
"b4.t43.p1.w53",43,1000,0,4,TRUE,"1",1,53,3,-0.224138797601603,25,7.6616087962963,7
"b4.t43.p1.w8",43,1000,0,4,TRUE,"12",1,8,1,-0.15476558636914,17,2.89825231481481,3
"b4.t43.p1.w9",43,1000,0,4,TRUE,"6",1,9,1,-0.121485673786856,19,7.6616087962963,7
"b4.t43.p2.w100",43,1000,0,4,TRUE,"all",2,100,2,-0.0736636497193794,14,5.6334375,5
"b4.t43.p2.w102",43,1000,0,4,TRUE,"13",2,102,2,0.142081647037046,12,2.90042824074074,3
"b4.t43.p2.w103",43,1000,0,4,TRUE,"2",2,103,3,0,12,2.90042824074074,3
"b4.t43.p2.w107",43,1000,0,4,TRUE,"4",2,107,1,-0.125220568498795,14,2.90042824074074,3
"b4.t43.p2.w112",43,1000,0,4,TRUE,"11",2,112,3,-0.0848988424258675,13,6.65958333333333,6
"b4.t43.p2.w115",43,1000,0,4,TRUE,"1",2,115,2,-0.0790041746409652,13,7.66391203703704,7
"b4.t43.p2.w116",43,1000,0,4,TRUE,"3",2,116,2,-0.0276123103473948,14,2.90042824074074,3
"b4.t43.p2.w117",43,1000,0,4,TRUE,"13",2,117,3,-0.0693815348640519,13,7.66391203703704,7
"b4.t43.p2.w120",43,1000,0,4,TRUE,"10",2,120,2,-0.0550405079335193,13,7.66391203703704,7
"b4.t43.p2.w61",43,1000,0,4,TRUE,"9",2,61,2,-0.0564042727205677,18,2.90042824074074,3
"b4.t43.p2.w63",43,1000,0,4,TRUE,"5",2,63,3,-0.0346236805868759,14,2.90042824074074,3
"b4.t43.p2.w64",43,1000,0,4,TRUE,"7",2,64,1,-0.0565276680850448,14,6.65958333333333,6
"b4.t43.p2.w66",43,1000,0,4,TRUE,"14",2,66,3,-0.0964475995381388,17,7.66391203703704,7
"b4.t43.p2.w71",43,1000,0,4,TRUE,"4",2,71,3,-0.16401233991974,20,7.66391203703704,7
"b4.t43.p2.w75",43,1000,0,4,TRUE,"6",2,75,3,-0.108391352655616,15,6.65958333333333,6
"b4.t43.p2.w76",43,1000,0,4,TRUE,"14",2,76,1,-0.109649771817738,15,7.66391203703704,7
"b4.t43.p2.w77",43,1000,0,4,TRUE,"12",2,77,2,-0.0659514791274601,13,7.66391203703704,7
"b4.t43.p2.w79",43,1000,0,4,TRUE,"none",2,79,1,-0.108196828353543,13,2.90042824074074,3
"b4.t43.p2.w80",43,1000,0,4,TRUE,"5",2,80,1,-0.128586460503282,15,5.6334375,5
"b4.t43.p2.w82",43,1000,0,4,TRUE,"3",2,82,3,-0.0726070037240975,14,6.65958333333333,6
"b4.t43.p2.w84",43,1000,0,4,TRUE,"2",2,84,2,-0.102088519056692,16,5.6334375,5
"b4.t43.p2.w87",43,1000,0,4,TRUE,"15",2,87,2,-0.118743515560764,16,7.66391203703704,7
"b4.t43.p2.w88",43,1000,0,4,TRUE,"3",2,88,1,-0.067649988776904,13,7.66391203703704,7
"b4.t43.p2.w89",43,1000,0,4,TRUE,"8",2,89,1,-0.0696687638597126,14,7.66391203703704,7
"b4.t43.p2.w90",43,1000,0,4,TRUE,"14",2,90,2,-0.0842086202523459,16,7.66391203703704,7
"b4.t43.p2.w92",43,1000,0,4,TRUE,"15",2,92,1,0.064226865488647,15,2.90042824074074,3
"b4.t43.p2.w95",43,1000,0,4,TRUE,"7",2,95,3,-0.0728133028774705,12,6.65958333333333,6
"b4.t43.p2.w96",43,1000,0,4,TRUE,"9",2,96,1,-0.165866775639682,14,7.66391203703704,7
"b4.t43.p2.w97",43,1000,0,4,TRUE,"all",2,97,1,0,11,2.90042824074074,3
"b4.t43.p2.w98",43,1000,0,4,TRUE,"1",2,98,1,0.0499624220638687,15,2.90042824074074,3
"b4.t43.p2.w99",43,1000,0,4,TRUE,"10",2,99,3,-0.094854672342272,16,7.66391203703704,7
"b4.t8.p1.w1",8,1000,0,4,TRUE,"12",1,1,3,-0.0435842180052494,20,3.09453703703704,3
"b4.t8.p1.w11",8,1000,0,4,TRUE,"12",1,11,2,0.0374757928643361,14,3.09453703703704,3
"b4.t8.p1.w14",8,1000,0,4,TRUE,"15",1,14,1,-0.0355334643368282,14,7.93079861111111,7
"b4.t8.p1.w15",8,1000,0,4,TRUE,"11",1,15,1,0.0757713545584007,16,3.09453703703704,3
"b4.t8.p1.w18",8,1000,0,4,TRUE,"13",1,18,2,-0.076250400139642,18,11.064224537037,8
"b4.t8.p1.w21",8,1000,0,4,TRUE,"9",1,21,3,-0.0357107624422228,18,3.09453703703704,3
"b4.t8.p1.w23",8,1000,0,4,TRUE,"all",1,23,1,0.248229657063248,522,12.9477083333333,9
"b4.t8.p1.w25",8,1000,0,4,TRUE,"none",1,25,3,-0.0450664111599755,16,14.9437731481481,11
"b4.t8.p1.w28",8,1000,0,4,TRUE,"5",1,28,2,0,13,3.09453703703704,3
"b4.t8.p1.w31",8,1000,0,4,TRUE,"6",1,31,3,-0.0277722419916783,15,3.09453703703704,3
"b4.t8.p1.w32",8,1000,0,4,TRUE,"10",1,32,3,0.247436343070187,877,15.2252777777778,12
"b4.t8.p1.w34",8,1000,0,4,TRUE,"9",1,34,2,-0.0340153129519715,16,4.00820601851852,4
"b4.t8.p1.w38",8,1000,0,4,TRUE,"6",1,38,2,-0.0323353696420355,13,3.09453703703704,3
"b4.t8.p1.w39",8,1000,0,4,TRUE,"13",1,39,3,0.0496572355015156,15,3.09453703703704,3
"b4.t8.p1.w4",8,1000,0,4,TRUE,"1",1,4,1,-0.0803505615299668,21,15.2252777777778,12
"b4.t8.p1.w41",8,1000,0,4,TRUE,"14",1,41,3,0.00990150968923885,15,3.09453703703704,3
"b4.t8.p1.w45",8,1000,0,4,TRUE,"2",1,45,1,0.234050603813152,634,13.8869444444444,10
"b4.t8.p1.w46",8,1000,0,4,TRUE,"none",1,46,2,0.0713575554319384,13,3.09453703703704,3
"b4.t8.p1.w47",8,1000,0,4,TRUE,"7",1,47,3,0.236504998015449,602,15.2252777777778,12
"b4.t8.p1.w48",8,1000,0,4,TRUE,"11",1,48,2,0.0140563222969617,16,3.09453703703704,3
"b4.t8.p1.w49",8,1000,0,4,TRUE,"14",1,49,2,0.0319332190680259,15,3.09453703703704,3
"b4.t8.p1.w5",8,1000,0,4,TRUE,"3",1,5,2,0.236538618002862,1113,15.2252777777778,12
"b4.t8.p1.w51",8,1000,0,4,TRUE,"12",1,51,1,-0.0594436258780456,16,15.2252777777778,12
"b4.t8.p1.w55",8,1000,0,4,TRUE,"all",1,55,3,0.136742658043819,444,3.09453703703704,3
"b4.t8.p1.w56",8,1000,0,4,TRUE,"15",1,56,3,0.239922058918075,640,13.8869444444444,10
"b4.t8.p1.w57",8,1000,0,4,TRUE,"1",1,57,2,0.243394952123209,664,15.2252777777778,12
"b4.t8.p1.w9",8,1000,0,4,TRUE,"9",1,9,1,-0.0434219171587477,16,13.8869444444444,10
"b4.t8.p2.w100",8,1000,0,4,TRUE,"2",2,100,2,0.0507498627946664,14,3.09667824074074,3
"b4.t8.p2.w103",8,1000,0,4,TRUE,"4",2,103,3,-0.00315563437695858,17,3.09667824074074,3
"b4.t8.p2.w104",8,1000,0,4,TRUE,"all",2,104,2,0.0697724915426333,16,3.09667824074074,3
"b4.t8.p2.w105",8,1000,0,4,TRUE,"15",2,105,2,0.256425303373153,782,12.9498726851852,9
"b4.t8.p2.w107",8,1000,0,4,TRUE,"11",2,107,3,0.0209915449679909,573,3.09667824074074,3
"b4.t8.p2.w112",8,1000,0,4,TRUE,"1",2,112,3,-0.0709135336209123,19,15.227349537037,12
"b4.t8.p2.w113",8,1000,0,4,TRUE,"8",2,113,3,-0.0331194711056238,15,4.01032407407407,4
"b4.t8.p2.w115",8,1000,0,4,TRUE,"10",2,115,2,0.26712501038554,1247,15.227349537037,12
"b4.t8.p2.w116",8,1000,0,4,TRUE,"14",2,116,1,0.214609494723394,732,15.227349537037,12
"b4.t8.p2.w117",8,1000,0,4,TRUE,"4",2,117,1,0.26035588860635,975,12.9498726851852,9
"b4.t8.p2.w120",8,1000,0,4,TRUE,"7",2,120,1,-0.0494626285201946,17,3.09667824074074,3
"b4.t8.p2.w62",8,1000,0,4,TRUE,"6",2,62,1,0.219716570777802,15,3.09667824074074,3
"b4.t8.p2.w65",8,1000,0,4,TRUE,"8",2,65,1,0.0268511084161394,1056,3.09667824074074,3
"b4.t8.p2.w66",8,1000,0,4,TRUE,"3",2,66,1,0.0951890514628014,19,3.09667824074074,3
"b4.t8.p2.w72",8,1000,0,4,TRUE,"5",2,72,3,0.0767937786379534,15,3.09667824074074,3
"b4.t8.p2.w80",8,1000,0,4,TRUE,"2",2,80,3,-0.0276190329045206,14,6.92884259259259,6
"b4.t8.p2.w82",8,1000,0,4,TRUE,"5",2,82,1,-0.0320644277953396,16,3.09667824074074,3
"b4.t8.p2.w83",8,1000,0,4,TRUE,"13",2,83,1,0.252587918211704,646,12.9498726851852,9
"b4.t8.p2.w84",8,1000,0,4,TRUE,"7",2,84,2,-0.0146426598333431,14,3.09667824074074,3
"b4.t8.p2.w89",8,1000,0,4,TRUE,"10",2,89,1,0.0150290012742228,15,3.09667824074074,3
"b4.t8.p2.w90",8,1000,0,4,TRUE,"8",2,90,2,0.0541412054263995,19,3.09667824074074,3
"b4.t8.p2.w92",8,1000,0,4,TRUE,"3",2,92,3,0.237290348500749,833,15.227349537037,12
"b4.t8.p2.w95",8,1000,0,4,TRUE,"none",2,95,1,-0.0430750580201164,16,15.227349537037,12
"b4.t8.p2.w96",8,1000,0,4,TRUE,"4",2,96,2,-0.0587681291411863,18,15.227349537037,12
