"unique.id","loglin_slope","mu","temp"
"b1.t14.p1.w1",0.790951815597548,0.750624882990206,14
"b1.t14.p1.w13",0.0783907191639627,0.166533554470617,14
"b1.t14.p1.w18",0.683529406054433,0.587238448594159,14
"b1.t14.p1.w20",0.70242590258138,0.615785083659735,14
"b1.t14.p1.w25",0.747782391974296,0.621006099708073,14
"b1.t14.p1.w26",0.690198327815082,0.606294002498509,14
"b1.t14.p1.w30",0.697654189419487,0.649109257997783,14
"b1.t14.p1.w31",0.0215601118221243,0.110091578809199,14
"b1.t14.p1.w32",0.574595498773736,0.33590948207789,14
"b1.t14.p1.w33",0.707146654837898,0.632574770756169,14
"b1.t14.p1.w34",0.741435964707436,0.629294174687719,14
"b1.t14.p1.w37",0.669941993492212,0.607553867029008,14
"b1.t14.p1.w39",0.688875712543307,0.636944385081904,14
"b1.t14.p1.w4",-0.196335848865977,0.0658858041700033,14
"b1.t14.p1.w43",0.893327422088088,0.736308559128439,14
"b1.t14.p1.w45",0.684620169658213,0.627890627324554,14
"b1.t14.p1.w46",0.720628723169612,0.642983292583976,14
"b1.t14.p1.w5",0.703943926473415,0.631188655269405,14
"b1.t14.p1.w51",0.501187282093877,0.355511628659186,14
"b1.t14.p1.w52",0.590336587106753,0.408429678669394,14
"b1.t14.p1.w53",0.72577412447166,0.627910196839198,14
"b1.t14.p1.w55",0.692533974058164,0.598237015755542,14
"b1.t14.p1.w58",0.218089728720515,0.215266661954641,14
"b1.t14.p2.w101",0.591068600575685,0.414978426232348,14
"b1.t14.p2.w102",0.804873056359446,0.710705188772177,14
"b1.t14.p2.w103",0.700272419435574,0.635383388730387,14
"b1.t14.p2.w105",0.666997856566136,0.598849725486803,14
"b1.t14.p2.w106",0.810253425323052,0.686308167704611,14
"b1.t14.p2.w110",0.699768860656158,0.693541047413085,14
"b1.t14.p2.w112",0.721740601049967,0.60512565283484,14
"b1.t14.p2.w113",0.755033285754263,0.641461399663743,14
"b1.t14.p2.w115",0.708198884823059,0.641422268143107,14
"b1.t14.p2.w116",0.74046796382238,0.659270429671876,14
"b1.t14.p2.w119",0.716623408814794,0.608077253102513,14
"b1.t14.p2.w120",0.719601384289306,0.64163644015312,14
"b1.t14.p2.w64",0.80688581730826,0.797937414334251,14
"b1.t14.p2.w65",0.764046648780581,0.714862257207768,14
"b1.t14.p2.w67",0.554878758626853,0.462387456448703,14
"b1.t14.p2.w69",0.748616190890722,0.702143604184876,14
"b1.t14.p2.w71",0.40549611005326,0.34658320940488,14
"b1.t14.p2.w74",0.795201074005627,0.672530993000839,14
"b1.t14.p2.w76",0.820355392990986,0.748179328817424,14
"b1.t14.p2.w78",0.765105082752754,0.625734145559543,14
"b1.t14.p2.w85",0.675489797364315,0.589941934638135,14
"b1.t14.p2.w86",0.745306543105452,0.663332403359938,14
"b1.t14.p2.w90",0.729509446794817,0.636792543318106,14
"b1.t14.p2.w91",0.70401261117528,0.612359577110971,14
"b1.t14.p2.w92",0.674272203656972,0.583467796844362,14
"b1.t14.p2.w93",0.712954149555832,0.634793958092515,14
"b1.t14.p2.w95",0.542129984447176,0.421889540667605,14
"b1.t14.p2.w99",0.743644092626874,0.605279602459209,14
"b1.t20.p1.w1",1.20810637524319,1.13537445161807,20
"b1.t20.p1.w12",1.140640707457,0.996258324469946,20
"b1.t20.p1.w13",1.16951726208649,1.07689202516278,20
"b1.t20.p1.w17",1.35121518913159,1.15786810586964,20
"b1.t20.p1.w18",0.623285698734304,0.481411991829093,20
"b1.t20.p1.w19",1.23309689418489,1.08936510604398,20
"b1.t20.p1.w20",1.32061335397601,1.00460644600433,20
"b1.t20.p1.w3",1.27843987263029,1.15117149543861,20
"b1.t20.p1.w30",1.19421882951147,0.892727766982363,20
"b1.t20.p1.w31",1.2627074018735,1.09879621171741,20
"b1.t20.p1.w33",1.29955848043164,1.15974828629796,20
"b1.t20.p1.w36",1.16525579004793,1.04061782653424,20
"b1.t20.p1.w37",0.755692056296532,0.598941201528133,20
"b1.t20.p1.w38",1.23588568071662,1.10891934929789,20
"b1.t20.p1.w39",1.34453512273604,1.09268009837383,20
"b1.t20.p1.w45",1.12437086099519,1.12375195843145,20
"b1.t20.p1.w47",1.30895922355754,1.06008979432841,20
"b1.t20.p1.w48",1.19393052620217,1.14989410075254,20
"b1.t20.p1.w49",1.2214177779186,1.02201712323298,20
"b1.t20.p1.w50",1.27803479842248,1.19751589277054,20
"b1.t20.p1.w51",1.24652406117639,1.15830836662803,20
"b1.t20.p1.w54",1.18483341211501,1.01739971954423,20
"b1.t20.p1.w55",1.27244527090161,1.15091632654374,20
"b1.t20.p1.w57",1.19813943878747,0.944422252818124,20
"b1.t20.p1.w58",1.18378892302007,1.05087617322983,20
"b1.t20.p1.w8",1.25725836626007,1.09945280459857,20
"b1.t20.p1.w9",1.31520120661069,1.05454026601832,20
"b1.t20.p2.w102",1.28468394107666,1.19727531301924,20
"b1.t20.p2.w106",1.28736959129656,1.17825145175914,20
"b1.t20.p2.w113",1.27802874774016,1.20929100140026,20
"b1.t20.p2.w115",0.821963630402305,0.624587633149334,20
"b1.t20.p2.w116",1.16303984873684,1.15246560890041,20
"b1.t20.p2.w117",1.30074019661515,1.11991139430486,20
"b1.t20.p2.w120",1.240980569802,1.1926149829747,20
"b1.t20.p2.w63",1.0566289800185,0.901050274260073,20
"b1.t20.p2.w64",1.34556167354702,1.22973009213951,20
"b1.t20.p2.w65",1.18840173997811,1.17109358995637,20
"b1.t20.p2.w69",1.12197774144673,1.07984733189315,20
"b1.t20.p2.w70",1.22973091614994,1.10727283865699,20
"b1.t20.p2.w71",1.12443614222671,1.02773677445494,20
"b1.t20.p2.w76",1.09694376371098,0.913307603737598,20
"b1.t20.p2.w77",1.4125353589166,1.22253184217585,20
"b1.t20.p2.w78",1.2235159599039,1.11243435226508,20
"b1.t20.p2.w80",1.32269918561825,1.21373642751803,20
"b1.t20.p2.w81",1.13605087383664,1.1561525084309,20
"b1.t20.p2.w88",1.26419227353782,1.14300535080484,20
"b1.t20.p2.w92",1.20947116098543,1.16272998698404,20
"b1.t20.p2.w93",1.16316454280568,1.12387284110328,20
"b1.t20.p2.w94",1.32068463968795,1.20793432721947,20
"b1.t20.p2.w96",0.86556070917582,0.691351523969117,20
"b1.t20.p2.w99",1.38885003299483,1.21538069966675,20
"b1.t25.p1.w1",1.64731848631809,1.25904923686829,25
"b1.t25.p1.w13",1.98965609955901,1.70595260007819,25
"b1.t25.p1.w14",1.33197259667515,1.05831510035106,25
"b1.t25.p1.w16",1.89295148523701,1.65349524349468,25
"b1.t25.p1.w18",1.95778072395715,1.70070050072699,25
"b1.t25.p1.w2",1.43795457182248,1.22458284280017,25
"b1.t25.p1.w20",1.91641473832953,1.58419317917516,25
"b1.t25.p1.w22",1.97181368741984,1.70055992237529,25
"b1.t25.p1.w26",1.25567089987087,0.972357705465758,25
"b1.t25.p1.w30",1.90443050561126,1.66054827488242,25
"b1.t25.p1.w31",2.03443127603878,1.77036878207524,25
"b1.t25.p1.w33",2.11837450371925,1.85048332641614,25
"b1.t25.p1.w34",2.18505103679307,1.83497527912588,25
"b1.t25.p1.w35",2.17018759375916,1.91247151216169,25
"b1.t25.p1.w42",1.90003845859815,1.62915976083279,25
"b1.t25.p1.w46",1.65345711980498,1.23958866285405,25
"b1.t25.p1.w47",2.00715560867987,1.74120387851223,25
"b1.t25.p1.w48",1.88700348040604,1.63808102407073,25
"b1.t25.p1.w51",2.08243514287851,1.81261306171675,25
"b1.t25.p1.w53",2.05876549622437,1.81783982551777,25
"b1.t25.p1.w54",2.09253770487723,1.81292444298997,25
"b1.t25.p1.w55",2.12105327817164,1.82483542315892,25
"b1.t25.p1.w58",2.06471064326081,1.81432746079927,25
"b1.t25.p1.w60",2.13276919513581,1.85828807108399,25
"b1.t25.p1.w8",1.98220616118207,1.74711787601185,25
"b1.t25.p1.w9",1.88577594911292,1.66792244755919,25
"b1.t25.p2.w101",1.91507701762704,1.68345597376269,25
"b1.t25.p2.w103",1.81498827467626,1.58065829353938,25
"b1.t25.p2.w105",2.04667922350667,1.77118589926084,25
"b1.t25.p2.w106",1.8245049381345,1.60397690332811,25
"b1.t25.p2.w114",2.03579608198471,1.75707687544334,25
"b1.t25.p2.w118",1.9194672603348,1.62376650915564,25
"b1.t25.p2.w120",1.74515505381974,1.5052718915294,25
"b1.t25.p2.w61",2.01960982782515,1.76677859738873,25
"b1.t25.p2.w64",2.21876093501694,1.87979503047173,25
"b1.t25.p2.w67",1.78274432917619,1.57033315723641,25
"b1.t25.p2.w72",2.16111959809603,1.85998354660127,25
"b1.t25.p2.w74",2.11003133345951,1.82306941971204,25
"b1.t25.p2.w80",2.13950186144557,1.77455726902155,25
"b1.t25.p2.w81",1.88575472146834,1.41011460750252,25
"b1.t25.p2.w82",2.01666613568661,1.74439169580278,25
"b1.t25.p2.w84",1.96298446490989,1.66596595143088,25
"b1.t25.p2.w89",1.97999972678983,1.71196839121164,25
"b1.t25.p2.w90",1.86643270946354,1.63647714124277,25
"b1.t25.p2.w91",2.01448829626985,1.77780648939771,25
"b1.t25.p2.w92",1.7578097469015,1.32201223530913,25
"b1.t25.p2.w93",2.05408469308433,1.52597400441424,25
"b1.t25.p2.w94",1.95186494031201,1.70035107018044,25
"b1.t25.p2.w98",1.85277924124565,1.59530939169399,25
"b1.t25.p2.w99",1.60222500013082,1.21545778113363,25
"b1.t30.p1.w1",-0.0870342582747358,-0.142866686560503,30
"b1.t30.p1.w10",0.235459708413646,0.235188409824806,30
"b1.t30.p1.w11",0.767979316082414,0.772665500760879,30
"b1.t30.p1.w13",0.565085435580201,0.608775244476181,30
"b1.t30.p1.w16",0.741456826445198,0.729497333047132,30
"b1.t30.p1.w18",1.78501070866644,1.72900876924861,30
"b1.t30.p1.w19",0.334592698027443,0.31853948941246,30
"b1.t30.p1.w20",1.50729970858573,1.49457225217479,30
"b1.t30.p1.w21",0.322441999874282,0.355096788332061,30
"b1.t30.p1.w23",0.0567519602692469,0.11857181699654,30
"b1.t30.p1.w24",0.648686365460227,0.623063749925343,30
"b1.t30.p1.w25",0.00399930837059033,0.0873922071049934,30
"b1.t30.p1.w26",1.76294072669344,1.76101163963388,30
"b1.t30.p1.w28",0.938261347922805,0.945313115684755,30
"b1.t30.p1.w29",-0.139260538422687,-0.154795347787897,30
"b1.t30.p1.w30",1.79398140363719,1.76433095716905,30
"b1.t30.p1.w31",0.104506433207101,0.0241925550010571,30
"b1.t30.p1.w32",0.147599196241712,0.199953818162412,30
"b1.t30.p1.w33",0.537578799608216,0.249869603001991,30
"b1.t30.p1.w34",0.298214694216503,0.278339776691694,30
"b1.t30.p1.w36",0.478358448156145,0.190592285898974,30
"b1.t30.p1.w37",1.11995079125979,1.08414478506867,30
"b1.t30.p1.w39",0.400071288719098,0.406422065990308,30
"b1.t30.p1.w4",0.873992082597213,0.857941913568222,30
"b1.t30.p1.w40",0.185854456726129,0.279623257339633,30
"b1.t30.p1.w43",-0.115513238619516,-0.133847391779387,30
"b1.t30.p1.w44",1.1824444400718,1.12853585353775,30
"b1.t30.p1.w45",0.129215075571355,0.165942422576036,30
"b1.t30.p1.w46",0.934126113290974,0.942457287542299,30
"b1.t30.p1.w49",0.226271396578855,0.198551389122807,30
"b1.t30.p1.w50",0.720556469617583,0.747941674356222,30
"b1.t30.p1.w51",-0.160257244256262,-0.158133128873772,30
"b1.t30.p1.w52",0.914310069551271,0.917416264064378,30
"b1.t30.p1.w55",-0.12379618919356,-0.0791144445546251,30
"b1.t30.p1.w6",-0.045169448360645,-0.076052839739217,30
"b1.t30.p1.w60",0.9103283004299,0.892891049744567,30
"b1.t30.p1.w9",1.03354007008754,1.03847448965087,30
"b1.t30.p10.w542",0.63822850747208,0.344113002665675,30
"b1.t30.p10.w543",1.46366324905249,1.10404584821748,30
"b1.t30.p10.w544",0.490544592936617,0.300676953587008,30
"b1.t30.p10.w545",-0.101789396119859,-0.183474769162161,30
"b1.t30.p10.w546",0.121655826435042,0.0598920283280802,30
"b1.t30.p10.w548",0.529918999534341,0.282741287593319,30
"b1.t30.p10.w549",2.40762550360681,1.43748582590125,30
"b1.t30.p10.w550",-0.114861052036669,-0.148363989841538,30
"b1.t30.p10.w558",2.85669228626086,1.76053702843528,30
"b1.t30.p10.w559",0.743516687987268,0.595367664548061,30
"b1.t30.p10.w560",1.45911112254215,1.20528400710076,30
"b1.t30.p10.w563",-0.235984637874467,-0.0925908040471962,30
"b1.t30.p10.w564",0.170326146683362,0.125789962677641,30
"b1.t30.p10.w565",0.271419508218417,0.0991111041446193,30
"b1.t30.p10.w566",1.14640229197524,0.76601273171245,30
"b1.t30.p10.w570",1.96396588800409,1.5967810137497,30
"b1.t30.p10.w572",2.01419509441256,1.69932216081087,30
"b1.t30.p10.w574",0.688153088541959,0.551403242297138,30
"b1.t30.p10.w576",0.995633230113463,0.583722610292077,30
"b1.t30.p10.w578",0.537729216363167,0.391198852949869,30
"b1.t30.p10.w579",0.815840001997648,0.525519670108846,30
"b1.t30.p10.w580",0.193871272276892,0.143317365566425,30
"b1.t30.p10.w582",0.859826399185026,0.68404554316019,30
"b1.t30.p10.w583",0.507046928746092,0.254341255714317,30
"b1.t30.p10.w587",0.673642902004753,0.386451860064032,30
"b1.t30.p10.w590",-0.02255041513911,0.0134840838865061,30
"b1.t30.p10.w591",1.3657661888148,1.08289787431334,30
"b1.t30.p10.w592",2.85687206623692,1.67121387922742,30
"b1.t30.p10.w594",0.814801107127018,0.606110223426676,30
"b1.t30.p10.w595",1.91507586660646,1.58110483565469,30
"b1.t30.p10.w596",1.06775014056429,0.823541573493092,30
"b1.t30.p10.w600",1.13633062900614,0.796207895495012,30
"b1.t30.p11.w601",1.46384341773198,1.143549002067,30
"b1.t30.p11.w602",1.18080132860728,0.899717989870509,30
"b1.t30.p11.w603",-0.0344369336889573,0.0460287961631187,30
"b1.t30.p11.w604",1.70508184049305,1.26722791904935,30
"b1.t30.p11.w605",1.08925817033624,0.842231437988712,30
"b1.t30.p11.w606",0.196735803316609,0.0605653740853755,30
"b1.t30.p11.w607",1.49335936459488,1.06219669260564,30
"b1.t30.p11.w608",0.292871604000099,0.141254509185214,30
"b1.t30.p11.w609",1.97460459524051,1.6360558928401,30
"b1.t30.p11.w615",1.83242326158241,1.53800686607746,30
"b1.t30.p11.w616",2.06639593032519,1.68428902796148,30
"b1.t30.p11.w617",0.96193808885569,0.684409638506924,30
"b1.t30.p11.w618",0.682972401502604,0.476768984325056,30
"b1.t30.p11.w619",0.353493969603593,0.201653711833084,30
"b1.t30.p11.w620",0.163418370208013,0.0677285814914402,30
"b1.t30.p11.w621",0.761970465347049,0.421283900250952,30
"b1.t30.p11.w626",0.550756784718842,0.3060463020932,30
"b1.t30.p11.w627",0.498714847925198,0.378191228272203,30
"b1.t30.p11.w628",1.7823499487397,1.32199170027615,30
"b1.t30.p11.w630",1.98144870505139,1.6579866997916,30
"b1.t30.p11.w633",0.580555223359906,0.338460462282839,30
"b1.t30.p11.w634",0.523999995456176,0.29830840563996,30
"b1.t30.p11.w636",1.99821118002091,1.58677000598237,30
"b1.t30.p11.w640",-0.123590423312769,-0.0720729028860259,30
"b1.t30.p11.w642",-0.0670170259821109,-0.104944950606233,30
"b1.t30.p11.w643",-0.43892883884797,-0.103576065545962,30
"b1.t30.p11.w644",-0.374710047449145,-0.0994320193186073,30
"b1.t30.p11.w645",0.240996009130113,0.145333081902804,30
"b1.t30.p11.w647",-0.470654952826172,-0.143290601450925,30
"b1.t30.p11.w648",0.65919448391534,0.385546786974827,30
"b1.t30.p11.w653",0.571960089283706,0.308703864759427,30
"b1.t30.p11.w654",-0.108413748361304,-0.150380227330411,30
"b1.t30.p11.w657",1.49990517764587,1.08233349574344,30
"b1.t30.p11.w658",2.66797302686331,1.59298824652758,30
"b1.t30.p11.w659",0.257589376637246,0.127710234506503,30
"b1.t30.p12.w664",-0.438237616172356,-0.133564155884207,30
"b1.t30.p12.w665",0.73306697506984,0.404801371365573,30
"b1.t30.p12.w672",0.136146191402977,0.111239192804231,30
"b1.t30.p12.w674",0.529896669818954,0.344608414876627,30
"b1.t30.p12.w675",0.985183073023754,0.575225382778847,30
"b1.t30.p12.w677",0.832013013562708,0.487552890432226,30
"b1.t30.p12.w684",0.780440305985452,0.482621652668397,30
"b1.t30.p12.w685",1.80935682912591,1.1884700228373,30
"b1.t30.p12.w690",-0.0899906888846107,-0.110540077822093,30
"b1.t30.p12.w691",0.410952029705445,0.204492408162662,30
"b1.t30.p12.w692",1.53863788522149,0.924943629560361,30
"b1.t30.p12.w696",-0.0300421734359276,-0.0218612333269171,30
"b1.t30.p12.w698",1.41954615907508,1.04138529107296,30
"b1.t30.p12.w699",0.263495841684873,0.152804263188319,30
"b1.t30.p12.w702",1.44798831855191,1.12135963826556,30
"b1.t30.p12.w703",1.52264337166393,1.26952215104434,30
"b1.t30.p12.w705",0.37748001609148,0.19297301236482,30
"b1.t30.p12.w709",-0.0934389817110292,-0.142450087624854,30
"b1.t30.p12.w713",0.736633879418908,0.424214839325205,30
"b1.t30.p12.w714",0.145970372386111,-0.00325159358215282,30
"b1.t30.p12.w716",0.293485544258208,0.182215146225801,30
"b1.t30.p12.w717",0.554982686527996,0.363191516632765,30
"b1.t30.p12.w720",-0.349654147241915,-0.118065515271808,30
"b1.t30.p13.w721",-0.176589360067699,-0.0506259260480992,30
"b1.t30.p13.w722",-0.157359978240134,-0.191090427671813,30
"b1.t30.p13.w723",1.40891584081927,0.821442161943807,30
"b1.t30.p13.w724",0.67879681281763,0.348433812043506,30
"b1.t30.p13.w727",0.501827969359348,0.418331710290658,30
"b1.t30.p13.w728",1.24638199293516,0.926741267706541,30
"b1.t30.p13.w729",1.7190991748768,1.37689880949187,30
"b1.t30.p13.w733",-0.433412555554029,-0.142409383817477,30
"b1.t30.p13.w738",2.3963951674296,1.39850292591578,30
"b1.t30.p13.w739",1.61241294473084,1.04351168268002,30
"b1.t30.p13.w741",-0.24508875500935,-0.0484301472267081,30
"b1.t30.p13.w742",-0.115389706795822,-0.190713261389335,30
"b1.t30.p13.w749",0.123703825031223,0.0619245920473889,30
"b1.t30.p13.w750",-0.0860181700791355,-0.0304314756834517,30
"b1.t30.p13.w751",-0.237932468970339,0.0059510055023945,30
"b1.t30.p13.w756",0.012657199098006,-0.0879378646278618,30
"b1.t30.p13.w757",-0.0322087142383646,-0.04202774917206,30
"b1.t30.p13.w761",0.190355727084555,0.10982323424046,30
"b1.t30.p13.w763",0.530094457439485,0.322318547063456,30
"b1.t30.p13.w766",0.136267933278288,0.0304806662684693,30
"b1.t30.p13.w771",0.647049740307022,0.342201869113827,30
"b1.t30.p13.w772",-0.140181288991964,-0.220152410670595,30
"b1.t30.p13.w775",2.02283914868998,1.19338986680353,30
"b1.t30.p13.w779",-0.149998702245172,-0.207412841392261,30
"b1.t30.p14.w783",0.192124604162754,0.156240023303233,30
"b1.t30.p14.w785",-0.128608875917127,-0.184742247348905,30
"b1.t30.p14.w787",2.4446974710666,1.60748571721244,30
"b1.t30.p14.w789",1.59824223615441,1.35544106555563,30
"b1.t30.p14.w790",1.83477526273087,1.55164411828406,30
"b1.t30.p14.w793",0.664001332914879,0.407864988605057,30
"b1.t30.p14.w794",0.707191237626689,0.502559193974179,30
"b1.t30.p14.w796",2.16963197342425,1.29475157749263,30
"b1.t30.p14.w799",1.50230524912591,0.907165321033864,30
"b1.t30.p14.w800",0.0533739000021817,-0.0145176137386494,30
"b1.t30.p14.w801",0.573220007243373,0.290796766525322,30
"b1.t30.p14.w802",-0.261728491469938,-0.0174307250078089,30
"b1.t30.p14.w806",1.80708247794974,1.5408857759803,30
"b1.t30.p14.w807",-0.0878562414441387,-0.0318567365787544,30
"b1.t30.p14.w808",0.43374118859139,0.218028248826722,30
"b1.t30.p14.w810",-0.315043513561467,-0.0998545492816495,30
"b1.t30.p14.w812",0.163549334343726,0.110330511175562,30
"b1.t30.p14.w813",1.95240431076582,1.1848134564615,30
"b1.t30.p14.w815",0.0852333021618077,0.00507940950836196,30
"b1.t30.p14.w816",0.0584897493822759,0.0165999775444299,30
"b1.t30.p14.w818",0.435147669502793,0.190419176628022,30
"b1.t30.p14.w819",-0.148770858918526,-0.0372941022028264,30
"b1.t30.p14.w822",0.73052242090879,0.403923858613806,30
"b1.t30.p14.w824",0.851593431591113,0.518905857056719,30
"b1.t30.p14.w827",0.825320442906447,0.493935747831524,30
"b1.t30.p14.w828",0.987894060451259,0.61207073857604,30
"b1.t30.p14.w829",-0.104701637589272,-0.11662769131446,30
"b1.t30.p14.w830",1.69771008384789,1.28304425358871,30
"b1.t30.p14.w831",0.419940155389796,0.235424689456505,30
"b1.t30.p14.w832",-0.446434527827001,-0.137345988195055,30
"b1.t30.p15.w841",0.246253287115728,0.187483428492138,30
"b1.t30.p15.w842",2.76527830532117,1.82542066999389,30
"b1.t30.p15.w844",0.514287586924639,0.292896634911531,30
"b1.t30.p15.w845",1.82405015685733,1.04505222361223,30
"b1.t30.p15.w846",1.34076360119755,0.666545564181205,30
"b1.t30.p15.w848",2.05186770486273,1.55301198194464,30
"b1.t30.p15.w849",1.13550573378765,0.594496210002712,30
"b1.t30.p15.w851",-0.589282414275765,-0.177223281256632,30
"b1.t30.p15.w852",0.42247968145691,0.19682243591384,30
"b1.t30.p15.w853",0.567733271267884,0.395910434882011,30
"b1.t30.p15.w854",1.81820747410335,1.50469485600958,30
"b1.t30.p15.w855",2.08736660526862,1.21509362478108,30
"b1.t30.p15.w859",0.046130903820709,-0.0027180573167872,30
"b1.t30.p15.w860",2.05493968012361,1.22294373137066,30
"b1.t30.p15.w862",1.62194631324037,0.943039532413221,30
"b1.t30.p15.w864",-0.302928416452866,-0.0336906018358236,30
"b1.t30.p15.w868",0.68727684379194,0.425650949111644,30
"b1.t30.p15.w869",0.0413779611035182,-0.0502145574238781,30
"b1.t30.p15.w870",1.74866130085048,1.02230219288741,30
"b1.t30.p15.w871",1.61968150658145,0.948853408138508,30
"b1.t30.p15.w872",-0.446494077714794,-0.136999632501843,30
"b1.t30.p15.w876",0.687205399812658,0.382641918761017,30
"b1.t30.p15.w877",1.00518194846503,0.634374997605743,30
"b1.t30.p15.w879",-0.302912948598011,-0.03369061930374,30
"b1.t30.p15.w881",-0.305701123548709,-0.103830709179756,30
"b1.t30.p15.w882",0.691448254034276,0.35827822292278,30
"b1.t30.p15.w884",1.00563849728937,0.601245536800848,30
"b1.t30.p15.w885",1.13913524963951,0.840226533191132,30
"b1.t30.p15.w889",0.449562709121243,0.288636488833016,30
"b1.t30.p15.w890",-0.0672977415352436,-0.0754911057919875,30
"b1.t30.p15.w894",0.527854851461862,0.25833134685472,30
"b1.t30.p15.w895",1.44464870353785,0.838552938775839,30
"b1.t30.p15.w896",0.0505065858872409,-0.0453059776117991,30
"b1.t30.p15.w898",0.784542475336646,0.40285724325273,30
"b1.t30.p15.w899",-0.153300651597388,-0.187918444234634,30
"b1.t30.p15.w900",0.302261888733413,0.205827162616165,30
"b1.t30.p16.w904",2.38558559366247,1.55967490875136,30
"b1.t30.p16.w906",0.955453942207293,0.534104874688961,30
"b1.t30.p16.w907",0.00821957263021913,-0.0454980293242624,30
"b1.t30.p16.w911",0.643349272985861,0.428652665363617,30
"b1.t30.p16.w913",2.42652279565809,1.60297355557144,30
"b1.t30.p16.w914",-0.108648869543116,-0.137153942520665,30
"b1.t30.p16.w915",-0.0795807427170247,-0.150244865436956,30
"b1.t30.p16.w916",0.204163527580588,0.0671039642342977,30
"b1.t30.p16.w917",2.15465045875363,1.6189381771623,30
"b1.t30.p16.w918",0.82886584470856,0.468950462912698,30
"b1.t30.p16.w919",-0.0575763092461502,-0.126749566018358,30
"b1.t30.p16.w924",0.200616109634126,0.0677678955717389,30
"b1.t30.p16.w925",2.07010798680354,1.5760596718671,30
"b1.t30.p16.w927",0.660481365697303,0.276690935601356,30
"b1.t30.p16.w928",0.690671558473837,0.329454194149919,30
"b1.t30.p16.w929",0.5001326682151,0.207887868443895,30
"b1.t30.p16.w930",1.8865477325849,1.43141727172733,30
"b1.t30.p16.w931",-0.129084287872556,-0.262137149868741,30
"b1.t30.p16.w933",1.62971275369277,0.929232944474333,30
"b1.t30.p16.w936",-0.112851004093385,-0.142741511039363,30
"b1.t30.p16.w937",-0.10557498087071,-0.163091191162208,30
"b1.t30.p16.w939",0.848798450433323,0.48460641599451,30
"b1.t30.p16.w940",1.57020258386866,1.01145068316455,30
"b1.t30.p16.w942",-0.357432268998531,-0.118216557029951,30
"b1.t30.p16.w943",-0.0181432660490987,0.0227008699901994,30
"b1.t30.p16.w944",0.572772872707436,0.254496724388607,30
"b1.t30.p16.w945",-0.312335843655932,-0.0155141928136431,30
"b1.t30.p16.w946",2.16969568319564,1.24933321809634,30
"b1.t30.p16.w948",1.83460152219509,1.06865996812447,30
"b1.t30.p16.w950",1.39543167264719,0.78556697461042,30
"b1.t30.p16.w957",2.23340510054055,1.47401211045187,30
"b1.t30.p16.w959",0.284161825675099,0.149957495141435,30
"b1.t30.p17.w1000",1.36243662686412,0.7861513057567,30
"b1.t30.p17.w1001",1.546196016971,1.27567994754703,30
"b1.t30.p17.w1008",0.695151831436797,0.480824867774453,30
"b1.t30.p17.w1010",0.255325984349073,0.166597370031372,30
"b1.t30.p17.w1011",0.85541764983741,0.474559133160693,30
"b1.t30.p17.w1014",-0.0468328731975875,-0.0740478890144967,30
"b1.t30.p17.w1020",0.431083942208206,0.254346449760527,30
"b1.t30.p17.w961",-0.332666051037154,-0.109472965192474,30
"b1.t30.p17.w962",1.07576872202334,0.596156628678171,30
"b1.t30.p17.w963",0.167634021950253,0.0667833321366864,30
"b1.t30.p17.w967",1.62967230294338,0.961812564597896,30
"b1.t30.p17.w970",0.138069413865508,0.0420265493527761,30
"b1.t30.p17.w971",0.140868666141289,0.0374461179192471,30
"b1.t30.p17.w974",1.36603966709928,0.775200438761736,30
"b1.t30.p17.w977",0.326374594049502,0.145274472388143,30
"b1.t30.p17.w979",0.539861290525258,0.25107663476296,30
"b1.t30.p17.w980",0.902135076536571,0.484041464132265,30
"b1.t30.p17.w981",0.0383897946244458,-0.0433163839766446,30
"b1.t30.p17.w983",0.0729029535575627,0.0757576767832801,30
"b1.t30.p17.w984",1.5703029543265,0.901894055359356,30
"b1.t30.p17.w985",2.10727380930184,1.2049097063818,30
"b1.t30.p17.w987",0.338788679148042,0.197573136867635,30
"b1.t30.p17.w988",1.61869397650904,0.913140090298338,30
"b1.t30.p17.w991",0.878900431217703,0.512021143827344,30
"b1.t30.p17.w992",1.64884731295248,0.941585786924167,30
"b1.t30.p17.w995",1.12533125491972,0.560357303745432,30
"b1.t30.p17.w996",0.445615978806095,0.333076044487192,30
"b1.t30.p17.w997",0.915522516940472,0.655150948372808,30
"b1.t30.p17.w998",0.28653879952339,0.165298568208219,30
"b1.t30.p18.w1024",0.759415874581438,0.422478049184255,30
"b1.t30.p18.w1026",1.53536085533803,0.858824007718699,30
"b1.t30.p18.w1027",2.1267312767247,1.1593579111815,30
"b1.t30.p18.w1028",-0.101886017595132,-0.172976780119749,30
"b1.t30.p18.w1030",1.05950938270373,0.590081072556134,30
"b1.t30.p18.w1031",0.586259758714035,0.303872908654463,30
"b1.t30.p18.w1032",-0.109315135693603,-0.107025023098256,30
"b1.t30.p18.w1034",-0.172247036346947,-0.185319489725265,30
"b1.t30.p18.w1037",1.84243958158083,1.169253454715,30
"b1.t30.p18.w1038",0.277317186149415,0.129845074811516,30
"b1.t30.p18.w1039",-0.038817440787925,-0.0881533413248198,30
"b1.t30.p18.w1041",-0.149288836952141,-0.153285897346163,30
"b1.t30.p18.w1042",-0.15246742655723,-0.22694872108079,30
"b1.t30.p18.w1044",0.325379741407301,0.138290385128711,30
"b1.t30.p18.w1045",1.94700049794478,0.724061641668604,30
"b1.t30.p18.w1047",0.8121804555398,0.422381409395828,30
"b1.t30.p18.w1050",1.38879269557591,0.762636039669484,30
"b1.t30.p18.w1052",2.38244275946504,1.53895272077045,30
"b1.t30.p18.w1053",2.39328571375529,1.52863463831662,30
"b1.t30.p18.w1055",1.4115778255808,0.795484196051814,30
"b1.t30.p18.w1056",-0.211854647144427,-0.0843312791042114,30
"b1.t30.p18.w1060",1.39438552693127,0.782753951533107,30
"b1.t30.p18.w1061",0.123024589069064,0.0313597754197596,30
"b1.t30.p18.w1062",0.881565293429762,0.411626055007707,30
"b1.t30.p18.w1066",0.5660169329824,0.321807762943256,30
"b1.t30.p18.w1068",0.0259563429162317,0.00452716006359627,30
"b1.t30.p18.w1070",-0.0349213395675618,-0.0894126984724652,30
"b1.t30.p18.w1071",1.73792774954408,1.11833969236233,30
"b1.t30.p18.w1072",2.08824946289095,1.1638139206551,30
"b1.t30.p18.w1074",-0.09139321788188,-0.0104997652864542,30
"b1.t30.p18.w1075",0.470473521639891,0.246580050224914,30
"b1.t30.p18.w1076",-0.152986500842648,-0.179100512471701,30
"b1.t30.p18.w1077",-0.113688766352338,-0.133731492028297,30
"b1.t30.p18.w1079",0.688350463617873,0.404333925152338,30
"b1.t30.p18.w1080",2.5303233589302,1.68492132945302,30
"b1.t30.p19.w1082",0.30092192880561,0.242380984250238,30
"b1.t30.p19.w1084",2.41076988569518,1.60719716821125,30
"b1.t30.p19.w1087",2.9902920647996,1.68989277088548,30
"b1.t30.p19.w1088",0.281964630936916,0.117872222940135,30
"b1.t30.p19.w1089",1.02882310482214,0.595418807840001,30
"b1.t30.p19.w1093",-0.144805699508097,-0.187837346074502,30
"b1.t30.p19.w1094",2.04688798365837,1.52246813493961,30
"b1.t30.p19.w1095",2.3724803946039,1.56028122716236,30
"b1.t30.p19.w1097",-0.120964205831528,-0.199995412710021,30
"b1.t30.p19.w1100",-0.0932866050236767,-0.101573358258859,30
"b1.t30.p19.w1105",1.64574743916501,1.0534897334235,30
"b1.t30.p19.w1107",1.54481784427823,0.877320685591233,30
"b1.t30.p19.w1108",1.22193645805084,0.710477063362291,30
"b1.t30.p19.w1110",-0.131661455614544,-0.217172636215923,30
"b1.t30.p19.w1112",2.59144375357773,1.75576622114627,30
"b1.t30.p19.w1114",0.631563090395478,0.339213609189345,30
"b1.t30.p19.w1121",0.320473824620327,0.162107899578894,30
"b1.t30.p19.w1126",-0.113841134596427,-0.19866586810842,30
"b1.t30.p19.w1127",1.60512257265253,0.916684070158831,30
"b1.t30.p19.w1128",0.92381629640807,0.669784184090966,30
"b1.t30.p19.w1131",1.42043859987881,0.782357711701725,30
"b1.t30.p19.w1132",0.8764825117793,0.470102416878524,30
"b1.t30.p19.w1133",-0.0435130007793729,-0.0746951475642302,30
"b1.t30.p19.w1134",2.4677989612307,1.60374823379929,30
"b1.t30.p19.w1135",0.0216172276763121,0.0473613275899372,30
"b1.t30.p19.w1136",0.418177278098872,0.240482077559221,30
"b1.t30.p19.w1137",1.90173506107833,1.07731226438774,30
"b1.t30.p2.w101",1.38592857711464,1.32617119510842,30
"b1.t30.p2.w102",1.63252867536458,1.56782082259684,30
"b1.t30.p2.w103",1.86298381785129,1.76073695411655,30
"b1.t30.p2.w106",1.21413041346599,1.1046259044221,30
"b1.t30.p2.w111",1.31108573519698,1.21179524399161,30
"b1.t30.p2.w112",-0.0512352376403155,-0.0647175445386168,30
"b1.t30.p2.w113",2.77101659792823,1.86603281852511,30
"b1.t30.p2.w117",0.615709164775708,0.590788540237964,30
"b1.t30.p2.w118",1.45012639961766,1.44699834436688,30
"b1.t30.p2.w119",0.351537983606432,0.205348047160569,30
"b1.t30.p2.w62",0.489995335615411,0.34268548956742,30
"b1.t30.p2.w63",0.429304848112956,0.191361600928087,30
"b1.t30.p2.w64",-0.038094341826176,-0.0547240851608908,30
"b1.t30.p2.w66",0.0524319506274049,0.02050791961655,30
"b1.t30.p2.w68",1.61520898685186,1.5977625247957,30
"b1.t30.p2.w69",1.10029298665562,1.07639471368892,30
"b1.t30.p2.w70",-0.113741740785935,-0.186319882191043,30
"b1.t30.p2.w72",0.364475509237749,0.220605754276875,30
"b1.t30.p2.w75",-0.0443159210442458,-0.119248034248739,30
"b1.t30.p2.w76",1.45659835410307,1.37388072174939,30
"b1.t30.p2.w81",1.77253786317131,1.65383591417276,30
"b1.t30.p2.w82",0.463593849067616,0.26278529197124,30
"b1.t30.p2.w83",2.09642993960562,1.95587186712439,30
"b1.t30.p2.w84",1.60593939361363,1.49676032128521,30
"b1.t30.p2.w87",0.759927310523382,0.715525094559622,30
"b1.t30.p2.w88",0.137763216511932,0.311341636645586,30
"b1.t30.p2.w90",-0.496834454756406,-0.165922540366361,30
"b1.t30.p2.w91",0.39701377259875,0.456880870524272,30
"b1.t30.p2.w92",1.84485843398287,1.69786794618834,30
"b1.t30.p2.w93",1.46003353658736,1.38291042807958,30
"b1.t30.p2.w95",-0.15711568289017,-0.18282831953225,30
"b1.t30.p2.w97",0.295417516510737,0.194253585045164,30
"b1.t30.p2.w98",-0.0788898771935538,0.0325678615950916,30
"b1.t30.p2.w99",0.540458157365712,0.572601461702918,30
"b1.t30.p20.w1141",0.517705997751228,0.249814502048305,30
"b1.t30.p20.w1143",-0.133075136029933,-0.151768207061831,30
"b1.t30.p20.w1144",2.2513025427453,1.22188542546075,30
"b1.t30.p20.w1145",0.226913134637885,0.156083720202508,30
"b1.t30.p20.w1146",-0.0160341518830004,-0.0586087842058237,30
"b1.t30.p20.w1152",1.47939047177693,0.831156735738755,30
"b1.t30.p20.w1156",-0.12912058211378,-0.129549392020282,30
"b1.t30.p20.w1160",0.384696814575129,0.24631006119214,30
"b1.t30.p20.w1162",0.2613798535611,0.14230684632388,30
"b1.t30.p20.w1164",0.12355695048854,0.0458789165113535,30
"b1.t30.p20.w1166",-0.133903430784535,-0.188796449004082,30
"b1.t30.p20.w1169",-0.0971275305885732,-0.0214886559778326,30
"b1.t30.p20.w1170",-0.00237029887516252,-0.0651761555808294,30
"b1.t30.p20.w1172",0.357954952404351,0.133298304623309,30
"b1.t30.p20.w1173",-0.113083985058533,-0.161539953042038,30
"b1.t30.p20.w1174",2.53321357588878,1.6498595699017,30
"b1.t30.p20.w1175",-0.12511706479083,-0.196769401234206,30
"b1.t30.p20.w1178",2.75075854577091,1.80801472319216,30
"b1.t30.p20.w1184",0.148527057753354,0.0105780910081493,30
"b1.t30.p20.w1187",0.546944140091275,0.318234420202686,30
"b1.t30.p20.w1192",0.185354586669638,0.104118617249306,30
"b1.t30.p20.w1194",1.0669838912769,0.578762266995962,30
"b1.t30.p20.w1195",1.82797780507838,1.01970600309121,30
"b1.t30.p21.w1203",0.30375167696725,0.169158196806587,30
"b1.t30.p21.w1204",0.246452416761714,0.0958029856470314,30
"b1.t30.p21.w1205",1.22327202872764,0.683761447568471,30
"b1.t30.p21.w1206",0.954308067315549,0.640332412630181,30
"b1.t30.p21.w1208",0.742566737650411,0.385946692795273,30
"b1.t30.p21.w1209",-0.067615850402081,-0.116180303694578,30
"b1.t30.p21.w1210",-0.0955574188960031,-0.17423418553715,30
"b1.t30.p21.w1211",0.893842247380827,0.567596823278446,30
"b1.t30.p21.w1213",2.38449318069742,1.57434345696041,30
"b1.t30.p21.w1218",1.54506580135217,0.891117835526428,30
"b1.t30.p21.w1219",-0.137870903275135,-0.178988837170167,30
"b1.t30.p21.w1221",1.05681797653078,0.57518199133989,30
"b1.t30.p21.w1223",2.64634285013714,1.71731816078708,30
"b1.t30.p21.w1224",2.32373688632351,1.5139611333107,30
"b1.t30.p21.w1229",2.46295903232183,1.36081232212007,30
"b1.t30.p21.w1230",0.180636398331513,0.103014350607093,30
"b1.t30.p21.w1232",1.83122439946492,1.20365743626776,30
"b1.t30.p21.w1238",1.05572925154766,0.616283205812326,30
"b1.t30.p21.w1241",0.044516891326125,-0.00495695858757765,30
"b1.t30.p21.w1242",2.08595930948905,1.18638427259828,30
"b1.t30.p21.w1249",1.51473690664708,0.934510719279201,30
"b1.t30.p21.w1254",1.30146165849989,0.7695005938069,30
"b1.t30.p21.w1257",2.55242037255497,1.65079187926242,30
"b1.t30.p21.w1258",0.0583162624237231,0.10418204354762,30
"b1.t30.p21.w1259",0.837065437532938,0.475694398106212,30
"b1.t30.p22.w1264",-0.149653583009184,-0.225525018959543,30
"b1.t30.p22.w1265",0.152510016867803,0.0568163846957763,30
"b1.t30.p22.w1266",0.977314849972057,0.524142697043125,30
"b1.t30.p22.w1267",-0.0667544990928707,-0.139692735405885,30
"b1.t30.p22.w1268",1.54013394135298,0.876239080852142,30
"b1.t30.p22.w1270",2.2137300466902,1.46002354738924,30
"b1.t30.p22.w1271",0.141779771201532,0.0186740677515627,30
"b1.t30.p22.w1273",0.337206415532329,0.143896132561092,30
"b1.t30.p22.w1275",0.329037722971945,0.180590663157639,30
"b1.t30.p22.w1277",0.862028887648461,0.448585536740063,30
"b1.t30.p22.w1278",2.622502991125,1.70098972947313,30
"b1.t30.p22.w1281",0.600479184807337,0.321315605846199,30
"b1.t30.p22.w1282",0.174685055851256,0.0654564780890197,30
"b1.t30.p22.w1285",0.81160206155528,0.471637431510457,30
"b1.t30.p22.w1288",0.0890966739824122,-0.00175164349769477,30
"b1.t30.p22.w1291",1.01848354246399,0.577094991816978,30
"b1.t30.p22.w1292",0.982010014597734,0.563036396927594,30
"b1.t30.p22.w1295",-0.137265927588679,-0.215854918960201,30
"b1.t30.p22.w1296",2.28742337253981,1.49424644053024,30
"b1.t30.p22.w1303",0.152996927924395,0.0570045044211841,30
"b1.t30.p22.w1305",0.528314213782036,0.207292314453254,30
"b1.t30.p22.w1306",2.33778519708965,1.53349197901483,30
"b1.t30.p22.w1307",2.48686999026161,1.59261981908254,30
"b1.t30.p22.w1314",-0.030593154154918,-0.111205669849276,30
"b1.t30.p22.w1318",0.686088962333398,0.389105848232434,30
"b1.t30.p22.w1319",0.521760055640888,0.212831201025751,30
"b1.t30.p22.w1320",-0.0297106326395271,-0.0105376499614673,30
"b1.t30.p23.w1321",-0.248762541827185,-0.0346811658519997,30
"b1.t30.p23.w1322",0.596285866151955,0.350324169637366,30
"b1.t30.p23.w1328",-0.0885769493894063,-0.146274257936086,30
"b1.t30.p23.w1329",0.458448855928992,0.221862794328407,30
"b1.t30.p23.w1330",1.23458583216386,0.718604098794182,30
"b1.t30.p23.w1334",-0.0734949312013321,-0.130303440447213,30
"b1.t30.p23.w1337",0.829464847790404,0.45103630699141,30
"b1.t30.p23.w1339",0.3436798807208,0.230462560887075,30
"b1.t30.p23.w1342",0.282484115409576,0.137044486855273,30
"b1.t30.p23.w1345",0.720624169198594,0.37350645527055,30
"b1.t30.p23.w1347",1.03559094618754,0.570061138821262,30
"b1.t30.p23.w1351",-0.147957186686159,-0.228677908334039,30
"b1.t30.p23.w1355",0.711845340269715,0.420256046040347,30
"b1.t30.p23.w1357",-0.119098216839318,-0.183394468433962,30
"b1.t30.p23.w1358",0.900667966079927,0.494025876890778,30
"b1.t30.p23.w1359",1.12944862283942,0.636302597643608,30
"b1.t30.p23.w1362",0.429284629007952,0.200834330163938,30
"b1.t30.p23.w1365",1.82355099715889,1.02560489278233,30
"b1.t30.p23.w1366",1.82219883982893,1.01418153420019,30
"b1.t30.p23.w1367",1.0405791837916,0.57486958357236,30
"b1.t30.p23.w1368",-0.15731432416681,-0.1876238979806,30
"b1.t30.p23.w1369",0.614233417407278,0.316514226706738,30
"b1.t30.p23.w1370",0.424656777409747,0.182041761737764,30
"b1.t30.p23.w1371",-0.133724675336865,-0.175826479713884,30
"b1.t30.p23.w1372",0.253872042819323,0.135764324550739,30
"b1.t30.p23.w1374",1.98792290872344,1.29182311974334,30
"b1.t30.p23.w1376",0.841550173903611,0.470747506525222,30
"b1.t30.p23.w1377",1.40465796037872,0.76606198108296,30
"b1.t30.p23.w1378",1.58694151633543,0.977415681789357,30
"b1.t30.p24.w1381",0.828470296409661,0.377532228021103,30
"b1.t30.p24.w1383",0.183085832339437,0.0633946340392972,30
"b1.t30.p24.w1385",1.55012655865784,0.960879421638755,30
"b1.t30.p24.w1388",2.31729997001131,1.11871269112638,30
"b1.t30.p24.w1389",0.530760930625316,0.229225442591915,30
"b1.t30.p24.w1390",0.54284956981865,0.221437891614914,30
"b1.t30.p24.w1391",1.66279418750117,1.01290309384226,30
"b1.t30.p24.w1392",0.85754099994621,0.42278232372271,30
"b1.t30.p24.w1393",-0.113243880518466,-0.139237261548906,30
"b1.t30.p24.w1394",0.908313179625124,0.50806113479997,30
"b1.t30.p24.w1395",0.524923998476461,0.248515638368824,30
"b1.t30.p24.w1396",1.14986627939978,0.515276285368355,30
"b1.t30.p24.w1397",0.00704403798994324,0.011663994808812,30
"b1.t30.p24.w1400",2.04490107915157,1.25752495148128,30
"b1.t30.p24.w1401",-0.128511928636868,-0.135672642829177,30
"b1.t30.p24.w1404",2.18763653753677,1.3526485894979,30
"b1.t30.p24.w1405",0.821203485515491,0.569969685664336,30
"b1.t30.p24.w1407",2.04149753765366,1.44556091530202,30
"b1.t30.p24.w1409",-0.0647547057172881,-0.126593660883472,30
"b1.t30.p24.w1411",0.392499210299685,0.165733090283045,30
"b1.t30.p24.w1412",0.172614850271551,0.0853034204031528,30
"b1.t30.p24.w1413",-0.00924383480947165,0.0311767418637135,30
"b1.t30.p24.w1415",1.16181042342716,0.65017963284277,30
"b1.t30.p24.w1418",-0.0130583912854367,0.0311906500633951,30
"b1.t30.p24.w1420",1.60733838036986,1.14884145747216,30
"b1.t30.p24.w1421",1.55536755463761,0.838757386546478,30
"b1.t30.p24.w1422",0.179644327292615,0.0763735598944645,30
"b1.t30.p24.w1424",0.0905651720177096,0.0425856329420912,30
"b1.t30.p24.w1425",0.216537107836889,0.0901438954653689,30
"b1.t30.p24.w1427",1.91396039527833,1.17373802206649,30
"b1.t30.p24.w1429",-0.148329512221154,-0.026272239973366,30
"b1.t30.p24.w1432",-0.111857630529238,-0.0858642733399297,30
"b1.t30.p24.w1433",1.74396826364122,0.922173375218971,30
"b1.t30.p24.w1435",0.894142130856188,0.402139811284612,30
"b1.t30.p24.w1438",2.23302587624509,1.42530238086239,30
"b1.t30.p24.w1439",0.85468766904699,0.408009577597341,30
"b1.t30.p25.w1442",0.0577439637728559,0.000400228648957583,30
"b1.t30.p25.w1443",-0.166600460914052,-0.194113651139453,30
"b1.t30.p25.w1445",1.3684706698367,0.72879316137523,30
"b1.t30.p25.w1446",0.59744824193243,0.274348143827118,30
"b1.t30.p25.w1448",-0.135850231416823,-0.153343616537328,30
"b1.t30.p25.w1449",-0.0307000460234882,-0.0467800783086468,30
"b1.t30.p25.w1451",-0.1046338628576,-0.175291347959149,30
"b1.t30.p25.w1453",1.58611457526541,0.835645366830578,30
"b1.t30.p25.w1454",2.90771390300297,1.42868191651558,30
"b1.t30.p25.w1455",1.97452330564957,1.4071422845564,30
"b1.t30.p25.w1457",2.40125423675386,1.54771011036022,30
"b1.t30.p25.w1458",2.75567282523251,1.34543270608235,30
"b1.t30.p25.w1459",0.798796603135308,0.498907550965777,30
"b1.t30.p25.w1460",1.16339803966575,0.672608817637983,30
"b1.t30.p25.w1461",2.05998634649113,1.31254313561881,30
"b1.t30.p25.w1463",1.86129820592577,0.960423255395603,30
"b1.t30.p25.w1467",2.88013087980146,1.41083927881914,30
"b1.t30.p25.w1471",-0.0764924864671677,-0.0891305862792761,30
"b1.t30.p25.w1472",-0.116129283133561,-0.132827940919047,30
"b1.t30.p25.w1475",2.89560000799081,1.43157119370258,30
"b1.t30.p25.w1477",-0.182910091154911,-0.0195567143684739,30
"b1.t30.p25.w1480",0.394454233583275,0.172320735380408,30
"b1.t30.p25.w1482",0.29783120640518,0.164930060637468,30
"b1.t30.p25.w1484",0.167840081092473,0.0527465094074602,30
"b1.t30.p25.w1486",1.85236054888103,1.32646824625087,30
"b1.t30.p25.w1487",0.890851769715774,0.406745994721827,30
"b1.t30.p25.w1489",1.4176072485375,0.727565885384514,30
"b1.t30.p25.w1493",0.820166893654125,0.431601335778443,30
"b1.t30.p25.w1494",1.51704383009455,0.776182033163413,30
"b1.t30.p26.w1503",0.436567950180309,0.175603533092523,30
"b1.t30.p26.w1504",2.15258437653075,1.33781177877236,30
"b1.t30.p26.w1505",0.730740100220437,0.320664017047869,30
"b1.t30.p26.w1506",0.903197774103081,0.421148646496716,30
"b1.t30.p26.w1507",1.62245023800799,1.05698484642101,30
"b1.t30.p26.w1508",2.62220469909576,1.2752668379384,30
"b1.t30.p26.w1512",0.902505303495691,0.470194888899662,30
"b1.t30.p26.w1514",2.05630455499938,1.33591454756997,30
"b1.t30.p26.w1515",2.08196091358381,1.44737532015591,30
"b1.t30.p26.w1517",-0.0758301048234405,-0.0721980552807713,30
"b1.t30.p26.w1521",0.889417999227127,0.431615535430009,30
"b1.t30.p26.w1524",1.2545254133034,0.786203373362579,30
"b1.t30.p26.w1525",-0.495336467836641,-0.107932487137377,30
"b1.t30.p26.w1526",2.04430751816355,1.28319794520686,30
"b1.t30.p26.w1527",0.94475977242596,0.477213792200213,30
"b1.t30.p26.w1529",0.574798854011293,0.26638065462801,30
"b1.t30.p26.w1533",0.172389355442365,0.0805508069975145,30
"b1.t30.p26.w1534",1.76264290129026,1.28071893837817,30
"b1.t30.p26.w1535",1.81089354670798,1.28416610372145,30
"b1.t30.p26.w1536",0.679755606359076,0.303290613977718,30
"b1.t30.p26.w1537",0.275727229465847,0.132241555268874,30
"b1.t30.p26.w1538",-0.102891278074717,-0.169100687427514,30
"b1.t30.p26.w1542",0.42332909908215,0.213646538718963,30
"b1.t30.p26.w1544",-0.121010409832581,-0.0260338168714089,30
"b1.t30.p26.w1545",1.96338146725078,1.19988184935987,30
"b1.t30.p26.w1546",-0.148041627160329,-0.160611851592094,30
"b1.t30.p26.w1548",-0.113862346259442,-0.144011599747652,30
"b1.t30.p26.w1552",-0.110832822539599,-0.0848478680865163,30
"b1.t30.p26.w1553",1.86616887728815,0.964676560989288,30
"b1.t30.p26.w1554",-0.149513857780358,-0.152433384523021,30
"b1.t30.p26.w1555",0.843644306557615,0.386681782441388,30
"b1.t30.p26.w1557",1.23460764389179,0.785989813619323,30
"b1.t30.p26.w1559",0.0606681502311018,0.0397766391165457,30
"b1.t30.p26.w1560",1.49677668493685,1.05499274899446,30
"b1.t30.p27.w1561",0.546901459165664,0.297011136245912,30
"b1.t30.p27.w1563",0.135959208107071,0.0639356899002941,30
"b1.t30.p27.w1564",0.118781205348926,0.0173226076491404,30
"b1.t30.p27.w1566",-0.0199737647465132,-0.0768321216622151,30
"b1.t30.p27.w1567",0.302921266108901,0.0952165692456752,30
"b1.t30.p27.w1570",2.24117851999559,1.07274804778806,30
"b1.t30.p27.w1572",-0.143895276133817,-0.178371752224012,30
"b1.t30.p27.w1574",1.55903577117949,0.748133657809049,30
"b1.t30.p27.w1576",2.0108735962238,0.957837251359904,30
"b1.t30.p27.w1577",0.155514504625828,0.0540854572364121,30
"b1.t30.p27.w1579",2.53696881984955,1.226971880757,30
"b1.t30.p27.w1580",0.75380781873136,0.410312658569193,30
"b1.t30.p27.w1581",2.53377634561616,1.22476939716661,30
"b1.t30.p27.w1582",2.72686865306989,1.32767120472526,30
"b1.t30.p27.w1585",1.98336900024424,0.94797420623391,30
"b1.t30.p27.w1587",1.47279829539531,0.717481137195714,30
"b1.t30.p27.w1588",0.186550982804769,0.0499931033542269,30
"b1.t30.p27.w1593",0.465424601684433,0.20100001519924,30
"b1.t30.p27.w1594",-0.086022835045281,-0.12489972099809,30
"b1.t30.p27.w1597",0.299342357872581,0.0913452802543476,30
"b1.t30.p27.w1598",2.38624861050959,1.1504297991503,30
"b1.t30.p27.w1600",-0.0428160206743313,0.00515042919882764,30
"b1.t30.p27.w1602",-0.174503479925151,-0.0239244994726428,30
"b1.t30.p27.w1603",-0.120570590850327,-0.174770674702785,30
"b1.t30.p27.w1607",0.446488849862931,0.261648181627462,30
"b1.t30.p27.w1611",1.03241120176195,0.478161079142366,30
"b1.t30.p27.w1612",2.67060847150298,1.29686254409564,30
"b1.t30.p27.w1614",2.59066193266858,1.25508991032004,30
"b1.t30.p27.w1615",2.49330552875529,1.20343749011694,30
"b1.t30.p27.w1616",2.12077973018925,1.02334448179507,30
"b1.t30.p27.w1617",0.101276172023983,0.0908196725743904,30
"b1.t30.p27.w1618",-0.154713346486133,-0.0271685071623204,30
"b1.t30.p28.w1621",0.127967153080026,0.060020299757273,30
"b1.t30.p28.w1622",0.416265231583041,0.18826109614781,30
"b1.t30.p28.w1623",1.79174572779896,0.851516438014848,30
"b1.t30.p28.w1625",1.57406945444238,0.734768529489224,30
"b1.t30.p28.w1626",2.13321933080112,1.01823021814275,30
"b1.t30.p28.w1629",-0.0451522016059991,-0.0313988381799843,30
"b1.t30.p28.w1630",1.47898596800572,0.710405318731097,30
"b1.t30.p28.w1632",0.549544590335713,0.197972774338703,30
"b1.t30.p28.w1633",0.0307509190430733,-0.016166902492123,30
"b1.t30.p28.w1635",1.76662282390675,0.823093881217018,30
"b1.t30.p28.w1637",-0.198960004300743,-0.0200938603494758,30
"b1.t30.p28.w1638",0.334762120780256,0.212115926042458,30
"b1.t30.p28.w1641",-0.0755663162654679,-0.120899909737023,30
"b1.t30.p28.w1642",0.342026914373087,0.148544253841731,30
"b1.t30.p28.w1643",0.028308285833589,-0.00688733216673526,30
"b1.t30.p28.w1645",-0.0766623361600792,-0.132757146274061,30
"b1.t30.p28.w1646",1.71943945467339,0.79700181006849,30
"b1.t30.p28.w1647",1.39540594270769,0.599305259765583,30
"b1.t30.p28.w1649",-0.113632056989708,-0.143463779317301,30
"b1.t30.p28.w1650",-0.103761081705178,-0.172908478343105,30
"b1.t30.p28.w1651",1.46189615612422,0.66284048283358,30
"b1.t30.p28.w1653",0.0289604617109562,-0.0579586117106264,30
"b1.t30.p28.w1654",1.41277481916362,0.675897760239305,30
"b1.t30.p28.w1657",1.731370200861,0.81491883394694,30
"b1.t30.p28.w1658",1.09046727293672,0.535104344728083,30
"b1.t30.p28.w1663",1.60313776194747,0.758351845461417,30
"b1.t30.p28.w1664",-0.148438317042312,-0.138606698187597,30
"b1.t30.p28.w1667",0.563841053357911,0.250747096506422,30
"b1.t30.p28.w1673",1.97150555012007,1.19795532973259,30
"b1.t30.p28.w1674",0.976683752231421,0.473108606958508,30
"b1.t30.p28.w1675",0.0729943148643813,0.0351762664810777,30
"b1.t30.p28.w1678",-0.05017406691682,-0.0390589949434477,30
"b1.t30.p28.w1679",1.39768627229963,0.660600796689668,30
"b1.t30.p29.w1683",2.19556165502489,1.34523074167175,30
"b1.t30.p29.w1684",1.80963555022512,0.843365109689419,30
"b1.t30.p29.w1686",0.178968278435467,0.0408241303368104,30
"b1.t30.p29.w1695",-0.137998049071533,-0.180848276709328,30
"b1.t30.p29.w1703",0.286212056195281,0.173070039585887,30
"b1.t30.p29.w1704",-0.0876313548851899,-0.124338895410421,30
"b1.t30.p29.w1705",0.208439414580437,0.0720896669487415,30
"b1.t30.p29.w1708",-0.238308097780975,-0.0547271618292342,30
"b1.t30.p29.w1709",0.442661016896949,0.242468548238731,30
"b1.t30.p29.w1711",0.459312953517927,0.269285569637769,30
"b1.t30.p29.w1712",0.106920771466154,0.0250473462235669,30
"b1.t30.p29.w1713",0.00235140304156938,-0.0825607218604273,30
"b1.t30.p29.w1716",2.2568136074,1.08535050734745,30
"b1.t30.p29.w1717",0.975367042556717,0.480551604583251,30
"b1.t30.p29.w1720",0.405934523823462,0.170165404345389,30
"b1.t30.p29.w1721",-0.0443492121783987,-0.0203685469771661,30
"b1.t30.p29.w1722",0.0342097018921854,0.0590043647736302,30
"b1.t30.p29.w1723",1.41934873330138,0.700277903437738,30
"b1.t30.p29.w1728",-0.0341897232635915,-0.0495988968357839,30
"b1.t30.p29.w1729",2.20876306811839,1.05238666980521,30
"b1.t30.p29.w1733",0.215104529402009,0.154780281735573,30
"b1.t30.p29.w1734",0.979221062895361,0.473574654880173,30
"b1.t30.p29.w1735",1.10404502575509,0.532285122533674,30
"b1.t30.p29.w1736",0.0214539633014973,0.0625275052628395,30
"b1.t30.p29.w1737",2.38559456800928,1.15413922840397,30
"b1.t30.p29.w1738",-0.132922210043362,-0.225651043990886,30
"b1.t30.p3.w121",-0.136379097503052,-0.185634668613754,30
"b1.t30.p3.w122",1.88151161321387,1.69852770333638,30
"b1.t30.p3.w123",0.363820157382504,0.195980861538949,30
"b1.t30.p3.w126",3.03347853381787,1.82361010350865,30
"b1.t30.p3.w127",-0.124619431945636,-0.180457431318686,30
"b1.t30.p3.w128",1.34258884166786,1.22878364445237,30
"b1.t30.p3.w129",2.00335862309403,1.78560340382655,30
"b1.t30.p3.w130",0.186981141917614,0.0859994110438962,30
"b1.t30.p3.w134",1.54713288306539,1.45516005275064,30
"b1.t30.p3.w135",-0.0855459547805565,-0.143889230552614,30
"b1.t30.p3.w138",0.402552128799337,0.219864722385803,30
"b1.t30.p3.w139",0.551222899509981,0.318909244324292,30
"b1.t30.p3.w140",1.58355027284546,1.4250439934049,30
"b1.t30.p3.w142",2.23730224849025,1.96385632017957,30
"b1.t30.p3.w144",1.90622195331967,1.67357236852759,30
"b1.t30.p3.w147",0.420150551415763,0.270533861028272,30
"b1.t30.p3.w148",-0.216899301239682,-0.0262543104669723,30
"b1.t30.p3.w150",0.476811352414144,0.292721326753854,30
"b1.t30.p3.w155",0.580612794600504,0.31286607814358,30
"b1.t30.p3.w156",-0.071735575941942,-0.139633126532707,30
"b1.t30.p3.w157",-0.110528497094412,-0.166841501855387,30
"b1.t30.p3.w158",0.541080918605943,0.308393719840683,30
"b1.t30.p3.w159",1.41925900316775,1.28734945858142,30
"b1.t30.p3.w160",2.4640080254858,1.64257847683884,30
"b1.t30.p3.w164",0.53971753124249,0.491434796282094,30
"b1.t30.p3.w169",-0.0775677415514688,-0.108458794445831,30
"b1.t30.p3.w170",0.130550797143075,0.0977730382793438,30
"b1.t30.p3.w171",2.08526828621084,1.8217597966482,30
"b1.t30.p3.w173",2.04660327689057,1.84045596556988,30
"b1.t30.p3.w174",0.743383323686804,0.671598884799053,30
"b1.t30.p3.w178",-0.343901896494089,-0.0926074928687799,30
"b1.t30.p3.w179",0.877358292967889,0.769239396790066,30
"b1.t30.p30.w1741",0.738943198862522,0.327447460637466,30
"b1.t30.p30.w1742",1.73242368423086,0.827950889965234,30
"b1.t30.p30.w1743",1.63616535760754,0.753793347775121,30
"b1.t30.p30.w1744",0.957754598777006,0.67561663445776,30
"b1.t30.p30.w1745",-0.0662020169715938,-0.0740395047166797,30
"b1.t30.p30.w1746",1.70200458979746,0.804049005778268,30
"b1.t30.p30.w1747",1.60257321694121,0.959133726826569,30
"b1.t30.p30.w1749",0.992400588862887,0.440615125075962,30
"b1.t30.p30.w1751",-0.140319957712051,-0.157105741670347,30
"b1.t30.p30.w1756",-0.055457693579564,-0.0627936413636753,30
"b1.t30.p30.w1757",2.08923644646457,1.28348430184636,30
"b1.t30.p30.w1760",2.2602138807176,1.38790994699722,30
"b1.t30.p30.w1761",1.93037048900982,1.16474127499127,30
"b1.t30.p30.w1762",1.74099689505141,0.805777204091681,30
"b1.t30.p30.w1763",0.235331870128902,0.139124334679532,30
"b1.t30.p30.w1767",-0.12741513376947,-0.183316159539151,30
"b1.t30.p30.w1768",2.1098087715985,1.28998935135708,30
"b1.t30.p30.w1769",-0.169079718203072,-0.182992657634493,30
"b1.t30.p30.w1771",0.026650153667272,-0.00699612551532439,30
"b1.t30.p30.w1772",0.931124513327885,0.45944310326645,30
"b1.t30.p30.w1776",0.464911879931603,0.31875480082306,30
"b1.t30.p30.w1777",1.58956498423184,0.733537517217164,30
"b1.t30.p30.w1778",0.116225922755202,0.035590053636041,30
"b1.t30.p30.w1779",-0.11166711795796,-0.12136751093494,30
"b1.t30.p30.w1781",2.28382748330146,1.10632277087898,30
"b1.t30.p30.w1782",-0.0831779589152913,-0.163010469495143,30
"b1.t30.p30.w1783",0.206811556345422,0.0927413755242019,30
"b1.t30.p30.w1786",1.56489660691457,0.731514358114133,30
"b1.t30.p30.w1788",0.190232262451589,0.0597701690008117,30
"b1.t30.p30.w1791",2.25620769778523,1.3892495986897,30
"b1.t30.p30.w1792",-0.192608209902606,-0.19800634487631,30
"b1.t30.p30.w1796",2.47167469374515,1.5351627439952,30
"b1.t30.p30.w1797",-0.0509442337611593,-0.0847207463699206,30
"b1.t30.p30.w1799",1.64154517431174,0.763068325961379,30
"b1.t30.p31.w1801",0.61829530928874,0.253256169024281,30
"b1.t30.p31.w1802",2.53378364591373,1.23239013054862,30
"b1.t30.p31.w1804",0.34600988740283,0.169233700301958,30
"b1.t30.p31.w1806",0.978518720230402,0.476379329064352,30
"b1.t30.p31.w1807",0.66378655487847,0.317293696551832,30
"b1.t30.p31.w1808",2.34268183879102,1.12465909174899,30
"b1.t30.p31.w1809",-0.137939818586615,-0.12558966023337,30
"b1.t30.p31.w1810",1.77553335432387,0.865832190726602,30
"b1.t30.p31.w1812",0.237072714648258,0.101846190422091,30
"b1.t30.p31.w1815",2.26190722801347,1.07847697698772,30
"b1.t30.p31.w1817",1.76233324035823,0.876572210132807,30
"b1.t30.p31.w1819",0.0128045516743582,0.0210518174368322,30
"b1.t30.p31.w1820",0.110853187395562,0.0159384481993746,30
"b1.t30.p31.w1824",-0.0117832529053642,0.130382941813887,30
"b1.t30.p31.w1827",0.242139041597689,0.130371695418723,30
"b1.t30.p31.w1828",0.223445190124607,0.120168057952189,30
"b1.t30.p31.w1829",0.117995748747723,0.000103257194748624,30
"b1.t30.p31.w1831",1.36035499920564,0.700915107932903,30
"b1.t30.p31.w1834",1.3607882035358,1.0183140402984,30
"b1.t30.p31.w1835",1.72574797267046,0.836279895758648,30
"b1.t30.p31.w1836",0.396238675184678,0.208172958752285,30
"b1.t30.p31.w1838",-0.0923024642671364,-0.0981604875825783,30
"b1.t30.p31.w1842",0.533604743933355,0.234930777894145,30
"b1.t30.p31.w1843",1.39317624005361,1.04565535754896,30
"b1.t30.p31.w1845",1.27399663087003,0.629912368706405,30
"b1.t30.p31.w1847",0.059454530285623,0.0350823322532558,30
"b1.t30.p31.w1848",0.272663937181885,0.0879774491447623,30
"b1.t30.p31.w1852",0.0723883766809374,-0.00104909255372788,30
"b1.t30.p31.w1854",1.74583022847248,0.827802455310522,30
"b1.t30.p32.w1863",0.395273708343637,0.23336214549271,30
"b1.t30.p32.w1865",0.00480382049603496,-0.00635054807319107,30
"b1.t30.p32.w1866",1.14036311006618,0.705017836136646,30
"b1.t30.p32.w1871",-0.0230297205948278,0.0353638365767281,30
"b1.t30.p32.w1872",0.0398047769692879,0.0856451982677338,30
"b1.t30.p32.w1873",2.38166748976107,1.47141475904047,30
"b1.t30.p32.w1874",2.344450084026,1.4552812044129,30
"b1.t30.p32.w1875",-0.130187550040811,-0.0641598970613823,30
"b1.t30.p32.w1878",0.369932877074041,0.212469634388045,30
"b1.t30.p32.w1879",2.14445222078197,1.3328919835643,30
"b1.t30.p32.w1883",1.34753685875359,0.823412729288441,30
"b1.t30.p32.w1884",-0.043137915399621,0.00272827988605532,30
"b1.t30.p32.w1885",0.295709386870794,0.222429406513691,30
"b1.t30.p32.w1888",0.0886882693584874,0.0438200916468835,30
"b1.t30.p32.w1890",1.50210595439376,0.914974641891964,30
"b1.t30.p32.w1891",-0.0616091104482789,0.0414719101991121,30
"b1.t30.p32.w1892",0.636472917137271,0.365495648310508,30
"b1.t30.p32.w1896",1.73958226693746,1.06548418446152,30
"b1.t30.p32.w1897",2.30927117605596,1.43593150374264,30
"b1.t30.p32.w1898",0.0335918971047,-0.0184488067748182,30
"b1.t30.p32.w1899",1.59508735557341,0.974348569136471,30
"b1.t30.p32.w1900",2.03825355469388,1.25110703094195,30
"b1.t30.p32.w1901",2.30454092383434,1.42059095065546,30
"b1.t30.p32.w1905",0.156721065234371,0.154572417695263,30
"b1.t30.p32.w1906",0.26101367667553,0.144781607419061,30
"b1.t30.p32.w1907",-0.0754298436371724,-0.0710121727138738,30
"b1.t30.p32.w1909",-0.121214886884432,-0.159491840667219,30
"b1.t30.p32.w1910",0.0170656430022979,-0.042696176838953,30
"b1.t30.p32.w1911",-0.183780312267135,-0.0483960861524704,30
"b1.t30.p32.w1912",2.18295349273952,1.34729147454393,30
"b1.t30.p32.w1913",-0.101742630364341,-0.136272345014876,30
"b1.t30.p32.w1915",1.78942080713087,1.09742582622447,30
"b1.t30.p32.w1917",-0.0515648334947432,-0.0683126597442869,30
"b1.t30.p4.w182",2.19432443018866,1.98518683450301,30
"b1.t30.p4.w184",-0.148919164315191,-0.174209091443995,30
"b1.t30.p4.w185",0.216210344054704,0.13927085826012,30
"b1.t30.p4.w186",-0.0417345133214236,-0.100336414046672,30
"b1.t30.p4.w187",0.622660569352864,0.51487738339982,30
"b1.t30.p4.w188",0.0758976676945097,-0.0426180996553728,30
"b1.t30.p4.w191",3.24433655189186,2.21065899106544,30
"b1.t30.p4.w195",0.821064228349174,0.480335745453017,30
"b1.t30.p4.w197",-0.0565963492629222,-0.0670603670493205,30
"b1.t30.p4.w200",0.689967457757248,0.621651409327817,30
"b1.t30.p4.w201",0.0505432138955578,0.124435494635516,30
"b1.t30.p4.w202",1.68395315061704,1.55122208957972,30
"b1.t30.p4.w203",1.77810214075414,1.60594880731181,30
"b1.t30.p4.w204",-0.0409614612357392,-0.0699607872788757,30
"b1.t30.p4.w206",0.491815611789067,0.429185665265011,30
"b1.t30.p4.w207",1.34446200645872,1.25065033986083,30
"b1.t30.p4.w209",1.89797776670622,1.69245905347987,30
"b1.t30.p4.w211",0.594398125539543,0.531594511841419,30
"b1.t30.p4.w215",1.45949862932559,1.33340970221479,30
"b1.t30.p4.w216",0.280426753518979,0.126718591989129,30
"b1.t30.p4.w217",0.327242145156844,0.175938502919204,30
"b1.t30.p4.w222",-0.153681244176878,-0.195932397981679,30
"b1.t30.p4.w225",0.489270672740776,0.390093204688429,30
"b1.t30.p4.w227",0.0434521544291476,0.0323428630021926,30
"b1.t30.p4.w229",-0.272163053917231,-0.105483051025428,30
"b1.t30.p4.w231",2.18033135100329,2.01791449109318,30
"b1.t30.p4.w235",-0.174751070145835,-0.225596506446887,30
"b1.t30.p4.w236",0.312677576993666,0.22817976095664,30
"b1.t30.p4.w237",1.60637575830111,1.46554937631824,30
"b1.t30.p4.w239",0.13491580479197,0.153610185420806,30
"b1.t30.p5.w243",0.885315844674152,0.817784641833689,30
"b1.t30.p5.w245",1.66465638655225,1.50607959977114,30
"b1.t30.p5.w246",-0.0919809665824222,-0.00249511811496296,30
"b1.t30.p5.w247",0.289293344558699,0.218956642602337,30
"b1.t30.p5.w248",1.58362641576977,1.47140622726036,30
"b1.t30.p5.w249",0.973221351912728,0.877730793002704,30
"b1.t30.p5.w250",0.110795786900558,0.166214326956629,30
"b1.t30.p5.w252",2.18101651953913,1.96914342022626,30
"b1.t30.p5.w253",-0.108811839286397,-0.0798475369820365,30
"b1.t30.p5.w254",0.469009469359158,0.275941954019576,30
"b1.t30.p5.w256",0.152782835470007,0.193161129572342,30
"b1.t30.p5.w257",1.56383918189891,1.41207586237699,30
"b1.t30.p5.w261",-0.0142181807437749,0.019114400794696,30
"b1.t30.p5.w265",2.14334068161459,1.83709379671476,30
"b1.t30.p5.w268",2.30867351129088,2.04511130082592,30
"b1.t30.p5.w269",0.426124331897122,0.236439258055605,30
"b1.t30.p5.w270",1.63298820903818,1.47946012115303,30
"b1.t30.p5.w271",1.39221689313659,1.22058091015561,30
"b1.t30.p5.w272",0.252873157773935,0.133150406322146,30
"b1.t30.p5.w275",0.803299082979019,0.789124551676051,30
"b1.t30.p5.w276",0.298500356492946,0.175687703929821,30
"b1.t30.p5.w281",0.459866577952776,0.441370588280732,30
"b1.t30.p5.w282",1.88117727276205,1.68533910218833,30
"b1.t30.p5.w283",1.65906903430023,1.43605039839712,30
"b1.t30.p5.w285",-0.0653529679209153,-0.134262203973247,30
"b1.t30.p5.w289",0.44411895805911,0.390599160126724,30
"b1.t30.p5.w290",1.58846568905415,1.46525555444131,30
"b1.t30.p5.w291",0.439702156953351,0.248214219225779,30
"b1.t30.p5.w294",-0.119284567818092,0.0235241916947006,30
"b1.t30.p5.w295",2.63096998289097,1.56321627057296,30
"b1.t30.p5.w297",1.6173274114216,1.47339494430986,30
"b1.t30.p6.w301",0.697367735915248,0.544277711588686,30
"b1.t30.p6.w303",2.23834977347125,1.94316487489861,30
"b1.t30.p6.w306",0.502536321634947,0.337069529315415,30
"b1.t30.p6.w314",0.956683046833154,0.725050660796368,30
"b1.t30.p6.w315",0.386514575255044,0.285425476489276,30
"b1.t30.p6.w319",2.24579226535403,1.91326778682086,30
"b1.t30.p6.w322",0.00205294956788902,-0.0600663804773386,30
"b1.t30.p6.w323",-0.135890912134448,0.0145147717159873,30
"b1.t30.p6.w324",1.43673067732307,0.888871589635032,30
"b1.t30.p6.w327",2.30487277006024,1.97831371600285,30
"b1.t30.p6.w328",0.475666011785692,0.423157244809583,30
"b1.t30.p6.w329",0.0555464324455482,0.00170400409468474,30
"b1.t30.p6.w331",1.47295633418395,1.22008348340665,30
"b1.t30.p6.w335",-0.0800336051762234,-0.116145806786578,30
"b1.t30.p6.w337",0.153023512843656,0.189095260894347,30
"b1.t30.p6.w340",-0.146275411354377,-0.182742116132867,30
"b1.t30.p6.w343",0.0264937452946167,-0.0445116645094423,30
"b1.t30.p6.w344",0.955166673323311,0.846356588959158,30
"b1.t30.p6.w345",0.608030232528954,0.511277953942506,30
"b1.t30.p6.w346",1.59426636516453,1.32886159885779,30
"b1.t30.p6.w348",0.137777313904905,0.0976209049142729,30
"b1.t30.p6.w353",0.140715227561835,0.0851957878510228,30
"b1.t30.p6.w354",0.557671222047786,0.326092450740199,30
"b1.t30.p6.w355",0.0230386800302961,0.0487597697724823,30
"b1.t30.p6.w358",-0.474707042828028,-0.167260387994236,30
"b1.t30.p6.w360",2.52445278566098,1.52901347553864,30
"b1.t30.p7.w362",-0.00924528088894283,-0.0598938661658408,30
"b1.t30.p7.w367",0.582284519657423,0.304230619293386,30
"b1.t30.p7.w368",0.249572256380715,0.16318179888894,30
"b1.t30.p7.w369",1.31125316951691,1.10058347970345,30
"b1.t30.p7.w370",-0.0278996962048823,-0.00687617188106332,30
"b1.t30.p7.w371",0.816377914792151,0.645551800948205,30
"b1.t30.p7.w372",0.612129966927911,0.38969029618123,30
"b1.t30.p7.w373",0.163252183567196,0.121307196723846,30
"b1.t30.p7.w374",-0.0866214337482262,-0.139339483127316,30
"b1.t30.p7.w375",1.78524296179388,1.05527618301239,30
"b1.t30.p7.w376",1.50438377150781,1.23820836746598,30
"b1.t30.p7.w379",-0.0846348523656066,-0.0650000766566159,30
"b1.t30.p7.w382",-0.278025289165033,-0.110884861932308,30
"b1.t30.p7.w386",0.460085574963215,0.387522375357073,30
"b1.t30.p7.w387",0.447654389980582,0.189957076180267,30
"b1.t30.p7.w390",0.996721152795959,0.803475814572444,30
"b1.t30.p7.w391",0.360697855417569,0.208014678564737,30
"b1.t30.p7.w395",0.496873440777082,0.277879537017738,30
"b1.t30.p7.w397",0.622728980004786,0.510938373215893,30
"b1.t30.p7.w398",0.064986222812585,-0.0133844488835156,30
"b1.t30.p7.w399",0.925480975468621,0.773332933682571,30
"b1.t30.p7.w400",0.372824072856604,0.214019249786215,30
"b1.t30.p7.w406",2.88814830832202,1.76464933530466,30
"b1.t30.p7.w407",1.65042695416784,1.43935552040943,30
"b1.t30.p7.w409",1.69194157922889,1.50769228786941,30
"b1.t30.p7.w411",0.685262164175621,0.555593313319708,30
"b1.t30.p7.w412",1.56065667159111,1.33677452719075,30
"b1.t30.p7.w415",1.77214146321058,1.45852747762483,30
"b1.t30.p7.w417",1.52240588145636,1.33971056906982,30
"b1.t30.p7.w418",-0.142581234609978,-0.177901859900975,30
"b1.t30.p7.w419",1.25505138140683,1.05737042710449,30
"b1.t30.p8.w424",1.78361840813332,1.5389277235203,30
"b1.t30.p8.w426",1.99301969757632,1.72121448919475,30
"b1.t30.p8.w427",0.187295380646642,0.0429559705994884,30
"b1.t30.p8.w431",1.81738023717721,1.09001090794943,30
"b1.t30.p8.w435",0.104646701142672,0.0136307556174474,30
"b1.t30.p8.w438",0.206475854621517,0.0976064737012206,30
"b1.t30.p8.w440",0.214966520429159,0.105919618219503,30
"b1.t30.p8.w441",0.253460803012326,0.144757817284627,30
"b1.t30.p8.w445",0.846773762551563,0.446342894880819,30
"b1.t30.p8.w446",0.990129477154238,0.893103635928886,30
"b1.t30.p8.w451",0.576562445102705,0.432485263650848,30
"b1.t30.p8.w455",1.51245966536292,1.35034999276164,30
"b1.t30.p8.w461",0.369139985496241,0.220967791731209,30
"b1.t30.p8.w462",0.877086672389744,0.628076232192586,30
"b1.t30.p8.w463",-0.0499828473164047,-0.150714833983955,30
"b1.t30.p8.w464",1.83211503579835,1.62804794372907,30
"b1.t30.p8.w465",0.796436057523548,0.651532129546321,30
"b1.t30.p8.w466",0.558108572484267,0.330613870306104,30
"b1.t30.p8.w467",2.07048806900116,1.76302872342673,30
"b1.t30.p8.w469",1.79865437661143,1.04170526331279,30
"b1.t30.p8.w470",1.46750345511972,1.34405515646541,30
"b1.t30.p8.w472",2.12738249557467,1.82282858364524,30
"b1.t30.p8.w473",1.20298767971649,0.955897554249976,30
"b1.t30.p8.w474",8.82550949793789e-05,-0.0136229981966275,30
"b1.t30.p8.w477",0.648295132135399,0.593711040615995,30
"b1.t30.p9.w482",0.727857871903217,0.566779486983658,30
"b1.t30.p9.w483",1.57224647699381,1.17470348160473,30
"b1.t30.p9.w484",1.3624399646125,0.993531084698625,30
"b1.t30.p9.w486",0.473797046384331,0.368049908517575,30
"b1.t30.p9.w488",0.864923153333911,0.463782922656594,30
"b1.t30.p9.w490",0.242967336169831,0.201207618815579,30
"b1.t30.p9.w491",1.59157050574092,1.16527826749297,30
"b1.t30.p9.w492",-0.0717162859910945,-0.118228829164671,30
"b1.t30.p9.w493",0.762061341650577,0.454838895106717,30
"b1.t30.p9.w499",0.0146233426530049,-0.0396358099010003,30
"b1.t30.p9.w502",0.835443570937043,0.463520747000436,30
"b1.t30.p9.w504",-0.0545844672562161,-0.0296125416254232,30
"b1.t30.p9.w508",1.38637232635537,0.98237048273313,30
"b1.t30.p9.w509",1.35357289067939,1.11489322059405,30
"b1.t30.p9.w513",0.248878768038001,0.0998586850138861,30
"b1.t30.p9.w514",-0.0408663431199707,-0.101844481199434,30
"b1.t30.p9.w517",0.0913301504795073,0.0351743964319788,30
"b1.t30.p9.w518",0.431625681768771,0.237694750805674,30
"b1.t30.p9.w519",0.0276866494056753,0.0452048931201297,30
"b1.t30.p9.w520",0.412248280308773,0.242224776755293,30
"b1.t30.p9.w522",-0.102892884531427,-0.0239690849986309,30
"b1.t30.p9.w523",1.79142184437057,1.45636787223235,30
"b1.t30.p9.w527",-0.0284352387637879,-0.0466061354869978,30
"b1.t30.p9.w528",0.0844325251288776,0.0320270392909776,30
"b1.t30.p9.w532",1.5997029157537,1.21446767181738,30
"b1.t30.p9.w533",1.1152348419382,0.798078068056052,30
"b1.t30.p9.w534",-0.0703573932475486,-0.163246780881386,30
"b1.t30.p9.w535",0.146641733303581,0.156593747686993,30
"b1.t30.p9.w539",1.11155145072059,0.807404229251595,30
"b1.t30.p9.w540",1.51717303460218,1.10927346672067,30
"b1.t33.p1.w10",2.11601816067695,2.11591347145258,33
"b1.t33.p1.w11",2.12419948395703,2.05881064587138,33
"b1.t33.p1.w14",2.00314040564222,1.98860349638925,33
"b1.t33.p1.w19",2.08733292592183,1.99173339666642,33
"b1.t33.p1.w20",1.84304032319096,1.88808329220983,33
"b1.t33.p1.w21",1.9840299422661,1.92535824370034,33
"b1.t33.p1.w24",1.80813590155104,1.8157397356702,33
"b1.t33.p1.w26",2.13882356356214,2.10137509150306,33
"b1.t33.p1.w29",1.64996043334535,1.62713133139821,33
"b1.t33.p1.w3",2.25633106993705,2.17199513591127,33
"b1.t33.p1.w35",2.31428288570601,2.38432318077942,33
"b1.t33.p1.w36",1.99525972551587,1.97082792762323,33
"b1.t33.p1.w38",2.04404283997798,2.05659986795407,33
"b1.t33.p1.w42",2.18540809493986,2.13214883372608,33
"b1.t33.p1.w43",1.84631699050066,1.84400017558822,33
"b1.t33.p1.w45",2.0458391274463,2.06899175173634,33
"b1.t33.p1.w49",1.7596020295606,1.78217684411052,33
"b1.t33.p1.w5",1.96982231161461,1.96671705638003,33
"b1.t33.p1.w50",2.13000377941314,2.02280880944088,33
"b1.t33.p1.w52",1.78113932814531,1.85905481418718,33
"b1.t33.p1.w53",2.04085037727918,2.06217299132525,33
"b1.t33.p1.w55",1.98302037160833,1.98527970409852,33
"b1.t33.p1.w56",2.05924204168118,1.99588734103145,33
"b1.t33.p1.w58",2.31042129431202,2.24684636022883,33
"b1.t33.p1.w60",1.91798430325995,1.93554470062995,33
"b1.t33.p1.w7",1.99825300784216,2.00523920568305,33
"b1.t33.p2.w100",1.89731011213974,1.82458385707706,33
"b1.t33.p2.w104",2.10086418839746,2.06003332039861,33
"b1.t33.p2.w105",2.06953382381823,1.96118030354776,33
"b1.t33.p2.w106",2.0318936551898,1.86072838395311,33
"b1.t33.p2.w110",2.02382242740911,1.96879239571311,33
"b1.t33.p2.w111",2.06769816131492,1.99825219575147,33
"b1.t33.p2.w112",2.05028398828266,1.95619454953067,33
"b1.t33.p2.w114",2.26229134502804,2.14897359220952,33
"b1.t33.p2.w117",2.17650151390952,2.00638718528911,33
"b1.t33.p2.w118",2.00524777875194,1.87300589140359,33
"b1.t33.p2.w119",2.02514562631692,1.9143841569944,33
"b1.t33.p2.w61",2.68104430471245,2.52597050423358,33
"b1.t33.p2.w63",2.00035556608119,1.89782101306719,33
"b1.t33.p2.w66",2.60567431605727,2.42430380493985,33
"b1.t33.p2.w69",2.29484629257501,2.19670762207442,33
"b1.t33.p2.w72",2.22494711792048,2.17164453605911,33
"b1.t33.p2.w75",2.2615900789032,2.18461185881593,33
"b1.t33.p2.w83",2.05529774019974,1.93241804938894,33
"b1.t33.p2.w84",1.94951548770741,1.87687136565031,33
"b1.t33.p2.w85",2.03751260507522,1.93949662399798,33
"b1.t33.p2.w86",2.58169170162888,2.49762278799786,33
"b1.t33.p2.w88",2.01075184736572,1.92143326748363,33
"b1.t33.p2.w93",2.21624719765923,2.12768937034536,33
"b1.t33.p2.w94",2.24693230794361,2.2088723911252,33
"b1.t33.p2.w95",1.94865162494816,1.893826458097,33
"b1.t35.p1.w1",3.42301365160689,2.46222440206336,35
"b1.t35.p1.w10",2.6194930266228,1.87229959116548,35
"b1.t35.p1.w11",3.57419551444053,2.51566850377954,35
"b1.t35.p1.w14",2.80682638211311,2.02582693753034,35
"b1.t35.p1.w16",2.79109896176058,1.96182591082841,35
"b1.t35.p1.w18",2.70080120332575,1.91987918356756,35
"b1.t35.p1.w21",2.71345561786164,1.88060314689808,35
"b1.t35.p1.w24",3.08356731014877,1.21264569595045,35
"b1.t35.p1.w25",2.85556283661239,1.20816504634422,35
"b1.t35.p1.w28",2.15965988913033,1.99747512675925,35
"b1.t35.p1.w35",3.67570988331372,1.48344589144048,35
"b1.t35.p1.w40",2.88691897661585,2.09164801330238,35
"b1.t35.p1.w45",2.87281676360881,2.04970347385721,35
"b1.t35.p1.w46",2.99127229067023,2.10161856273052,35
"b1.t35.p1.w47",2.94835553589141,1.02598950191669,35
"b1.t35.p1.w50",2.87732659573653,2.05862648023781,35
"b1.t35.p1.w54",2.9754792378525,1.56156921597336,35
"b1.t35.p1.w55",2.87115567541579,1.19330793948152,35
"b1.t35.p1.w59",2.81118122070607,2.00941481753159,35
"b1.t35.p1.w9",3.60320820971569,1.45690742856996,35
"b1.t35.p2.w100",2.15361519484433,1.87708617940868,35
"b1.t35.p2.w101",3.56844414331162,2.56373914434105,35
"b1.t35.p2.w104",2.14326965743023,1.88458517162639,35
"b1.t35.p2.w105",3.60873514000365,2.59990766580635,35
"b1.t35.p2.w106",2.17344579910284,1.93487905680307,35
"b1.t35.p2.w110",2.74229349061283,1.91529888971337,35
"b1.t35.p2.w113",3.49077245419592,1.90817757645731,35
"b1.t35.p2.w116",2.74258926463116,1.86104698744873,35
"b1.t35.p2.w119",2.94305807203021,1.13164283785821,35
"b1.t35.p2.w120",2.54577057700902,1.7763986227217,35
"b1.t35.p2.w61",2.94800741827218,2.12418944611905,35
"b1.t35.p2.w62",2.5996477009316,2.50608764113954,35
"b1.t35.p2.w64",2.65654261796979,1.08352931990098,35
"b1.t35.p2.w66",2.22338849875396,1.93475602241922,35
"b1.t35.p2.w67",3.26594642760187,2.28446022188687,35
"b1.t35.p2.w70",3.05470705731419,1.61363231751351,35
"b1.t35.p2.w73",2.6166316794727,1.86296272824457,35
"b1.t35.p2.w74",2.03185861107181,1.80841894351368,35
"b1.t35.p2.w75",3.34478258341219,1.54907642177858,35
"b1.t35.p2.w77",2.92974110790988,2.08143616022013,35
"b1.t35.p2.w79",2.60724185505926,1.86947439204639,35
"b1.t35.p2.w85",3.59651932410795,2.62009621595748,35
"b1.t35.p2.w87",2.09096893122861,1.83059817362062,35
"b1.t35.p2.w89",2.96975862618846,2.1711652645828,35
"b1.t35.p2.w90",2.6355858386729,1.86771119949138,35
"b1.t35.p2.w92",2.59387172814032,1.8008443785862,35
"b1.t35.p2.w93",2.72431137404778,1.43899299688134,35
"b1.t35.p2.w94",2.01565547867319,1.8203733725185,35
"b1.t35.p2.w95",3.90894334105459,1.69341543176471,35
"b1.t35.p2.w97",2.64920618015715,1.2751723830104,35
"b1.t35.p2.w99",2.15056494005008,2.01894071962132,35
"b1.t39.p1.w10",1.52460059340152,1.35352426286342,39
"b1.t39.p1.w11",1.71252216431663,0.781804147528961,39
"b1.t39.p1.w2",1.50351637465196,1.0589383072758,39
"b1.t39.p1.w21",2.07317317224473,1.43835248405368,39
"b1.t39.p1.w26",1.57752005099139,1.41598699698253,39
"b1.t39.p1.w27",1.77641904353191,0.750217968047762,39
"b1.t39.p1.w29",1.94972976167125,1.021575733472,39
"b1.t39.p1.w3",1.47471249502155,0.611446051297628,39
"b1.t39.p1.w30",1.7292125028584,1.26184682699626,39
"b1.t39.p1.w31",0.85893929931942,0.383329135964818,39
"b1.t39.p1.w33",1.64156566993665,1.1359112162184,39
"b1.t39.p1.w35",1.34249448132224,0.597698769176814,39
"b1.t39.p1.w4",1.36164204239504,0.581420649479561,39
"b1.t39.p1.w41",1.48124807892802,1.31160698943024,39
"b1.t39.p1.w43",1.75905673692439,1.22675247259446,39
"b1.t39.p1.w45",1.81756770810301,1.26493433346988,39
"b1.t39.p1.w47",1.70571571291998,1.26867566853154,39
"b1.t39.p1.w49",1.43062346142037,0.600888336404199,39
"b1.t39.p1.w5",1.83882519976192,0.779116843484326,39
"b1.t39.p1.w50",1.92280244610364,1.34272361935168,39
"b1.t39.p1.w51",1.46133690629866,0.656081432023149,39
"b1.t39.p1.w52",1.64528652229593,1.2153496181712,39
"b1.t39.p1.w53",1.98887496623111,1.41432444829578,39
"b1.t39.p1.w54",1.59757073890696,0.710947174173576,39
"b1.t39.p1.w56",1.95773008026242,0.867903003935863,39
"b1.t39.p1.w59",1.7312415638117,1.1912261828712,39
"b1.t39.p1.w6",1.72621410226546,1.27267962177116,39
"b1.t39.p1.w7",2.16404795937965,1.96442572487266,39
"b1.t39.p1.w8",2.06506200931539,1.85081181488798,39
"b1.t39.p2.w101",1.65358024241939,0.574689705032919,39
"b1.t39.p2.w102",1.63118708260491,0.660830814423641,39
"b1.t39.p2.w104",1.65504625708799,1.44651915580645,39
"b1.t39.p2.w106",1.84042124034719,1.26174936191692,39
"b1.t39.p2.w108",1.63962675488336,1.48856545143152,39
"b1.t39.p2.w109",1.5181545092855,1.36239768124265,39
"b1.t39.p2.w110",1.83821722080859,1.64745886208464,39
"b1.t39.p2.w119",1.61768399207944,1.47202236601094,39
"b1.t39.p2.w62",1.25697410817372,0.51153732864316,39
"b1.t39.p2.w63",1.66286503492467,1.15997546167362,39
"b1.t39.p2.w67",2.00073050911805,1.88126052241801,39
"b1.t39.p2.w68",1.73547532493216,1.30300325580603,39
"b1.t39.p2.w71",1.56445996096971,0.656722585141302,39
"b1.t39.p2.w79",1.51700691904709,1.34511226042699,39
"b1.t39.p2.w80",1.59795960296092,1.42339873378402,39
"b1.t39.p2.w82",1.47158218830215,1.3223724408549,39
"b1.t39.p2.w88",1.73062942955269,1.28610664245317,39
"b1.t39.p2.w92",1.92959917717547,0.810891196366122,39
"b1.t39.p2.w94",1.5632648656715,1.41319958033581,39
"b1.t39.p2.w95",1.66483864723198,1.50529400105476,39
"b1.t39.p2.w96",1.5395305889277,1.38835579807155,39
"b1.t43.p1.w1",-0.100362558092129,-0.18472380067642,43
"b1.t43.p1.w12",-0.0795162512600235,-0.245858503124248,43
"b1.t43.p1.w14",-1.09718184759219,-0.262166168867699,43
"b1.t43.p1.w18",-0.102593294416913,-0.18560157029914,43
"b1.t43.p1.w22",-0.0773224389082292,-0.139420669089669,43
"b1.t43.p1.w24",-0.120358134477977,-0.376121836945376,43
"b1.t43.p1.w26",-0.124608213308452,-0.326361469862615,43
"b1.t43.p1.w27",-0.810013898657854,-0.0985001340411439,43
"b1.t43.p1.w28",-0.0829318904438919,-0.244822685885487,43
"b1.t43.p1.w32",-0.100055223347322,-0.278769047572308,43
"b1.t43.p1.w33",-0.0897418654873242,-0.241562073202395,43
"b1.t43.p1.w34",-0.13886725568693,-0.357530672257333,43
"b1.t43.p1.w38",-0.0779882869399985,-0.220195770516569,43
"b1.t43.p1.w39",-0.0916520035184952,-0.227896785775937,43
"b1.t43.p1.w4",-0.45768217070392,-0.0330951767863186,43
"b1.t43.p1.w40",-0.126042417835376,-0.394592935010369,43
"b1.t43.p1.w46",-0.539569543565869,-0.0385354202500509,43
"b1.t43.p1.w48",-0.119642664816435,-0.247653812746143,43
"b1.t43.p1.w49",-0.0734058091459985,-0.163492466035174,43
"b1.t43.p1.w5",-0.102178394602583,-0.263637755962898,43
"b1.t43.p1.w50",-0.126778798216498,-0.256163265110099,43
"b1.t43.p1.w51",-0.105577446484705,-0.197310608102393,43
"b1.t43.p1.w53",0.165880357541013,-0.0119112812327161,43
"b1.t43.p1.w54",-0.0760113687418581,-0.16737612014254,43
"b1.t43.p1.w55",-0.0913529112643113,-0.161098126000439,43
"b1.t43.p1.w56",-0.140050070822703,-0.01061402290519,43
"b1.t43.p1.w58",-1.08118418577419,-0.200244280613514,43
"b1.t43.p1.w59",-0.476636443123829,-0.0103529455294002,43
"b1.t43.p2.w100",-0.0961288440370459,-0.327933893570834,43
"b1.t43.p2.w101",-0.0428140725708456,-0.20197294106615,43
"b1.t43.p2.w107",-0.109857903361935,-0.240160414783555,43
"b1.t43.p2.w108",-0.0563188420029509,-0.172250597117385,43
"b1.t43.p2.w109",-0.0933088329249614,-0.236761775377818,43
"b1.t43.p2.w114",-0.198554792167187,-0.0532266102497612,43
"b1.t43.p2.w116",-0.811931651376503,-0.166204029857498,43
"b1.t43.p2.w117",-0.425181576031487,0.000985595290516728,43
"b1.t43.p2.w118",-0.627021567569685,-0.0434115582801973,43
"b1.t43.p2.w120",-0.761362328543699,-0.162106403875897,43
"b1.t43.p2.w63",-0.632394180147904,-0.159631362883056,43
"b1.t43.p2.w66",-0.111792186195314,-0.298465289742042,43
"b1.t43.p2.w67",-1.8605814564661,-0.284822546270413,43
"b1.t43.p2.w71",-0.0759946003333605,-0.241712976807005,43
"b1.t43.p2.w76",-0.0765759224794777,-0.277326141090368,43
"b1.t43.p2.w85",-0.0752866544494612,0.0801196649824342,43
"b1.t43.p2.w87",-1.04605409658583,-0.249044578911135,43
"b1.t43.p2.w88",-0.115807588584577,-0.260203934617313,43
"b1.t43.p2.w92",-0.113888751534846,-0.402781712084804,43
"b1.t43.p2.w94",-0.0649170216201062,-0.288319019377808,43
"b1.t43.p2.w95",-0.0907805869708899,-0.320261361963839,43
"b1.t43.p2.w97",-0.123787035802056,-0.181801261208557,43
"b1.t43.p2.w99",-0.353336770412851,-0.0254883511090943,43
"b1.t8.p1.w10",0.275895512400857,0.223202751557287,8
"b1.t8.p1.w13",0.318480302361567,0.306070631936039,8
"b1.t8.p1.w15",0.295321791480443,0.277402960203177,8
"b1.t8.p1.w17",0.284448534460712,0.264357491100915,8
"b1.t8.p1.w18",0.261621349787743,0.264577093428172,8
"b1.t8.p1.w2",0.278770225754409,0.246794001083474,8
"b1.t8.p1.w23",0.305989424854843,0.287863974660094,8
"b1.t8.p1.w26",0.293990131414628,0.276630150925325,8
"b1.t8.p1.w27",0.275829331494053,0.258078180432059,8
"b1.t8.p1.w29",0.255116664823659,0.226300775110022,8
"b1.t8.p1.w3",0.0226072319833015,0.138957262095917,8
"b1.t8.p1.w30",0.281512267155828,0.236390153654548,8
"b1.t8.p1.w31",0.272415966486233,0.256132617240172,8
"b1.t8.p1.w33",0.263674117241591,0.247854147762526,8
"b1.t8.p1.w35",0.325498036306433,0.298259558457981,8
"b1.t8.p1.w37",0.279794530249949,0.242611760844893,8
"b1.t8.p1.w38",0.303029534497131,0.259598894805693,8
"b1.t8.p1.w40",0.276467420758354,0.256340388658369,8
"b1.t8.p1.w41",0.27816611009775,0.280132172085856,8
"b1.t8.p1.w44",0.0991247023344307,0.107718222789612,8
"b1.t8.p1.w49",0.295181701283071,0.271889594493603,8
"b1.t8.p1.w50",-0.0640819389744581,0.0391505933599346,8
"b1.t8.p1.w51",0.291609156956063,0.268999250995662,8
"b1.t8.p1.w6",0.26659590498992,0.244536076646598,8
"b1.t8.p1.w60",0.284710329025925,0.27094640564261,8
"b1.t8.p1.w7",0.27889547732872,0.254980773891868,8
"b1.t8.p1.w9",0.0648303333228399,0.122845130672823,8
"b1.t8.p2.w106",-0.309411610160484,-0.0331850410402909,8
"b1.t8.p2.w109",0.323500801877761,0.273884856774316,8
"b1.t8.p2.w110",0.295358391767831,0.269241358389299,8
"b1.t8.p2.w115",-0.218500146552445,-0.00976996751049012,8
"b1.t8.p2.w116",-0.136308862867852,0.0187330445414404,8
"b1.t8.p2.w118",0.322401456656587,0.280829961219902,8
"b1.t8.p2.w120",0.270550953499524,0.218404677846777,8
"b1.t8.p2.w62",-0.18339414812426,-0.0213364080448517,8
"b1.t8.p2.w64",0.310463025524543,0.279857171913179,8
"b1.t8.p2.w65",0.307256377782858,0.275381122092525,8
"b1.t8.p2.w66",-0.213520351860882,-0.0243456089887632,8
"b1.t8.p2.w71",0.29313167282772,0.275487861442682,8
"b1.t8.p2.w72",0.269959144064969,0.23945732695563,8
"b1.t8.p2.w75",0.336441945578148,0.288432029559845,8
"b1.t8.p2.w76",0.321778036501646,0.273004838725077,8
"b1.t8.p2.w79",0.317175087884983,0.272463787360792,8
"b1.t8.p2.w82",0.308981139795505,0.268452763292514,8
"b1.t8.p2.w88",0.297897160433407,0.258285235206808,8
"b1.t8.p2.w91",-0.379491565025332,-0.0390169627140159,8
"b1.t8.p2.w94",0.300090910226294,0.250891445320629,8
"b1.t8.p2.w95",0.317740186718529,0.287301811363237,8
"b1.t8.p2.w97",0.317990820365502,0.296216096940012,8
"b1.t8.p2.w98",0.309949180084607,0.280812896501068,8
"b1.t8.p2.w99",0.324639057413944,0.294692731445117,8
"b2.t14.p1.w13",0.616302906236606,0.577845672860244,14
"b2.t14.p1.w15",0.601232486428426,0.501358166899829,14
"b2.t14.p1.w17",0.69715395190859,0.593082475089192,14
"b2.t14.p1.w2",0.806522946258352,0.727040435829261,14
"b2.t14.p1.w27",0.607842740031771,0.544873839655715,14
"b2.t14.p1.w28",0.660510878885584,0.597072570199114,14
"b2.t14.p1.w29",0.789957054769458,0.700872003806217,14
"b2.t14.p1.w3",0.708373224692225,0.63331940652761,14
"b2.t14.p1.w32",0.59330795203607,0.537978524774766,14
"b2.t14.p1.w33",0.623100747671495,0.625287225738487,14
"b2.t14.p1.w35",0.684284849504018,0.574749122214586,14
"b2.t14.p1.w42",0.691704296766434,0.62528542696828,14
"b2.t14.p1.w44",0.640659818591162,0.559390893604398,14
"b2.t14.p1.w45",0.667816208539002,0.601930737190693,14
"b2.t14.p1.w48",0.657375328374157,0.558525355932152,14
"b2.t14.p1.w49",0.704261134447336,0.632916029219543,14
"b2.t14.p1.w5",0.756930378302582,0.70383699205551,14
"b2.t14.p1.w51",0.603766265023556,0.504179777778045,14
"b2.t14.p1.w53",0.705062865154854,0.624102893587725,14
"b2.t14.p1.w54",0.737409838017482,0.628269622058072,14
"b2.t14.p1.w56",0.757924548333831,0.638867211149136,14
"b2.t14.p1.w60",0.734442116833499,0.674273608296749,14
"b2.t14.p1.w8",0.721267798240208,0.640949009302012,14
"b2.t14.p2.w101",0.652319090518193,0.545113906834595,14
"b2.t14.p2.w102",0.633697124912034,0.547933842832209,14
"b2.t14.p2.w105",0.74054372729543,0.600051064729247,14
"b2.t14.p2.w106",0.808002801477145,0.757518049396267,14
"b2.t14.p2.w107",0.72650404163568,0.626010857544792,14
"b2.t14.p2.w108",0.784509625816863,0.703422449632191,14
"b2.t14.p2.w110",0.803614434773361,0.706551118726225,14
"b2.t14.p2.w113",0.737181385863956,0.636513948951241,14
"b2.t14.p2.w114",0.720164177380665,0.625169265761088,14
"b2.t14.p2.w117",0.744398047439254,0.684662426489457,14
"b2.t14.p2.w119",0.716818007243011,0.649549301847916,14
"b2.t14.p2.w61",0.695823837073897,0.590493488647261,14
"b2.t14.p2.w63",0.706973842211706,0.67201580682621,14
"b2.t14.p2.w64",0.713935833263555,0.619265694798735,14
"b2.t14.p2.w65",0.711507613892094,0.62754962981537,14
"b2.t14.p2.w68",0.67193622328002,0.597888383857714,14
"b2.t14.p2.w72",0.703686455674849,0.60739158526228,14
"b2.t14.p2.w76",0.726698354108274,0.637096913298601,14
"b2.t14.p2.w80",0.715273463629872,0.624806542482391,14
"b2.t14.p2.w83",0.699367659963553,0.608571933860081,14
"b2.t14.p2.w84",0.759832901559169,0.750808153278388,14
"b2.t14.p2.w86",-0.165531498845132,0.070909862631483,14
"b2.t14.p2.w90",0.636062963851405,0.565024969192991,14
"b2.t14.p2.w91",0.707381087842342,0.649106641651263,14
"b2.t14.p2.w93",0.737387656634268,0.64262800555258,14
"b2.t14.p2.w94",0.676822524996533,0.572346752169938,14
"b2.t14.p2.w98",0.66334294295998,0.589116782759754,14
"b2.t14.p2.w99",0.67933079626707,0.618376398867079,14
"b2.t20.p1.w11",1.47029870024012,1.38801315729076,20
"b2.t20.p1.w12",1.35501269815431,1.31733474711804,20
"b2.t20.p1.w13",1.37739441137391,1.29574330146696,20
"b2.t20.p1.w15",1.46590188527612,1.39943376265385,20
"b2.t20.p1.w16",1.47626377630381,1.40147579787933,20
"b2.t20.p1.w17",1.44179916679553,1.39017292553959,20
"b2.t20.p1.w18",1.55029011780638,1.43302514857451,20
"b2.t20.p1.w2",1.31802708406111,1.15067910164507,20
"b2.t20.p1.w20",1.50294039824849,1.4464639558137,20
"b2.t20.p1.w24",1.47643837382734,1.29662231740851,20
"b2.t20.p1.w25",1.50804277991537,1.4841938405038,20
"b2.t20.p1.w26",1.45512581076222,1.45133959083855,20
"b2.t20.p1.w27",1.3464719466552,1.34028793167,20
"b2.t20.p1.w32",1.45731946107623,1.31168038722021,20
"b2.t20.p1.w34",1.52133791572981,1.48783891124339,20
"b2.t20.p1.w35",1.45166839839197,1.41792087267421,20
"b2.t20.p1.w38",1.36785576893738,1.33046011840193,20
"b2.t20.p1.w39",1.46575779993447,1.3556164068884,20
"b2.t20.p1.w4",1.58257726941173,1.46251729326196,20
"b2.t20.p1.w40",1.43602254803747,1.40685069812381,20
"b2.t20.p1.w49",1.41268608036076,1.30383102063295,20
"b2.t20.p1.w5",1.39004160362953,1.39086892265798,20
"b2.t20.p1.w51",1.55925429065546,1.51636962690686,20
"b2.t20.p1.w56",1.4955184141027,1.44124780285889,20
"b2.t20.p1.w58",1.48805679677591,1.46721010299754,20
"b2.t20.p1.w6",1.36374131070175,1.3343308702552,20
"b2.t20.p1.w8",1.40594479386947,1.3660006847884,20
"b2.t20.p2.w100",1.45874902266494,1.47117068457668,20
"b2.t20.p2.w102",1.50002201613206,1.46197198492648,20
"b2.t20.p2.w103",1.40537112573286,1.36844969061424,20
"b2.t20.p2.w104",1.36236281843135,1.3861251523659,20
"b2.t20.p2.w106",1.455870122077,1.45761624182603,20
"b2.t20.p2.w108",1.38171883693874,1.21627603266858,20
"b2.t20.p2.w110",1.44122594392397,1.40610462146825,20
"b2.t20.p2.w114",1.48311189350742,1.40431667236238,20
"b2.t20.p2.w115",1.40787647995506,1.41331213728111,20
"b2.t20.p2.w117",1.33564228327265,1.3223637845402,20
"b2.t20.p2.w119",1.60772731754893,1.5015490351759,20
"b2.t20.p2.w62",1.43492623248716,1.40896233147033,20
"b2.t20.p2.w66",1.43550272302492,1.40657114379473,20
"b2.t20.p2.w67",1.57263845913261,1.46831466947646,20
"b2.t20.p2.w69",1.50742296469313,1.48582428049926,20
"b2.t20.p2.w71",1.49205392499211,1.45424323747371,20
"b2.t20.p2.w74",1.40595665534996,1.43284739728761,20
"b2.t20.p2.w75",1.27774872284551,1.32715028284626,20
"b2.t20.p2.w79",1.43832870840244,1.37467121252901,20
"b2.t20.p2.w80",1.46531953077121,1.42559669924985,20
"b2.t20.p2.w82",1.43214915338407,1.42295935628865,20
"b2.t20.p2.w87",1.30837068321088,1.30522185878697,20
"b2.t20.p2.w91",1.45717394608952,1.43154891697287,20
"b2.t20.p2.w93",1.54946687090921,1.41856554851011,20
"b2.t25.p1.w10",2.21643121944931,1.8222500698467,25
"b2.t25.p1.w13",2.12490153650172,1.79113344703142,25
"b2.t25.p1.w14",2.15413702491974,1.78265904521419,25
"b2.t25.p1.w15",2.28584731957328,1.85073703729388,25
"b2.t25.p1.w19",2.13688565641824,1.791031327433,25
"b2.t25.p1.w2",2.01846038392507,1.73474520815022,25
"b2.t25.p1.w21",1.95467709195224,1.72264737186976,25
"b2.t25.p1.w25",2.28164308362348,1.8921766813335,25
"b2.t25.p1.w29",2.28724283828987,1.88745971934405,25
"b2.t25.p1.w30",2.31737679582383,1.93351028995934,25
"b2.t25.p1.w31",1.94933061178307,1.60348389091778,25
"b2.t25.p1.w32",2.11610985387303,1.75702050578824,25
"b2.t25.p1.w33",2.2402103963725,1.87757370935626,25
"b2.t25.p1.w34",2.10859790032488,1.79546147147983,25
"b2.t25.p1.w35",2.27974559082532,1.88358918419906,25
"b2.t25.p1.w37",2.19811360736333,1.84627379856949,25
"b2.t25.p1.w39",2.26833989505735,1.95696008138727,25
"b2.t25.p1.w4",2.12947817468948,1.80812525806214,25
"b2.t25.p1.w40",2.06056441607361,1.7546809868305,25
"b2.t25.p1.w42",2.28559387149181,1.91993308042387,25
"b2.t25.p1.w43",2.11008849646752,1.77905243605912,25
"b2.t25.p1.w44",2.00046768708948,1.70528912613604,25
"b2.t25.p1.w47",2.38137184117269,1.94554190375446,25
"b2.t25.p1.w48",2.03977679168052,1.70196514412638,25
"b2.t25.p1.w50",2.1672228099477,1.83161965946176,25
"b2.t25.p1.w52",1.90600990082331,1.62347072168504,25
"b2.t25.p1.w53",1.85748282110254,1.57384783171376,25
"b2.t25.p1.w57",2.06380738210677,1.7656643886853,25
"b2.t25.p1.w58",2.04655832378205,1.72391297746013,25
"b2.t25.p1.w60",2.32066861525533,1.9088553019809,25
"b2.t25.p1.w9",2.17654505526309,1.85895056352042,25
"b2.t25.p2.w100",2.39909577838612,1.9614882602088,25
"b2.t25.p2.w101",1.86713969698476,1.58608275173761,25
"b2.t25.p2.w106",2.30459476155952,1.91822273792287,25
"b2.t25.p2.w110",2.24812369572928,1.90229291529921,25
"b2.t25.p2.w112",2.08850206468933,1.77764374258305,25
"b2.t25.p2.w113",2.16533855733399,1.8290348089116,25
"b2.t25.p2.w114",2.2345364478764,1.84758274046966,25
"b2.t25.p2.w118",2.47242279555382,2.04455747800307,25
"b2.t25.p2.w119",2.33548525368686,1.97074388121355,25
"b2.t25.p2.w63",2.28825709040223,1.92400291181898,25
"b2.t25.p2.w64",2.42854304348843,1.98657838848314,25
"b2.t25.p2.w69",2.13651391468046,1.80058622231834,25
"b2.t25.p2.w70",2.17906342606795,1.84333111573493,25
"b2.t25.p2.w75",2.31306344059706,1.91324074092994,25
"b2.t25.p2.w81",2.04187730246545,1.77149430044836,25
"b2.t25.p2.w85",2.25296825614443,1.8709039705945,25
"b2.t25.p2.w89",2.32405037337518,1.96077842270349,25
"b2.t25.p2.w90",2.30227175020153,1.90783918591711,25
"b2.t25.p2.w95",2.43438167164056,2.01664698933856,25
"b2.t25.p2.w98",2.45337219466653,2.01110748514703,25
"b2.t30.p1.w1",0.209078265582937,0.181735625176594,30
"b2.t30.p1.w10",-0.127935520932805,-0.0228255799977775,30
"b2.t30.p1.w12",-0.0626311681030135,-0.134837994571197,30
"b2.t30.p1.w13",0.207329298413149,0.158765720150748,30
"b2.t30.p1.w14",0.819068212316073,0.770220564996204,30
"b2.t30.p1.w17",0.232159040131343,0.10645932527627,30
"b2.t30.p1.w18",-0.216148650806226,-0.0976713523567246,30
"b2.t30.p1.w19",-0.439593343459705,-0.136401080628534,30
"b2.t30.p1.w2",0.133581185694944,0.166823395884819,30
"b2.t30.p1.w25",0.433321211243282,0.206047422618758,30
"b2.t30.p1.w26",0.357049913976012,0.330700307627926,30
"b2.t30.p1.w27",3.11583786903335,1.6674072941149,30
"b2.t30.p1.w3",-0.158124283041978,-0.0977464564645207,30
"b2.t30.p1.w31",1.83421037380314,1.66706567974989,30
"b2.t30.p1.w33",0.269453093695527,0.102980101646665,30
"b2.t30.p1.w34",1.71549786627591,1.56807007215787,30
"b2.t30.p1.w39",0.608865324816007,0.615484325012116,30
"b2.t30.p1.w42",0.66333267161955,0.676809280188085,30
"b2.t30.p1.w43",-0.0758980717822164,-0.17923218570419,30
"b2.t30.p1.w44",0.587351491210691,0.269130570374511,30
"b2.t30.p1.w45",0.688863349199498,0.721521653688039,30
"b2.t30.p1.w46",1.79653827819041,1.59895875157247,30
"b2.t30.p1.w48",-0.19230742363674,-0.114273906525992,30
"b2.t30.p1.w49",1.55575915310405,1.44217017291808,30
"b2.t30.p1.w53",0.431215521411503,0.400519013449392,30
"b2.t30.p1.w54",0.079291203315605,-0.0229875098752916,30
"b2.t30.p1.w55",-0.301245153473975,-0.143612156004,30
"b2.t30.p1.w56",0.342443103346826,0.349165424488046,30
"b2.t30.p1.w58",0.476119775816974,0.252787003843408,30
"b2.t30.p1.w6",1.86857538473789,1.69860942300423,30
"b2.t30.p1.w7",1.18375358383406,1.18460095120917,30
"b2.t30.p1.w8",1.66339914137034,1.51206839536543,30
"b2.t30.p10.w543",0.358544737252765,0.22054215359825,30
"b2.t30.p10.w544",0.31551130869966,0.289754245763976,30
"b2.t30.p10.w545",1.68322879840188,1.33603095202884,30
"b2.t30.p10.w546",0.134899523833383,0.086301579976131,30
"b2.t30.p10.w548",1.53795373357537,1.28072473195912,30
"b2.t30.p10.w549",-0.322557980769866,-0.100682401602479,30
"b2.t30.p10.w550",2.25031046867357,1.82320518910188,30
"b2.t30.p10.w551",-0.116187590720432,-0.166899463349569,30
"b2.t30.p10.w553",0.572390500268093,0.418990439861778,30
"b2.t30.p10.w554",2.41153800104075,1.94201304993787,30
"b2.t30.p10.w555",-0.0868879472750084,-0.200908780034945,30
"b2.t30.p10.w556",0.0939777113375602,0.124121582852467,30
"b2.t30.p10.w557",0.239350286117007,0.0985265505321548,30
"b2.t30.p10.w559",2.19110251227542,1.86351337155727,30
"b2.t30.p10.w560",-0.125388395413209,-0.140017120335082,30
"b2.t30.p10.w562",0.844339807022301,0.716415844969739,30
"b2.t30.p10.w563",0.459999872769925,0.255998520207674,30
"b2.t30.p10.w565",-0.125359122796794,-0.111946268940904,30
"b2.t30.p10.w566",0.342641429210238,0.174480956891542,30
"b2.t30.p10.w567",0.617281879976088,0.338297582302724,30
"b2.t30.p10.w570",1.68292450657985,1.31827407536184,30
"b2.t30.p10.w572",0.440274364376196,0.170271132605489,30
"b2.t30.p10.w577",0.582750818751217,0.302031713876725,30
"b2.t30.p10.w578",2.34032164705622,1.84114959484831,30
"b2.t30.p10.w579",2.30954145267132,1.86514426454163,30
"b2.t30.p10.w580",-0.033151431578233,0.0947983002083557,30
"b2.t30.p10.w582",-0.149283606702887,-0.235058975539961,30
"b2.t30.p10.w583",2.53921185222227,1.98065567045793,30
"b2.t30.p10.w587",-0.164587803739028,-0.0398724871223048,30
"b2.t30.p10.w591",2.2839097817187,1.34350011581919,30
"b2.t30.p10.w592",2.65281115793037,2.10133054457673,30
"b2.t30.p10.w596",1.29412357043631,1.08014949362922,30
"b2.t30.p10.w597",-0.578340963260925,-0.120738933402123,30
"b2.t30.p10.w598",-0.102421205365908,0.0426857665043854,30
"b2.t30.p11.w601",3.3237575793828,1.93158726026986,30
"b2.t30.p11.w602",1.644716533549,1.38763612966355,30
"b2.t30.p11.w604",-0.0044149569293157,0.0574885505024645,30
"b2.t30.p11.w605",0.584348526991738,0.475971102864146,30
"b2.t30.p11.w610",0.185214144499542,0.117468614158315,30
"b2.t30.p11.w612",0.172594425141158,0.125629775906775,30
"b2.t30.p11.w613",1.58351809507447,1.31438370766862,30
"b2.t30.p11.w615",1.53178288090986,1.32163282632176,30
"b2.t30.p11.w620",0.407594282153894,0.177658880178932,30
"b2.t30.p11.w621",-0.162516755215847,-0.231347454709818,30
"b2.t30.p11.w623",-0.137835446351569,-0.00334566159734764,30
"b2.t30.p11.w624",0.160863470610071,0.0914784372024097,30
"b2.t30.p11.w625",1.70040230262556,1.40749332875928,30
"b2.t30.p11.w626",2.56148898698847,2.08275291438029,30
"b2.t30.p11.w627",1.5237538084172,1.26985896508391,30
"b2.t30.p11.w629",2.31227497489861,1.82349823232582,30
"b2.t30.p11.w631",-0.256402344645744,-0.0814323352998134,30
"b2.t30.p11.w632",1.07169668378286,0.828799560454386,30
"b2.t30.p11.w634",0.347098054632094,0.193787145771002,30
"b2.t30.p11.w639",0.514476849303939,0.306645344771981,30
"b2.t30.p11.w640",0.400267931524666,0.309508378777169,30
"b2.t30.p11.w642",0.000166028105568771,0.120684669330472,30
"b2.t30.p11.w643",-0.103424609231455,0.0252726722295528,30
"b2.t30.p11.w644",0.215069349837502,0.156936546808833,30
"b2.t30.p11.w645",-0.346582483768919,-0.00308368565537204,30
"b2.t30.p11.w647",0.899012402433825,0.753660698703535,30
"b2.t30.p11.w648",2.13581551965355,1.82115359250575,30
"b2.t30.p11.w649",0.87945508964916,0.421993916637312,30
"b2.t30.p11.w652",-0.156448584348773,-0.200450933882,30
"b2.t30.p11.w653",0.34694659199006,0.388681494409847,30
"b2.t30.p11.w655",0.218341868126378,0.115861941379808,30
"b2.t30.p11.w656",-6.74912800457615e-16,0,30
"b2.t30.p12.w661",0.334309525084211,0.165204015061821,30
"b2.t30.p12.w666",1.7008095610005,1.42840127305612,30
"b2.t30.p12.w668",0.478862997873389,0.21745754246751,30
"b2.t30.p12.w669",-0.0841267935164223,-0.231472370439921,30
"b2.t30.p12.w671",-0.0264579162815785,-0.134188492614974,30
"b2.t30.p12.w672",1.64071973807505,1.38612042700546,30
"b2.t30.p12.w673",0.382916030056401,0.209594355282119,30
"b2.t30.p12.w674",0.520289331862502,0.282435938955109,30
"b2.t30.p12.w675",0.124323263808165,0.0179569788591591,30
"b2.t30.p12.w679",0.119392076543689,0.134937439010058,30
"b2.t30.p12.w681",2.11493766826551,1.24281894501598,30
"b2.t30.p12.w684",1.85988336192606,1.53892592257123,30
"b2.t30.p12.w685",1.95053657567466,1.5767127105079,30
"b2.t30.p12.w688",0.238017350347647,0.0732696227051469,30
"b2.t30.p12.w689",1.585129349537,1.35001556204547,30
"b2.t30.p12.w691",0.82831309103431,0.688746908637981,30
"b2.t30.p12.w692",1.5948965743003,1.36859250246805,30
"b2.t30.p12.w693",1.69703930817002,1.40786419907451,30
"b2.t30.p12.w700",0.647157560699739,0.307393046867895,30
"b2.t30.p12.w701",-0.106915491667774,0.0112908056177351,30
"b2.t30.p12.w702",-0.0838192493083002,-0.0966251414920712,30
"b2.t30.p12.w703",-0.660997611075879,-0.283324191659067,30
"b2.t30.p12.w704",1.6400712050492,1.40397550079035,30
"b2.t30.p12.w705",0.129129966423707,0.133743583340758,30
"b2.t30.p12.w706",1.74540230114248,1.46437348872454,30
"b2.t30.p12.w708",-0.11066496723693,-0.232711466740032,30
"b2.t30.p12.w709",0.148644714423471,0.0247498439898019,30
"b2.t30.p12.w713",-0.262224855578032,-0.130649058674377,30
"b2.t30.p12.w715",0.358481928652186,0.162482654628002,30
"b2.t30.p12.w716",1.13725946805795,0.927949692446598,30
"b2.t30.p13.w721",-0.345436365274533,-0.106033980889469,30
"b2.t30.p13.w725",0.454190290581097,0.366124982872595,30
"b2.t30.p13.w726",-0.147143094559939,-0.0479864124809487,30
"b2.t30.p13.w728",2.25178670803008,1.81221811955846,30
"b2.t30.p13.w729",2.41881239986388,1.95932373518557,30
"b2.t30.p13.w730",0.44857625859683,0.200275986372858,30
"b2.t30.p13.w733",0.131625721301782,0.0345087320493571,30
"b2.t30.p13.w735",1.2852709495466,0.692468163162306,30
"b2.t30.p13.w736",2.34633754970273,1.83809949569591,30
"b2.t30.p13.w737",0.272220025947325,0.138352974651027,30
"b2.t30.p13.w738",0.0295215879113132,-0.0188517655461594,30
"b2.t30.p13.w739",-0.200689931063539,-0.064400790045953,30
"b2.t30.p13.w740",0.642720539904625,0.340665414862611,30
"b2.t30.p13.w746",2.28738382198832,1.84150331051158,30
"b2.t30.p13.w747",2.29731240448701,1.81102807353014,30
"b2.t30.p13.w749",0.801369556199464,0.635238290599282,30
"b2.t30.p13.w751",0.772715146744757,0.389226587421616,30
"b2.t30.p13.w753",0.170204160100435,0.0828453584571046,30
"b2.t30.p13.w756",0.307801706001257,0.150638156811493,30
"b2.t30.p13.w762",-0.150500070210509,-0.314262563535339,30
"b2.t30.p13.w763",1.44556195014221,1.1908069518659,30
"b2.t30.p13.w764",0.613545121835278,0.454101565190172,30
"b2.t30.p13.w765",0.820927201572539,0.420608920275602,30
"b2.t30.p13.w767",1.98846320931015,1.57657067132565,30
"b2.t30.p13.w768",0.408011352659847,0.207025724673723,30
"b2.t30.p13.w773",3.05819555350252,1.84061593978315,30
"b2.t30.p13.w778",0.282179383578116,0.233120772233797,30
"b2.t30.p14.w781",0.576025564071146,0.435495801039421,30
"b2.t30.p14.w782",1.80298452248915,1.08639571437418,30
"b2.t30.p14.w784",1.04757451597369,0.789340552873332,30
"b2.t30.p14.w785",3.10925782930654,1.81589942903992,30
"b2.t30.p14.w789",0.111848507836603,0.0290939797849941,30
"b2.t30.p14.w791",0.432445779743814,0.383330191137928,30
"b2.t30.p14.w792",2.24371381678822,1.74726188252329,30
"b2.t30.p14.w796",2.35178203402584,1.88218977993012,30
"b2.t30.p14.w801",0.0730297987445786,0.065066057767105,30
"b2.t30.p14.w806",2.25609538491123,1.82362926752091,30
"b2.t30.p14.w807",2.60088038068203,2.03138291132795,30
"b2.t30.p14.w808",1.45397851762142,1.15290590306234,30
"b2.t30.p14.w809",2.87694824479871,1.68650025576683,30
"b2.t30.p14.w810",2.35870304545043,1.86487042181367,30
"b2.t30.p14.w814",2.35214055565951,1.86234977977485,30
"b2.t30.p14.w815",-0.0417213984348818,-0.0553308543813874,30
"b2.t30.p14.w816",0.0762803244298796,0.0548692882901827,30
"b2.t30.p14.w817",-0.138486079739897,-0.177007535076858,30
"b2.t30.p14.w818",2.23104780567436,1.80680867256746,30
"b2.t30.p14.w819",1.89954939784957,1.51481276698981,30
"b2.t30.p14.w821",0.295996343881193,0.141923320463076,30
"b2.t30.p14.w822",2.41528513854215,1.93048467805023,30
"b2.t30.p14.w824",0.115189864574764,0.0404637798138802,30
"b2.t30.p14.w825",0.376695229324581,0.102177578420211,30
"b2.t30.p14.w827",-0.108361733605099,-0.18055822092131,30
"b2.t30.p14.w828",1.55715835142923,1.33790606367629,30
"b2.t30.p14.w829",-0.504203668381756,-0.213972199557001,30
"b2.t30.p14.w833",0.353388890756412,0.302187404747914,30
"b2.t30.p14.w835",2.41784635986677,1.86810057810708,30
"b2.t30.p14.w837",0.655041873391279,0.389546415735398,30
"b2.t30.p14.w838",0.813928432459191,0.590904605193268,30
"b2.t30.p14.w839",0.524659390838582,0.418140988939517,30
"b2.t30.p14.w840",0.442559187755461,0.145033796115517,30
"b2.t30.p15.w841",0.192240553944632,0.0956603334078529,30
"b2.t30.p15.w845",-0.0765380615677738,-0.0883827156947177,30
"b2.t30.p15.w846",-0.122103028904514,-0.0823730923251525,30
"b2.t30.p15.w848",-0.155090811774921,-0.283615283221274,30
"b2.t30.p15.w858",0.573489528426928,0.309785163970594,30
"b2.t30.p15.w859",2.35478445337566,1.90392159907422,30
"b2.t30.p15.w860",-0.115466553833437,-0.151432031731284,30
"b2.t30.p15.w861",2.43487155045776,1.92145414487106,30
"b2.t30.p15.w862",-0.0784408778801191,-0.0469355781792811,30
"b2.t30.p15.w863",1.66687781598214,1.3396808356467,30
"b2.t30.p15.w864",0.137725076680138,0.0225915190698082,30
"b2.t30.p15.w869",0.160856802940464,0.0937492624475489,30
"b2.t30.p15.w870",1.2076567892282,0.687442261595912,30
"b2.t30.p15.w873",-0.0383309362308699,0.0339721953067105,30
"b2.t30.p15.w877",-0.190328767845528,-0.188202070580902,30
"b2.t30.p15.w880",1.1930309988583,0.808845743895734,30
"b2.t30.p15.w881",-0.133353333450339,-0.0788539264544019,30
"b2.t30.p15.w885",-0.100542424476481,-0.118713649017285,30
"b2.t30.p15.w886",0.952927623470883,0.648373984243716,30
"b2.t30.p15.w887",1.93679241094696,1.5467097728505,30
"b2.t30.p15.w888",0.556450079745787,0.251719311680173,30
"b2.t30.p15.w890",1.96851697550472,1.63861371308458,30
"b2.t30.p15.w894",0.158973720052843,0.0564220180421001,30
"b2.t30.p15.w895",1.5172970801712,1.13427830660322,30
"b2.t30.p15.w898",2.21043667366372,1.29055826536693,30
"b2.t30.p15.w899",1.52802830945783,1.27547755347404,30
"b2.t30.p16.w901",0.444051902790161,0.183650374643496,30
"b2.t30.p16.w903",1.95647676684088,1.10740780278107,30
"b2.t30.p16.w904",0.120260485174441,0.0685654442450817,30
"b2.t30.p16.w905",0.475699765301588,0.310443085179787,30
"b2.t30.p16.w906",-0.34218293886752,-0.0902493414191294,30
"b2.t30.p16.w909",-0.119866309571383,-0.170977277668493,30
"b2.t30.p16.w910",1.21238750690168,0.676226363848443,30
"b2.t30.p16.w911",0.225585954151928,0.0887271508594633,30
"b2.t30.p16.w912",1.13188677313259,0.629032534294506,30
"b2.t30.p16.w914",0.173667413830585,0.0978610760491542,30
"b2.t30.p16.w915",1.75978726748714,1.33699050214552,30
"b2.t30.p16.w920",0.189030448455126,0.0541893870171475,30
"b2.t30.p16.w922",0.852118504950466,0.409561323939476,30
"b2.t30.p16.w925",2.04663777406185,1.5326058045582,30
"b2.t30.p16.w930",-0.326359822755027,-0.0225043813267095,30
"b2.t30.p16.w931",0.163789526147847,0.0850450747671342,30
"b2.t30.p16.w932",0.122186602327197,0.157867618698924,30
"b2.t30.p16.w936",0.53771406530495,0.307777505006557,30
"b2.t30.p16.w938",2.29899769059626,1.38985107749662,30
"b2.t30.p16.w940",-0.0797947562733864,0.0589175663942179,30
"b2.t30.p16.w945",-0.14190859715634,-0.18997906504199,30
"b2.t30.p16.w946",1.94052839915673,1.13874462305255,30
"b2.t30.p16.w949",2.02537245219228,1.50301512054829,30
"b2.t30.p16.w951",-0.0284562772846776,-0.172515219853774,30
"b2.t30.p16.w953",-0.321041455759125,-0.0602063401560833,30
"b2.t30.p16.w955",-0.0890864216151479,-0.256970238062938,30
"b2.t30.p16.w956",2.43315119518378,1.28360226286339,30
"b2.t30.p17.w1000",1.78336749923525,1.46610050282595,30
"b2.t30.p17.w1001",1.99269062689976,1.47005503230481,30
"b2.t30.p17.w1006",-0.199297724215911,0.015445164188782,30
"b2.t30.p17.w1007",0.719343374555891,0.323286766209623,30
"b2.t30.p17.w1008",0.600824804500895,0.378597465119573,30
"b2.t30.p17.w1011",0.0247621675990813,-0.123781714689767,30
"b2.t30.p17.w1015",0.80058538791696,0.556260607962894,30
"b2.t30.p17.w1018",2.06589537159901,1.54156931517134,30
"b2.t30.p17.w1019",0.0450871998084771,-0.133344464092714,30
"b2.t30.p17.w1020",1.63325728019557,1.32155838959541,30
"b2.t30.p17.w963",-0.0473881078157228,-0.150651567248346,30
"b2.t30.p17.w964",-0.131336633133876,-0.20233144985616,30
"b2.t30.p17.w965",2.84000051270476,1.49857645757129,30
"b2.t30.p17.w967",0.590481018113945,0.277134252962538,30
"b2.t30.p17.w968",0.312374512957628,0.16269431940122,30
"b2.t30.p17.w969",-0.130459039570777,-0.10656671372561,30
"b2.t30.p17.w970",1.76917492564646,1.2960330614164,30
"b2.t30.p17.w971",2.00863967304502,1.43550867745083,30
"b2.t30.p17.w972",1.86314201561539,1.36860537268477,30
"b2.t30.p17.w974",0.0377002809129157,-0.118961008472853,30
"b2.t30.p17.w975",-0.0835779669146051,0.0691138380339993,30
"b2.t30.p17.w978",2.92239572744956,1.60742856831327,30
"b2.t30.p17.w980",0.540377141970883,0.247498409332664,30
"b2.t30.p17.w981",0.576935628264392,0.292859880094816,30
"b2.t30.p17.w982",-0.127893328186413,-0.0708786211011105,30
"b2.t30.p17.w983",0.315917023449924,0.150986913051399,30
"b2.t30.p17.w984",0.360179670979944,0.148407188132617,30
"b2.t30.p17.w985",2.15740804487162,1.58395152878258,30
"b2.t30.p17.w986",0.319395031474124,0.221429170680557,30
"b2.t30.p17.w989",-0.135795849864942,-0.310404039157752,30
"b2.t30.p17.w990",0.0291779814133654,-0.128836076552142,30
"b2.t30.p17.w994",0.950538666244736,0.523630243360337,30
"b2.t30.p17.w995",0.40455416277633,0.18608734268026,30
"b2.t30.p17.w998",2.22651150486541,1.31494644848339,30
"b2.t30.p18.w1022",2.67942118593393,1.58360251870818,30
"b2.t30.p18.w1023",0.566109238699105,0.256755917320186,30
"b2.t30.p18.w1025",2.26944270163777,1.68270892960138,30
"b2.t30.p18.w1027",2.21900539079321,1.64457884216449,30
"b2.t30.p18.w1028",0.598332801402396,0.346426017153599,30
"b2.t30.p18.w1029",2.36235324656337,1.79283710703201,30
"b2.t30.p18.w1030",1.23257163507067,0.705878478346232,30
"b2.t30.p18.w1033",-0.0677053880994124,-0.12934479832275,30
"b2.t30.p18.w1038",2.58032524921094,1.50437686587296,30
"b2.t30.p18.w1039",0.217632330298015,0.0247661106858447,30
"b2.t30.p18.w1040",-0.0733054597360483,0.0745610487049322,30
"b2.t30.p18.w1041",0.0530671901532004,0.0206565505428756,30
"b2.t30.p18.w1042",-0.100375654433357,-0.153200753390186,30
"b2.t30.p18.w1044",0.130604350161178,0.0668822542173292,30
"b2.t30.p18.w1045",-0.105228228813914,-0.198556707804118,30
"b2.t30.p18.w1049",1.96731285241854,1.4821308813326,30
"b2.t30.p18.w1051",3.0228194123238,1.56169605219411,30
"b2.t30.p18.w1052",-0.0956968440325261,-0.277727418791088,30
"b2.t30.p18.w1053",0.178618495476629,0.142037141059966,30
"b2.t30.p18.w1057",-0.0489361458432872,-0.0162456016120318,30
"b2.t30.p18.w1061",0.742621372657048,0.376957657047806,30
"b2.t30.p18.w1063",-0.104326719017282,-0.177790526513514,30
"b2.t30.p18.w1064",2.18977350425813,1.67758548879917,30
"b2.t30.p18.w1065",0.0184178118917266,-0.0902847426856862,30
"b2.t30.p18.w1069",-0.0452925253817237,-0.0667891121326771,30
"b2.t30.p18.w1070",-0.127754395785381,-0.276323073091303,30
"b2.t30.p18.w1073",0.0505611710755009,0.0177433909636813,30
"b2.t30.p18.w1075",0.616943324796894,0.338956733458174,30
"b2.t30.p18.w1076",0.427555336951746,0.221870629758299,30
"b2.t30.p18.w1078",0.532055768909291,0.36470235801779,30
"b2.t30.p19.w1081",0.690753470540017,0.369744008336725,30
"b2.t30.p19.w1086",-0.151330061869091,-0.174398994253662,30
"b2.t30.p19.w1088",1.77787466094305,1.23619955482163,30
"b2.t30.p19.w1090",-0.63219452684461,-0.064326648567325,30
"b2.t30.p19.w1092",-0.593447922880469,-0.163824376475225,30
"b2.t30.p19.w1095",-0.00805922791304516,-0.267984048371883,30
"b2.t30.p19.w1096",2.84050083430256,1.73903955356427,30
"b2.t30.p19.w1098",1.14588437914582,0.624819861371844,30
"b2.t30.p19.w1099",0.125971176039157,0.022217205895053,30
"b2.t30.p19.w1100",0.0437458826793352,-0.110558909597637,30
"b2.t30.p19.w1101",1.90342162722851,1.35423680563663,30
"b2.t30.p19.w1105",-0.127564410351156,0.0132714883068067,30
"b2.t30.p19.w1107",-0.463898567996477,-0.0957835488707624,30
"b2.t30.p19.w1111",1.01025630169701,0.700538971005085,30
"b2.t30.p19.w1112",0.033766744824173,-0.0246945565527925,30
"b2.t30.p19.w1113",0.0166198904607482,0.075725980630842,30
"b2.t30.p19.w1114",-0.0647238138268463,-0.303459854708312,30
"b2.t30.p19.w1116",2.90014027513548,1.63097176203984,30
"b2.t30.p19.w1119",-0.0827395300327328,-0.184832151424959,30
"b2.t30.p19.w1120",0.155623378870885,0.0659200730428728,30
"b2.t30.p19.w1123",2.49911605493997,1.42637738534379,30
"b2.t30.p19.w1125",2.45501303857448,1.45998093828257,30
"b2.t30.p19.w1126",0.767870521746592,0.401378774785276,30
"b2.t30.p19.w1129",0.267630695017717,0.109396316469435,30
"b2.t30.p19.w1132",2.14034824875722,1.60611007206561,30
"b2.t30.p19.w1133",2.15036395193932,1.49185597269516,30
"b2.t30.p19.w1134",-0.167345163777895,-0.201201116768579,30
"b2.t30.p19.w1135",-0.0494287544635287,-0.0161608598882522,30
"b2.t30.p19.w1136",3.39461676410734,1.78470304896866,30
"b2.t30.p19.w1138",2.63573815774489,1.89604960396523,30
"b2.t30.p19.w1139",2.91833571795159,1.53725101995809,30
"b2.t30.p19.w1140",0.795659238778079,0.519406815062835,30
"b2.t30.p2.w102",-0.267148138363083,-0.0106924288737917,30
"b2.t30.p2.w103",-0.0583728502949051,-0.161737160130499,30
"b2.t30.p2.w105",-0.0908300533049096,-0.207774139956204,30
"b2.t30.p2.w107",0.19354200506212,0.100746204181869,30
"b2.t30.p2.w109",0.30428792190694,0.445013533355024,30
"b2.t30.p2.w111",1.16124403861661,1.16344279448158,30
"b2.t30.p2.w116",0.108075809063146,0.0898915285437404,30
"b2.t30.p2.w118",0.485809985928859,0.47260914533469,30
"b2.t30.p2.w119",1.04138230009803,1.03450479183312,30
"b2.t30.p2.w62",1.11978544370976,1.11812442521645,30
"b2.t30.p2.w63",0.421042709192149,0.461287594300182,30
"b2.t30.p2.w64",0.0493154821887233,0.0669904517784524,30
"b2.t30.p2.w66",0.731570779709179,0.708332624456968,30
"b2.t30.p2.w70",2.24730870560025,2.03414673761274,30
"b2.t30.p2.w71",0.364409377682487,0.338505193988277,30
"b2.t30.p2.w72",1.41083584218872,1.416605260357,30
"b2.t30.p2.w74",0.034196974379229,-0.0524383964046175,30
"b2.t30.p2.w76",1.55024271160233,1.52840692180285,30
"b2.t30.p2.w77",1.59234222405192,1.57066444058592,30
"b2.t30.p2.w78",-0.0842297062377296,-0.200731569384563,30
"b2.t30.p2.w79",1.65197869444746,1.5138961685508,30
"b2.t30.p2.w80",1.92364864040293,1.93702921009181,30
"b2.t30.p2.w81",0.244977394787254,0.0760719642692954,30
"b2.t30.p2.w82",0.337549963520964,0.181280821794039,30
"b2.t30.p2.w83",0.173595314014913,0.148287190530382,30
"b2.t30.p2.w84",0.513162548594254,0.480199979589822,30
"b2.t30.p2.w85",-0.174979548465161,-0.199351994372643,30
"b2.t30.p2.w86",-0.305237348896944,-0.0673982859054715,30
"b2.t30.p2.w88",-0.401557779713771,-0.124089146171447,30
"b2.t30.p2.w89",0.846223642448938,0.787589425299996,30
"b2.t30.p2.w95",0.441361662056499,0.564354171404092,30
"b2.t30.p2.w97",0.502505570375113,0.502308275905203,30
"b2.t30.p2.w99",0.528395622346699,0.514337022416322,30
"b2.t30.p20.w1141",1.87455384766981,1.29338037338142,30
"b2.t30.p20.w1142",0.85393751465383,0.563459425270161,30
"b2.t30.p20.w1143",2.06519066565791,1.16579820484973,30
"b2.t30.p20.w1149",2.48063229466438,1.28367326853238,30
"b2.t30.p20.w1150",2.63204950365819,1.43229067975919,30
"b2.t30.p20.w1153",-0.110745335913288,-0.0183145823951272,30
"b2.t30.p20.w1154",2.62105273657215,1.5799205320133,30
"b2.t30.p20.w1155",3.10881304687478,1.8640079948126,30
"b2.t30.p20.w1159",0.306748130126853,0.176350120079336,30
"b2.t30.p20.w1161",0.489482005371148,0.237922108069664,30
"b2.t30.p20.w1167",-0.121603843834073,-0.221637512521721,30
"b2.t30.p20.w1169",0.326693135837574,0.00702643344993924,30
"b2.t30.p20.w1170",2.70675734042395,1.47634022206902,30
"b2.t30.p20.w1171",-0.210379222416239,-0.212233067268213,30
"b2.t30.p20.w1173",-0.131867002392525,0.0873877499618188,30
"b2.t30.p20.w1174",2.49901563289562,1.76169634055138,30
"b2.t30.p20.w1179",-0.309809648161506,-0.0542416440045229,30
"b2.t30.p20.w1180",1.83382509533786,1.2584677758707,30
"b2.t30.p20.w1181",0.114748012002677,0.0447751878655848,30
"b2.t30.p20.w1183",-0.304196610453651,-0.0469350037594867,30
"b2.t30.p20.w1184",-0.146337808368709,-0.153857017446247,30
"b2.t30.p20.w1185",0.725617323080123,0.349685353404256,30
"b2.t30.p20.w1186",0.53975604313637,0.297836847219684,30
"b2.t30.p20.w1187",-0.123219140686605,-0.111252471536182,30
"b2.t30.p20.w1188",0.209432984497069,0.130742237072056,30
"b2.t30.p20.w1189",0.277130080183196,0.113311776603404,30
"b2.t30.p20.w1195",0.666807381337845,0.342367863555003,30
"b2.t30.p20.w1196",3.44034756497864,1.9895830681085,30
"b2.t30.p20.w1200",0.0506211385087438,0.00534847986387334,30
"b2.t30.p21.w1201",0.518822926799933,0.25466790809866,30
"b2.t30.p21.w1204",0.8563571692341,0.576642320905449,30
"b2.t30.p21.w1209",-0.211609606650275,-0.0654842598657926,30
"b2.t30.p21.w1213",-0.219641439585637,-0.0678045808339213,30
"b2.t30.p21.w1214",0.749992470307893,0.413191937756232,30
"b2.t30.p21.w1216",-0.110542646877802,-0.0977770058880667,30
"b2.t30.p21.w1220",-0.0081252093413511,-0.108851970365218,30
"b2.t30.p21.w1222",1.98043719222416,1.50051703896374,30
"b2.t30.p21.w1223",0.950181363856068,0.528454270871283,30
"b2.t30.p21.w1224",2.82127719047764,1.62276737447636,30
"b2.t30.p21.w1225",2.52399762852099,1.43497675836073,30
"b2.t30.p21.w1228",-0.000373136101827707,-0.0473454278386007,30
"b2.t30.p21.w1229",-0.110760789395668,-0.135954437478778,30
"b2.t30.p21.w1232",0.379200205281521,0.200447386665059,30
"b2.t30.p21.w1233",0.306309574208451,0.156056919236299,30
"b2.t30.p21.w1234",0.500407864489112,0.239896496882065,30
"b2.t30.p21.w1235",0.0188800305948879,-0.168390798588075,30
"b2.t30.p21.w1239",2.2393818340402,1.57394994659804,30
"b2.t30.p21.w1243",1.04357675256431,0.563996434887575,30
"b2.t30.p21.w1244",1.20173669133059,0.567216911557163,30
"b2.t30.p21.w1247",0.829447549066324,0.425430112890143,30
"b2.t30.p21.w1254",2.70174790592068,1.62800808528387,30
"b2.t30.p21.w1255",-0.164057160631388,-0.224960424378618,30
"b2.t30.p21.w1257",2.25545812419829,1.66473250536809,30
"b2.t30.p21.w1258",-0.180031284635957,0.0103952605993865,30
"b2.t30.p21.w1259",0.660572367486307,0.29974642350958,30
"b2.t30.p21.w1260",-0.537872511542177,-0.125241939084154,30
"b2.t30.p22.w1261",-0.308522444598813,-0.0291295604771433,30
"b2.t30.p22.w1264",2.58277478778173,1.37661225679992,30
"b2.t30.p22.w1267",-0.114016841106235,-0.159689799213319,30
"b2.t30.p22.w1270",0.95838489886457,0.520992446315073,30
"b2.t30.p22.w1271",2.60082439506742,1.35507122824221,30
"b2.t30.p22.w1274",-6.83431811035716e-16,0,30
"b2.t30.p22.w1275",-0.00515343826655229,-0.0276892257140624,30
"b2.t30.p22.w1277",0.779972827567693,0.370985283886281,30
"b2.t30.p22.w1280",1.69045516626662,1.09987487956011,30
"b2.t30.p22.w1283",1.30636323418171,0.796868312331344,30
"b2.t30.p22.w1286",2.6562409867636,1.56346796155078,30
"b2.t30.p22.w1287",-0.149170236473722,0.00718253866664384,30
"b2.t30.p22.w1289",0.974071999760402,0.440099223763226,30
"b2.t30.p22.w1291",1.23001099127428,0.741845481613378,30
"b2.t30.p22.w1293",0.466896987328354,0.213286444600833,30
"b2.t30.p22.w1296",-0.0515827584911392,-0.016711967941213,30
"b2.t30.p22.w1299",-0.108804438538125,-0.295191881150207,30
"b2.t30.p22.w1304",2.85684950020913,1.64097104309558,30
"b2.t30.p22.w1308",-0.0735257272948421,-0.275505422872892,30
"b2.t30.p22.w1313",0.112218588853901,0.117246131959539,30
"b2.t30.p22.w1315",-0.109139940094528,-0.0606912430525063,30
"b2.t30.p22.w1316",2.74912537009764,1.41497021797562,30
"b2.t30.p22.w1318",1.97158331015874,1.51435038651665,30
"b2.t30.p23.w1329",2.55752941467376,1.30534233378286,30
"b2.t30.p23.w1330",0.117736008761052,0.0845100806175448,30
"b2.t30.p23.w1331",0.150732535288484,-0.00526734092777924,30
"b2.t30.p23.w1334",1.20929192589804,0.639477641721367,30
"b2.t30.p23.w1335",2.64619083049047,1.46475953606233,30
"b2.t30.p23.w1337",2.2834925290391,1.62648068875997,30
"b2.t30.p23.w1340",3.03403045634711,1.74590230599487,30
"b2.t30.p23.w1343",2.34606551040552,1.39263475671118,30
"b2.t30.p23.w1345",0.425271390014679,0.203571896533396,30
"b2.t30.p23.w1346",-0.162173320119097,-0.0507374192274288,30
"b2.t30.p23.w1348",0.555504210800749,0.193619284889444,30
"b2.t30.p23.w1350",2.48051401945686,1.28413172706882,30
"b2.t30.p23.w1351",0.747082994539901,0.41052654686465,30
"b2.t30.p23.w1355",0.528063146363319,0.260501310342183,30
"b2.t30.p23.w1357",0.719095864988824,0.247646476537946,30
"b2.t30.p23.w1364",0.570439864732717,0.267161207186386,30
"b2.t30.p23.w1372",1.47599589058252,0.834356938027523,30
"b2.t30.p23.w1373",2.96370102614364,1.56628571275896,30
"b2.t30.p23.w1374",2.66553740699003,1.55121613457873,30
"b2.t30.p23.w1375",0.662005854961651,0.327267581806848,30
"b2.t30.p23.w1376",0.323831928742478,0.110290690433049,30
"b2.t30.p23.w1377",0.452020529288131,0.219508962430002,30
"b2.t30.p23.w1378",3.01914716056532,1.7450142196239,30
"b2.t30.p23.w1379",3.11021777047023,1.82011439598883,30
"b2.t30.p23.w1380",1.14507249632034,0.450495417752089,30
"b2.t30.p24.w1381",2.3765713477529,1.41472058934026,30
"b2.t30.p24.w1386",0.372314746455714,0.194567703787668,30
"b2.t30.p24.w1387",2.51112471194793,1.49040149857606,30
"b2.t30.p24.w1389",-0.104319686913353,-0.220159835744096,30
"b2.t30.p24.w1394",-0.15053280259194,-0.0423241569617244,30
"b2.t30.p24.w1395",0.77442925469443,0.45472896264578,30
"b2.t30.p24.w1396",2.40219480305351,1.22504380288248,30
"b2.t30.p24.w1398",2.94804444204314,1.68099846782893,30
"b2.t30.p24.w1399",2.49185899812225,1.44093750740819,30
"b2.t30.p24.w1401",-0.0487901341659018,-0.0910719224607333,30
"b2.t30.p24.w1402",2.49764742848631,1.49305238371863,30
"b2.t30.p24.w1403",-0.756569587603215,-0.16782067391275,30
"b2.t30.p24.w1405",-0.183137871388581,-0.0698169019292774,30
"b2.t30.p24.w1408",-0.0790385952435724,-0.159053757603278,30
"b2.t30.p24.w1409",-0.0631480265764069,-0.00638239855644113,30
"b2.t30.p24.w1410",0.120809066696238,0.0533283115001873,30
"b2.t30.p24.w1413",-0.141744580813322,-0.274950124983304,30
"b2.t30.p24.w1414",2.75617963700013,1.58926605226332,30
"b2.t30.p24.w1415",2.92829633638462,1.63770312183724,30
"b2.t30.p24.w1416",-0.153271112054718,-0.15413899187075,30
"b2.t30.p24.w1417",1.24981327581322,0.75707626214735,30
"b2.t30.p24.w1418",-0.122665435940769,-0.0240511417136048,30
"b2.t30.p24.w1420",3.26538359131281,1.7179080334837,30
"b2.t30.p24.w1422",0.778395587770075,0.46598715764786,30
"b2.t30.p24.w1423",0.225834573341267,0.0544823176370859,30
"b2.t30.p24.w1426",2.53008546310948,1.52088830990034,30
"b2.t30.p24.w1427",-0.101371124041595,-0.221435882209094,30
"b2.t30.p24.w1428",-0.567056124949035,-0.127801283520697,30
"b2.t30.p24.w1429",-0.0595071762519569,-0.0191583241718226,30
"b2.t30.p24.w1432",2.02171972962225,1.39558159947253,30
"b2.t30.p24.w1433",-0.110634713495414,-0.230088210373439,30
"b2.t30.p24.w1435",-0.00354170613329517,-0.0306763773226473,30
"b2.t30.p24.w1436",0.399027771439165,0.22465140425152,30
"b2.t30.p24.w1437",1.07110975637959,0.757052645653788,30
"b2.t30.p24.w1439",1.15143089397361,0.580393911206937,30
"b2.t30.p24.w1440",1.71656368201187,0.852172188508395,30
"b2.t30.p25.w1442",-0.619025100954093,-0.0272981571932652,30
"b2.t30.p25.w1447",-0.1696994519495,0.127269774433602,30
"b2.t30.p25.w1448",-0.109094375178061,0.0264157390328684,30
"b2.t30.p25.w1453",-0.0495731459637572,-0.0788216958650836,30
"b2.t30.p25.w1454",1.61158585303593,0.849632860487241,30
"b2.t30.p25.w1456",0.382214980823319,0.162591370312068,30
"b2.t30.p25.w1458",3.45346876020613,2.02761963589889,30
"b2.t30.p25.w1459",-0.109884504552729,-0.15835605963055,30
"b2.t30.p25.w1463",1.98954664694107,1.05122822702829,30
"b2.t30.p25.w1464",3.36246127377773,1.92392011660955,30
"b2.t30.p25.w1468",0.197372234002295,0.10882721076849,30
"b2.t30.p25.w1471",2.58477653604589,1.41505632005169,30
"b2.t30.p25.w1473",-0.623200891389521,-0.0945960801529809,30
"b2.t30.p25.w1474",2.33327479422983,1.23086056789123,30
"b2.t30.p25.w1475",3.50189619919309,2.01161908893269,30
"b2.t30.p25.w1476",-0.111507118019659,-0.107101641056704,30
"b2.t30.p25.w1482",1.77431891312527,0.971575123834195,30
"b2.t30.p25.w1483",-0.36814887529738,-0.0900944190984287,30
"b2.t30.p25.w1486",-0.038640035769926,-0.0778724874724605,30
"b2.t30.p25.w1487",2.1560090691527,1.0928810419089,30
"b2.t30.p25.w1489",0.674102398762503,0.270350886202496,30
"b2.t30.p25.w1490",-0.129004542368867,-0.26511355416809,30
"b2.t30.p25.w1491",-0.254649196324555,-0.0331040344515963,30
"b2.t30.p25.w1492",-0.239204105595768,-0.0228674969750595,30
"b2.t30.p25.w1494",-0.245195773620497,0.0210234978198744,30
"b2.t30.p25.w1495",0.0690444166671109,0.0189683810571806,30
"b2.t30.p25.w1500",0.940606567203214,0.516842675358289,30
"b2.t30.p26.w1502",0.0311485979873324,0.0214880221129603,30
"b2.t30.p26.w1503",0.00927621698824679,-0.0276134516870579,30
"b2.t30.p26.w1505",-0.146070777161364,-0.226631336483658,30
"b2.t30.p26.w1506",-0.100259079116524,-0.172419752696912,30
"b2.t30.p26.w1507",-0.645339635251876,-0.129429957178079,30
"b2.t30.p26.w1508",0.247707223100641,0.0991257829173499,30
"b2.t30.p26.w1510",2.54545660872694,1.33957205838272,30
"b2.t30.p26.w1512",-0.116083730496023,-0.0366055151706452,30
"b2.t30.p26.w1514",0.692968364265741,0.497081731326788,30
"b2.t30.p26.w1516",-0.162106139967114,-0.0504177033776294,30
"b2.t30.p26.w1519",-0.111047818590532,-0.141415762636765,30
"b2.t30.p26.w1522",-0.0303031738053581,-0.0583788123835865,30
"b2.t30.p26.w1523",-0.0991665962976771,-0.0194924487334083,30
"b2.t30.p26.w1525",2.85546453489803,1.53644357300233,30
"b2.t30.p26.w1526",-0.162882641256591,-0.276886988491067,30
"b2.t30.p26.w1529",0.810121442624232,0.409483209441729,30
"b2.t30.p26.w1531",0.124057408542841,0.0862650960068643,30
"b2.t30.p26.w1532",2.89522797272975,1.85986958270709,30
"b2.t30.p26.w1534",0.0846004395699438,0.0586397701371406,30
"b2.t30.p26.w1536",0.311343897284939,0.122584307357061,30
"b2.t30.p26.w1537",2.30466685713345,1.2117387806431,30
"b2.t30.p26.w1540",0.276876047719595,0.0517114366999401,30
"b2.t30.p26.w1541",0.199192995870369,0.166479243808338,30
"b2.t30.p26.w1543",3.38458441966019,1.8458617677441,30
"b2.t30.p26.w1546",2.40767026713994,1.24990052496939,30
"b2.t30.p26.w1547",-0.0888371457259039,-0.0605340800481401,30
"b2.t30.p26.w1548",1.19842556657434,0.838579946627488,30
"b2.t30.p26.w1549",-0.122019193084499,-0.18046505427145,30
"b2.t30.p26.w1551",-0.0779603573783598,-0.0768250925539479,30
"b2.t30.p26.w1553",0.643217820638636,0.291312298173865,30
"b2.t30.p26.w1554",0.722037502947057,0.390135136130042,30
"b2.t30.p26.w1555",-0.100014072210073,-0.173510217571573,30
"b2.t30.p26.w1556",2.06712149207481,1.14114092636438,30
"b2.t30.p26.w1558",0.194350943158935,0.0434780247098288,30
"b2.t30.p26.w1559",0.399825985589189,0.172337621451861,30
"b2.t30.p26.w1560",0.244917735032295,0.125001995134153,30
"b2.t30.p27.w1563",-0.4808067848096,-0.147368511091909,30
"b2.t30.p27.w1564",0.112031239658514,0.116276204155797,30
"b2.t30.p27.w1565",3.12256882907147,1.82076041661146,30
"b2.t30.p27.w1567",1.11298736812254,0.630530021263789,30
"b2.t30.p27.w1569",2.89700876212565,1.53248476114315,30
"b2.t30.p27.w1571",-0.215594369935572,0.0102901866054984,30
"b2.t30.p27.w1576",1.12284921291292,0.775902466392405,30
"b2.t30.p27.w1577",2.92626280165639,1.71326917674665,30
"b2.t30.p27.w1579",0.241527418901682,0.065082375193759,30
"b2.t30.p27.w1582",0.25250116740138,0.0626399786796435,30
"b2.t30.p27.w1586",-0.0106861987646112,-0.0477887067570181,30
"b2.t30.p27.w1587",1.58142411302357,0.753076990688269,30
"b2.t30.p27.w1588",2.84635184968035,1.73750255371336,30
"b2.t30.p27.w1589",0.745468507777055,0.25304472574032,30
"b2.t30.p27.w1591",-0.148247127042424,-0.100146947219095,30
"b2.t30.p27.w1592",-0.262805688743509,-0.507037416156152,30
"b2.t30.p27.w1595",0.0899070518286561,0.0186498008502149,30
"b2.t30.p27.w1599",0.421390398806029,0.180294121737911,30
"b2.t30.p27.w1600",2.14580554412797,1.24218608833694,30
"b2.t30.p27.w1602",-0.0334842931087547,0.160881197174411,30
"b2.t30.p27.w1604",0.168168415415465,0.17693697571641,30
"b2.t30.p27.w1605",1.37455856260883,0.715229101249543,30
"b2.t30.p27.w1606",-0.159692270052143,-0.189500183627496,30
"b2.t30.p27.w1611",-0.0534385932702292,-0.13743949563059,30
"b2.t30.p27.w1612",-0.146712423821703,-0.170721235951407,30
"b2.t30.p27.w1615",-0.477653795380269,-0.125023022380351,30
"b2.t30.p27.w1616",2.83937680240864,1.70756637346067,30
"b2.t30.p27.w1617",0.150305296946312,0.0624362846137067,30
"b2.t30.p27.w1618",2.7181873648968,1.41303948425084,30
"b2.t30.p27.w1619",0.355935283329163,0.299886324311572,30
"b2.t30.p27.w1620",0.0992506840767424,0.0550765014786316,30
"b2.t30.p28.w1621",2.81330354047911,1.48645644798992,30
"b2.t30.p28.w1626",-0.419048984042452,0.0188586873196719,30
"b2.t30.p28.w1627",1.8683034940889,1.37727020032038,30
"b2.t30.p28.w1628",1.53480053083692,0.7779025157124,30
"b2.t30.p28.w1629",2.47701628421273,1.46569894471916,30
"b2.t30.p28.w1630",2.91259434143714,1.67596079778795,30
"b2.t30.p28.w1631",-0.147374082321968,-0.180771666275381,30
"b2.t30.p28.w1634",0.536991558950023,0.278826909862432,30
"b2.t30.p28.w1635",2.95594173967395,1.67965348814445,30
"b2.t30.p28.w1637",0.171944224892705,0.22375806973367,30
"b2.t30.p28.w1639",1.80662214918508,1.30107867830227,30
"b2.t30.p28.w1640",0.522260027228652,0.204331431356496,30
"b2.t30.p28.w1643",0.0506495968728199,-0.0327782748599166,30
"b2.t30.p28.w1645",3.10676808070605,1.6437799920697,30
"b2.t30.p28.w1646",0.572640655519335,0.288779357582201,30
"b2.t30.p28.w1647",2.68567045692515,1.44093615235644,30
"b2.t30.p28.w1650",-0.109007777455491,-0.17250396633186,30
"b2.t30.p28.w1655",0.095483152681522,-0.00263903432846745,30
"b2.t30.p28.w1656",-0.145418681487872,-0.14909395792216,30
"b2.t30.p28.w1657",0.610780048893022,0.368994259363046,30
"b2.t30.p28.w1658",3.10155915574031,1.61702826714269,30
"b2.t30.p28.w1659",-0.273389354623299,0.00610983332269068,30
"b2.t30.p28.w1660",0.661461285968452,0.377293466652668,30
"b2.t30.p28.w1661",0.348188469759462,0.17092260217596,30
"b2.t30.p28.w1662",2.95119222028103,1.76370273990217,30
"b2.t30.p28.w1665",-0.11095264373461,-0.142255597528312,30
"b2.t30.p28.w1669",-0.476781233298195,-0.101786782340713,30
"b2.t30.p28.w1670",-0.282627931940561,0.0491433050731039,30
"b2.t30.p28.w1671",2.75160837328783,1.54870347871654,30
"b2.t30.p28.w1673",0.631419547124515,0.315827576927874,30
"b2.t30.p28.w1674",1.97646008689938,0.995760554938226,30
"b2.t30.p28.w1676",-0.534734758456807,-0.139212226384096,30
"b2.t30.p28.w1677",1.74650995641975,0.892141520970804,30
"b2.t30.p28.w1678",0.458001058615995,0.182290019715318,30
"b2.t30.p29.w1682",2.005743705436,1.44206001114984,30
"b2.t30.p29.w1683",0.331533966145799,0.183046792413403,30
"b2.t30.p29.w1684",0.609362303139654,0.380475760443034,30
"b2.t30.p29.w1687",2.96949726083836,1.70381877595481,30
"b2.t30.p29.w1688",3.45354413315641,2.02660682314605,30
"b2.t30.p29.w1690",-0.051728391122431,-0.168852356543241,30
"b2.t30.p29.w1695",3.5065823313036,1.831425387588,30
"b2.t30.p29.w1696",3.00103350066397,1.77509224182373,30
"b2.t30.p29.w1697",-0.07009179133743,-0.109532206596899,30
"b2.t30.p29.w1698",3.12330715336488,1.80843102721408,30
"b2.t30.p29.w1702",-0.0741313081201739,0.0670904773462304,30
"b2.t30.p29.w1704",-0.211418320632454,-0.0643887018989646,30
"b2.t30.p29.w1705",3.10071954326147,1.61707189692377,30
"b2.t30.p29.w1706",-0.773046325305727,-0.144715130140818,30
"b2.t30.p29.w1709",1.89660521899089,1.00851341233396,30
"b2.t30.p29.w1712",-0.0623386177912557,-0.0519229864533286,30
"b2.t30.p29.w1714",3.48365610152188,1.87104175889645,30
"b2.t30.p29.w1716",-0.483813329285086,-0.118065710465803,30
"b2.t30.p29.w1717",2.35019544684383,1.25688360145553,30
"b2.t30.p29.w1719",3.00279601248493,1.76381178294617,30
"b2.t30.p29.w1720",3.73290985174009,1.95335914799796,30
"b2.t30.p29.w1722",0.770412473416188,0.380092047066465,30
"b2.t30.p29.w1723",3.18108162333386,1.86455644794221,30
"b2.t30.p29.w1725",3.19094489236699,1.66290212700523,30
"b2.t30.p29.w1727",-0.180994633842111,-0.238077359720622,30
"b2.t30.p29.w1728",0.629496601375682,0.300595293307331,30
"b2.t30.p29.w1729",3.70764507625268,1.95607919444718,30
"b2.t30.p29.w1731",1.09735654547187,0.773377284231138,30
"b2.t30.p29.w1733",0.731896901937225,0.380067906144962,30
"b2.t30.p29.w1734",1.06393696558058,0.552758048458449,30
"b2.t30.p29.w1735",-0.021500039829157,-0.0366434170222983,30
"b2.t30.p29.w1736",3.28755025723686,1.9541201700495,30
"b2.t30.p29.w1737",3.05034137547244,1.5973414063597,30
"b2.t30.p29.w1738",0.338794622590101,0.249770066281522,30
"b2.t30.p3.w124",-0.011094582825567,0.00987231903938843,30
"b2.t30.p3.w125",1.56633247852625,1.44370449412172,30
"b2.t30.p3.w126",1.65213248455928,1.62927626244303,30
"b2.t30.p3.w128",-0.131393304373404,-0.169126850256725,30
"b2.t30.p3.w129",1.13444583738904,1.12666766801292,30
"b2.t30.p3.w134",1.64258214675398,1.56175450277534,30
"b2.t30.p3.w136",1.65204087075194,1.54166234335591,30
"b2.t30.p3.w137",2.27051201124706,2.08083999478406,30
"b2.t30.p3.w139",0.496996857851105,0.527893001152422,30
"b2.t30.p3.w142",2.36685544108447,2.19894759920464,30
"b2.t30.p3.w146",-0.526639022715915,-0.156104671180263,30
"b2.t30.p3.w148",1.69127162434726,1.66569253167861,30
"b2.t30.p3.w149",2.21134820294409,2.07175361093179,30
"b2.t30.p3.w150",-0.137220813899608,-0.156677414950795,30
"b2.t30.p3.w152",2.09359235460698,1.94342995234807,30
"b2.t30.p3.w153",0.533586070304666,0.526734028376737,30
"b2.t30.p3.w154",2.28978164053656,2.15287970458806,30
"b2.t30.p3.w155",0.0540163801296698,0.0603502324376891,30
"b2.t30.p3.w156",1.50999044871021,1.48878947761125,30
"b2.t30.p3.w159",2.13414768402633,1.9302920919486,30
"b2.t30.p3.w162",0.0123618012194513,-0.180068802301527,30
"b2.t30.p3.w164",-0.039144690369777,-0.130409550858434,30
"b2.t30.p3.w167",1.02770195976711,1.01558130931177,30
"b2.t30.p3.w170",-0.16657193115124,-0.128451840792762,30
"b2.t30.p3.w173",2.24153602177749,2.08630884279069,30
"b2.t30.p3.w176",2.28554001042478,2.05861140619321,30
"b2.t30.p3.w177",2.32710289608903,1.38680105782372,30
"b2.t30.p3.w179",-0.0104061289296283,-0.0131166484315183,30
"b2.t30.p3.w180",0.889107460544087,0.910742595972503,30
"b2.t30.p30.w1741",3.08890440285612,1.84499814188342,30
"b2.t30.p30.w1742",-0.165584614589421,-0.233490318569884,30
"b2.t30.p30.w1743",3.02712451092355,1.59581419256593,30
"b2.t30.p30.w1744",0.0093970152736119,-0.0313772908075114,30
"b2.t30.p30.w1745",3.08510155953893,1.77860727533532,30
"b2.t30.p30.w1746",3.9986694752911,2.12260944844068,30
"b2.t30.p30.w1747",1.91598208079953,1.00292036970751,30
"b2.t30.p30.w1748",1.0930807125722,0.751898823738425,30
"b2.t30.p30.w1749",-0.0160250157401274,-0.0405897270555735,30
"b2.t30.p30.w1751",0.500581362335767,0.408622637919017,30
"b2.t30.p30.w1752",-0.201733376251133,-0.0452726088640128,30
"b2.t30.p30.w1753",0.157602092098841,0.0840629284950437,30
"b2.t30.p30.w1754",0.577311888983013,0.319065699896503,30
"b2.t30.p30.w1756",-0.0841818774171486,-0.204238781416323,30
"b2.t30.p30.w1761",2.47190404519013,1.31071852375304,30
"b2.t30.p30.w1762",0.00512207098428214,-0.0975189120507425,30
"b2.t30.p30.w1763",3.54354622730911,1.87008040787391,30
"b2.t30.p30.w1766",0.554643299167037,0.247358696833346,30
"b2.t30.p30.w1767",3.2969465223424,1.74615307806209,30
"b2.t30.p30.w1768",-0.0536098603767912,0.0165378973937444,30
"b2.t30.p30.w1769",2.90780750287611,1.71894559648107,30
"b2.t30.p30.w1770",2.14049154563193,1.11149671419634,30
"b2.t30.p30.w1771",-0.167198880997704,-0.174939340435909,30
"b2.t30.p30.w1772",-0.159204847277491,-0.156271657830371,30
"b2.t30.p30.w1774",3.32727998488788,1.92842512040379,30
"b2.t30.p30.w1778",0.713819611282332,0.161697196766888,30
"b2.t30.p30.w1779",3.07165574653873,1.61940113307026,30
"b2.t30.p30.w1784",-0.112404076323786,-0.0985490276469565,30
"b2.t30.p30.w1787",0.575808873012278,0.292454506673622,30
"b2.t30.p30.w1788",1.90799818791456,1.36473194182299,30
"b2.t30.p30.w1791",0.0269996688541762,-0.125271614069601,30
"b2.t30.p30.w1797",-0.110509450420898,-0.034626140540159,30
"b2.t30.p30.w1799",2.93322612610865,1.76530403648202,30
"b2.t30.p30.w1800",0.311090819535751,0.0263869206860315,30
"b2.t30.p31.w1802",-0.187838348151171,-0.218397290096045,30
"b2.t30.p31.w1803",0.27959288296859,0.125446039315573,30
"b2.t30.p31.w1804",0.668277187113199,0.380308650961665,30
"b2.t30.p31.w1807",-0.541147506321738,-0.10550089276564,30
"b2.t30.p31.w1809",-0.120762183080995,-0.184270299484454,30
"b2.t30.p31.w1814",0.94901303700002,0.512737240893775,30
"b2.t30.p31.w1819",2.88366430056521,1.68553621677819,30
"b2.t30.p31.w1821",3.35941553920312,1.99095982016166,30
"b2.t30.p31.w1824",0.835220902509611,0.438435678614513,30
"b2.t30.p31.w1834",3.24314652258574,1.7056695109332,30
"b2.t30.p31.w1837",0.478509531254911,0.305629122964349,30
"b2.t30.p31.w1839",0.315089268742924,0.207338746555192,30
"b2.t30.p31.w1840",3.05624112738387,1.85791812544208,30
"b2.t30.p31.w1841",0.607164722085772,0.272021656934696,30
"b2.t30.p31.w1842",-0.146812833428577,-0.176491534974415,30
"b2.t30.p31.w1843",0.162596008827776,0.0806570056016955,30
"b2.t30.p31.w1844",-0.132538242896917,-0.157251060591423,30
"b2.t30.p31.w1845",0.716112214714025,0.294290903955292,30
"b2.t30.p31.w1846",0.185903063215818,0.0372305212910725,30
"b2.t30.p31.w1850",0.387735035705118,0.134368373074974,30
"b2.t30.p31.w1853",-0.131795659466857,-0.131983551768254,30
"b2.t30.p31.w1854",-0.0492724875015323,-0.0415804836433782,30
"b2.t30.p31.w1855",3.23671798058484,1.67548196838153,30
"b2.t30.p31.w1857",0.571603970171542,0.18262158568006,30
"b2.t30.p31.w1859",3.44278778511479,1.80580723357168,30
"b2.t30.p32.w1864",2.42466763508636,1.35131518177745,30
"b2.t30.p32.w1865",1.02877736455241,0.695374260271868,30
"b2.t30.p32.w1868",2.502246765409,1.50209915114815,30
"b2.t30.p32.w1870",-0.116024282604,-0.113563032733081,30
"b2.t30.p32.w1874",2.50311917695393,1.49936557831139,30
"b2.t30.p32.w1877",0.423307978753102,0.162531419064497,30
"b2.t30.p32.w1878",2.84848661403607,1.67593725542968,30
"b2.t30.p32.w1880",0.304045778472608,0.188604812586646,30
"b2.t30.p32.w1886",1.05896435571021,0.710068526733524,30
"b2.t30.p32.w1887",2.11083710815274,1.06281062663575,30
"b2.t30.p32.w1888",-0.710622483956839,-0.184026808014692,30
"b2.t30.p32.w1889",0.0931171970537849,0.0191107070115583,30
"b2.t30.p32.w1891",2.21073867585725,1.09329551197902,30
"b2.t30.p32.w1892",0.783915018120446,0.353139107267268,30
"b2.t30.p32.w1897",2.76540100220558,1.59465651630785,30
"b2.t30.p32.w1898",-0.0377252795147659,-0.0256042426482222,30
"b2.t30.p32.w1899",-0.37080758603973,-0.0833694973960056,30
"b2.t30.p32.w1902",2.72759340240959,1.60162041578984,30
"b2.t30.p32.w1905",0.451235085337333,0.210640832302176,30
"b2.t30.p32.w1907",-0.190661588222906,-0.196070915645092,30
"b2.t30.p32.w1910",2.14283137492852,1.08587402673735,30
"b2.t30.p32.w1912",1.78924099127891,1.00627561249171,30
"b2.t30.p32.w1913",0.204709526418085,0.173077479660934,30
"b2.t30.p32.w1916",0.835184913038331,0.332636822646433,30
"b2.t30.p32.w1918",-0.430122769034615,-0.112350214565378,30
"b2.t30.p32.w1919",3.33506784659675,1.75053577101274,30
"b2.t30.p4.w181",-0.0882775223056088,-0.245649965296755,30
"b2.t30.p4.w182",-0.147698208695989,-0.202311124009469,30
"b2.t30.p4.w184",1.83098059530518,1.6112207572664,30
"b2.t30.p4.w185",-0.0164690187832023,0.0147108532426595,30
"b2.t30.p4.w186",-0.0675605251903518,-0.0144160137521024,30
"b2.t30.p4.w188",1.63307792070857,1.53017662111929,30
"b2.t30.p4.w192",1.526812274523,1.43048926670667,30
"b2.t30.p4.w193",1.44095628759551,1.34551113831105,30
"b2.t30.p4.w195",2.32682109224661,2.00937762912958,30
"b2.t30.p4.w196",-0.271681303818313,-0.172401682915224,30
"b2.t30.p4.w197",0.450010051727129,0.118022243583386,30
"b2.t30.p4.w198",1.98781823962255,1.89039212552211,30
"b2.t30.p4.w201",0.9145055821547,0.812821085981194,30
"b2.t30.p4.w204",2.14816963432895,1.9067405348997,30
"b2.t30.p4.w206",-0.256208051473085,-0.0660671249348121,30
"b2.t30.p4.w208",-0.12490155676995,-0.152195772648367,30
"b2.t30.p4.w209",0.528906028809067,0.220023853242959,30
"b2.t30.p4.w210",0.329115699407694,0.180358720323475,30
"b2.t30.p4.w212",0.298093045268914,0.250757874846352,30
"b2.t30.p4.w213",0.391281629355268,0.50246796219519,30
"b2.t30.p4.w214",0.547338836940363,0.497606619181096,30
"b2.t30.p4.w215",-0.0932961099690497,-0.222064059344068,30
"b2.t30.p4.w217",-0.122981031566573,-0.253894857685422,30
"b2.t30.p4.w219",-0.190323216823077,-0.046292409679978,30
"b2.t30.p4.w221",-0.145641396649169,0.0152433702150084,30
"b2.t30.p4.w223",0.204609659992227,0.241735218757062,30
"b2.t30.p4.w226",2.07834370638687,1.81735187076391,30
"b2.t30.p4.w228",0.339247604339027,0.19100917525772,30
"b2.t30.p4.w230",-0.204138296424733,-0.212808643719311,30
"b2.t30.p4.w233",1.83273986864395,1.57283646178647,30
"b2.t30.p4.w234",1.99279814231943,1.70131867477905,30
"b2.t30.p4.w236",0.343223535337912,0.286528637229539,30
"b2.t30.p4.w237",0.360181240180799,0.297281913045706,30
"b2.t30.p4.w238",0.145086891180157,0.0245900037409233,30
"b2.t30.p4.w240",0.410409930614015,0.223439097838082,30
"b2.t30.p5.w241",3.33370996160532,1.91785619044134,30
"b2.t30.p5.w242",0.484267656372254,0.41072431591684,30
"b2.t30.p5.w243",0.896282332622328,0.804387670309184,30
"b2.t30.p5.w247",-6.77490963058701e-16,0,30
"b2.t30.p5.w249",1.8646473469114,1.73985618767288,30
"b2.t30.p5.w253",0.18854322420383,0.115777156997217,30
"b2.t30.p5.w255",1.99742274379188,1.90742604919403,30
"b2.t30.p5.w257",-0.0101634818448791,0.258154642723321,30
"b2.t30.p5.w258",2.04414523837338,1.74860471508548,30
"b2.t30.p5.w259",0.313522356943116,0.204759603373493,30
"b2.t30.p5.w260",0.694489684520034,0.600677963320691,30
"b2.t30.p5.w264",0.0960661345545449,0.0214599440464922,30
"b2.t30.p5.w265",-0.010769548444132,-0.0397662920312495,30
"b2.t30.p5.w268",2.30430099710259,2.06873467956976,30
"b2.t30.p5.w276",-0.0855378917276243,-0.0764284393213135,30
"b2.t30.p5.w278",1.6423944111929,1.54952588219544,30
"b2.t30.p5.w279",0.448565114744903,0.236895378506044,30
"b2.t30.p5.w280",2.02756434573584,1.89350687821613,30
"b2.t30.p5.w283",2.04915586793888,1.78595754229405,30
"b2.t30.p5.w284",0.705306355443638,0.584689994395377,30
"b2.t30.p5.w285",-0.055366971599234,-0.21737275114612,30
"b2.t30.p5.w286",0.0768100845413922,-0.0124874041202288,30
"b2.t30.p5.w291",-0.437433209539895,-0.120570412635279,30
"b2.t30.p5.w297",0.571600773593889,0.501325807177596,30
"b2.t30.p5.w298",0.768815615136976,0.68163682186786,30
"b2.t30.p5.w299",-0.150165141478562,-0.203144253334544,30
"b2.t30.p5.w300",-0.148306443695925,-0.1449000130348,30
"b2.t30.p6.w302",2.1554660845575,1.87595926648308,30
"b2.t30.p6.w303",0.518500984007057,0.441454500943675,30
"b2.t30.p6.w307",-0.0637646283464766,-0.176266383812433,30
"b2.t30.p6.w310",0.0905433410671873,0.122611054377287,30
"b2.t30.p6.w313",2.15459630886041,1.94245771671424,30
"b2.t30.p6.w316",3.82559854472802,2.019229279601,30
"b2.t30.p6.w319",2.51384608439294,1.32890774093559,30
"b2.t30.p6.w320",2.51542866020212,2.20592465316969,30
"b2.t30.p6.w323",-0.0621280513496876,-0.143814743300882,30
"b2.t30.p6.w324",0.534084297527928,0.460537043200887,30
"b2.t30.p6.w325",0.891285012827658,0.807527488473176,30
"b2.t30.p6.w329",-0.343068642822962,-0.154813228277018,30
"b2.t30.p6.w330",0.92315311751194,0.844834530974126,30
"b2.t30.p6.w331",0.484700246454428,0.275552848642005,30
"b2.t30.p6.w332",0.872989887302374,0.778198077733576,30
"b2.t30.p6.w333",0.853035878641985,0.780676608801061,30
"b2.t30.p6.w335",2.26304988290426,1.96225220941547,30
"b2.t30.p6.w340",0.285472080978307,0.106834634278457,30
"b2.t30.p6.w341",1.63894213265595,1.45568913858727,30
"b2.t30.p6.w343",2.01533027133647,1.88406441117411,30
"b2.t30.p6.w345",0.33425758406986,0.289616404278538,30
"b2.t30.p6.w347",0.395027006386143,0.152050393367549,30
"b2.t30.p6.w349",0.135667760535442,0.0487598373998207,30
"b2.t30.p6.w350",0.0313067180788784,0.138230537182944,30
"b2.t30.p6.w351",2.31800880438522,2.02198242743556,30
"b2.t30.p6.w352",1.16126080493885,1.03780796998812,30
"b2.t30.p6.w354",1.02081316055536,0.907362545605413,30
"b2.t30.p6.w355",0.259695648501383,0.139985443969012,30
"b2.t30.p6.w360",2.4254715395349,2.06332475620783,30
"b2.t30.p7.w361",0.044111270033355,0.31156309412128,30
"b2.t30.p7.w362",0.252555914571571,0.159674131268544,30
"b2.t30.p7.w363",0.817961781917621,0.699443347790076,30
"b2.t30.p7.w365",2.17351582795435,1.946745822662,30
"b2.t30.p7.w366",0.0433408266399514,-0.0476059402887116,30
"b2.t30.p7.w367",2.32624163346523,1.98989966077312,30
"b2.t30.p7.w368",0.775386482918681,0.628109763791107,30
"b2.t30.p7.w371",1.48580877104463,1.33159991289601,30
"b2.t30.p7.w372",0.979536968730507,0.892243800333794,30
"b2.t30.p7.w374",1.6308354142316,1.45622115954158,30
"b2.t30.p7.w378",0.0799026960894033,0.0185923140378227,30
"b2.t30.p7.w379",1.33775168897074,1.11498644667582,30
"b2.t30.p7.w383",0.877139024800765,0.80045720878561,30
"b2.t30.p7.w386",-0.0418902077326889,-0.0142824838969889,30
"b2.t30.p7.w387",-0.105512313615514,-0.185225501473728,30
"b2.t30.p7.w392",-0.312043524687263,-0.121032633782904,30
"b2.t30.p7.w394",0.91572259765115,0.777082738266944,30
"b2.t30.p7.w397",0.50883126308985,0.397196178096589,30
"b2.t30.p7.w398",3.69803874333719,1.93818031107171,30
"b2.t30.p7.w399",-0.0645459947861403,-0.0851322689201174,30
"b2.t30.p7.w400",-0.0198030896447052,-0.0852032321428777,30
"b2.t30.p7.w407",-0.0446219926222508,-0.137499582882074,30
"b2.t30.p7.w409",1.89095582469562,1.62435622599349,30
"b2.t30.p7.w410",-0.149637189097695,-0.195077334276819,30
"b2.t30.p7.w413",2.11914273390979,1.91155312800703,30
"b2.t30.p7.w414",1.99569928945778,1.72595548099161,30
"b2.t30.p7.w417",0.877973093569328,0.739354363639031,30
"b2.t30.p7.w418",-0.0142462985808557,-0.097393934755419,30
"b2.t30.p8.w421",-0.127162119349351,0.0800912805909388,30
"b2.t30.p8.w423",1.94818271878769,1.68256426206695,30
"b2.t30.p8.w425",-0.0253611780525868,-0.138029781440101,30
"b2.t30.p8.w426",-0.151656898921858,0.0158506701305217,30
"b2.t30.p8.w428",-0.0107108896699958,-0.0395542139444796,30
"b2.t30.p8.w430",-0.365000557662025,-0.0871908503300288,30
"b2.t30.p8.w431",1.7191742893558,1.48108255823808,30
"b2.t30.p8.w432",-0.134270498247049,-0.285837987531592,30
"b2.t30.p8.w435",0.517440709128287,0.448244642587633,30
"b2.t30.p8.w436",2.18727904608947,1.85828602634146,30
"b2.t30.p8.w437",-0.076926441648783,-0.192000421515581,30
"b2.t30.p8.w438",1.66491052326184,1.51923623519559,30
"b2.t30.p8.w439",0.0847576378398517,0.0096838541910704,30
"b2.t30.p8.w440",-0.0654311376370684,-0.0940299107630981,30
"b2.t30.p8.w443",0.457187521713494,0.572722206900918,30
"b2.t30.p8.w446",-0.0417508213883485,0.124816589210783,30
"b2.t30.p8.w447",0.693675683325074,0.69962448683835,30
"b2.t30.p8.w448",0.79169703977853,0.389012988593468,30
"b2.t30.p8.w449",-0.0368783712297168,-0.141294329620209,30
"b2.t30.p8.w455",0.656741446670656,0.356809437346975,30
"b2.t30.p8.w461",1.91680130395094,1.62531934110364,30
"b2.t30.p8.w462",0.157418509824869,0.0476952184865016,30
"b2.t30.p8.w463",1.50933636372527,1.36444913604412,30
"b2.t30.p8.w464",-0.153759787069134,-0.0506211090838706,30
"b2.t30.p8.w466",2.20738852864623,1.85723736353417,30
"b2.t30.p8.w468",-0.156597396415213,-0.159072089080311,30
"b2.t30.p8.w472",-0.0447652427748542,-0.127463465169503,30
"b2.t30.p8.w473",0.952750455642868,0.779995486844661,30
"b2.t30.p8.w476",0.509446033702413,0.257166843092697,30
"b2.t30.p8.w477",0.3049499184557,0.418686155410681,30
"b2.t30.p8.w480",1.91024882611045,1.61249238057695,30
"b2.t30.p9.w481",-0.112632685604176,-0.0708527974290517,30
"b2.t30.p9.w484",1.81752636358381,1.55370355622583,30
"b2.t30.p9.w485",0.417083535439389,0.44022276603591,30
"b2.t30.p9.w488",0.14862212870412,0.0533310345585962,30
"b2.t30.p9.w489",2.24341185064314,1.87769475007213,30
"b2.t30.p9.w491",-0.32261627046869,-0.190973508084133,30
"b2.t30.p9.w492",2.37085143372832,2.04185714629005,30
"b2.t30.p9.w494",-0.133782931273845,-0.115739822207693,30
"b2.t30.p9.w495",0.614827211505071,0.328981923171353,30
"b2.t30.p9.w496",-0.125134458748457,-0.215247531378948,30
"b2.t30.p9.w497",0.217704427023194,0.0891331898786226,30
"b2.t30.p9.w500",-0.123974038465597,-0.218970944159216,30
"b2.t30.p9.w504",1.84339965420192,1.64094113074038,30
"b2.t30.p9.w506",0.29432689991889,0.236576045993584,30
"b2.t30.p9.w507",2.37883904099587,2.16602824541311,30
"b2.t30.p9.w509",-0.259348589000508,-0.0695939529569859,30
"b2.t30.p9.w510",1.01261497637255,0.861412948505618,30
"b2.t30.p9.w511",1.20739958185575,0.675424292830193,30
"b2.t30.p9.w512",0.166778151816868,0.0940498395600929,30
"b2.t30.p9.w513",-0.00921640720308886,0.00810949662205612,30
"b2.t30.p9.w518",1.85012739032023,1.65373297757672,30
"b2.t30.p9.w520",2.28267990185946,2.048148509123,30
"b2.t30.p9.w521",-0.297749685986672,-0.137426270926321,30
"b2.t30.p9.w522",0.171097119284589,0.118593478043317,30
"b2.t30.p9.w524",-0.0881096124088564,8.61399706755694e-05,30
"b2.t30.p9.w525",-0.125407583291353,0.0713204969835586,30
"b2.t30.p9.w527",0.940646813923743,0.834076375750969,30
"b2.t30.p9.w528",2.23334869694873,2.00433337123716,30
"b2.t30.p9.w530",1.70203457503839,1.43094680887499,30
"b2.t30.p9.w532",1.81932494078463,1.50630141431684,30
"b2.t30.p9.w534",1.7143529808114,1.46786285743962,30
"b2.t30.p9.w536",1.59090855173587,1.38520795206139,30
"b2.t30.p9.w538",1.30332150613781,1.08092739935699,30
"b2.t33.p1.w12",2.54698132874512,2.1690518765084,33
"b2.t33.p1.w13",2.73064235721123,2.13374931718217,33
"b2.t33.p1.w15",2.95264846474265,2.31036848276969,33
"b2.t33.p1.w19",2.55189597104114,2.186929495165,33
"b2.t33.p1.w25",2.81779002249736,2.19445188674597,33
"b2.t33.p1.w30",2.5529883711224,2.18581109695634,33
"b2.t33.p1.w32",2.46959061686382,2.09742712019643,33
"b2.t33.p1.w33",2.4810686093648,1.95078226073486,33
"b2.t33.p1.w34",2.79008529413067,2.18310943468917,33
"b2.t33.p1.w36",2.59531600163485,2.03371953416259,33
"b2.t33.p1.w39",2.69464276726609,2.10956699247266,33
"b2.t33.p1.w4",2.50440571122899,1.97120383423441,33
"b2.t33.p1.w42",2.59347014842391,2.1998685388994,33
"b2.t33.p1.w5",2.52563787009787,1.96423080111503,33
"b2.t33.p1.w51",2.73125729768442,2.34356628897346,33
"b2.t33.p1.w54",2.47616445625637,2.15766192427958,33
"b2.t33.p1.w55",2.40731898438491,2.05158697815036,33
"b2.t33.p1.w56",2.55162866833473,1.97797374994319,33
"b2.t33.p1.w57",2.79326156207525,2.1719984432042,33
"b2.t33.p1.w6",2.5501884088454,2.01722069985532,33
"b2.t33.p1.w60",2.58764041509726,2.23174713436349,33
"b2.t33.p1.w7",2.66107513311319,2.08584992001365,33
"b2.t33.p1.w8",2.75712490558712,2.17714705195003,33
"b2.t33.p1.w9",2.55878545071959,2.00472790105878,33
"b2.t33.p2.w101",2.64291508250349,2.29318588456072,33
"b2.t33.p2.w102",2.56155574499055,2.21951451868209,33
"b2.t33.p2.w103",2.53888517774342,2.02597353269856,33
"b2.t33.p2.w104",2.47695135231145,1.94595077427279,33
"b2.t33.p2.w105",2.75586107399291,2.38020193152326,33
"b2.t33.p2.w109",2.42695705022683,2.08192351523414,33
"b2.t33.p2.w111",2.37989524689599,1.85836870670425,33
"b2.t33.p2.w112",2.9094045031032,2.26274784474897,33
"b2.t33.p2.w113",2.57788447596271,2.0237889357331,33
"b2.t33.p2.w114",2.53116670670152,1.98175741041923,33
"b2.t33.p2.w120",2.63299592508408,2.26235930499087,33
"b2.t33.p2.w61",2.48386510358244,2.110507572795,33
"b2.t33.p2.w62",2.56834355444304,1.99323912367013,33
"b2.t33.p2.w64",2.52809442297505,1.97404896848612,33
"b2.t33.p2.w67",3.01337459734455,2.34616638484209,33
"b2.t33.p2.w69",2.86163739056002,2.23089409388166,33
"b2.t33.p2.w71",2.52862372312524,2.15166520135084,33
"b2.t33.p2.w73",2.39768417972017,2.0865387043523,33
"b2.t33.p2.w78",2.6630508618471,2.09533565886202,33
"b2.t33.p2.w80",2.54286719360327,1.96568421855405,33
"b2.t33.p2.w81",2.38751622558024,2.03215726153213,33
"b2.t33.p2.w82",2.49797423855374,2.09210623879966,33
"b2.t33.p2.w83",2.52239877289147,2.17718032192284,33
"b2.t33.p2.w84",2.6381567597453,2.25034435860978,33
"b2.t33.p2.w85",2.50745861113156,2.1464495185944,33
"b2.t33.p2.w86",2.29242005845165,1.80844783090305,33
"b2.t33.p2.w87",2.51720537761207,2.18807236791294,33
"b2.t35.p1.w1",2.1176722632082,2.00970564357852,35
"b2.t35.p1.w10",3.10209908337784,2.41029948260139,35
"b2.t35.p1.w13",2.96809100446363,2.32445890416988,35
"b2.t35.p1.w14",3.11829314441929,2.40552010320422,35
"b2.t35.p1.w16",2.85458977293314,2.18725178329257,35
"b2.t35.p1.w17",3.25763745956018,2.50645814500753,35
"b2.t35.p1.w18",3.26817313807387,2.54723434109529,35
"b2.t35.p1.w2",3.00933396470795,2.31790822255817,35
"b2.t35.p1.w21",2.44505395566719,1.89170878110903,35
"b2.t35.p1.w22",2.60115279886965,1.9958184770796,35
"b2.t35.p1.w23",2.93549327232185,2.29649479890394,35
"b2.t35.p1.w26",2.68759845938346,2.07920770087532,35
"b2.t35.p1.w31",2.42897135752607,1.8978886911215,35
"b2.t35.p1.w32",2.77384898013666,2.14478976344972,35
"b2.t35.p1.w33",3.02497353042627,2.3444282779661,35
"b2.t35.p1.w34",3.09221985542714,2.4066621098219,35
"b2.t35.p1.w35",2.94715823485117,2.27503525530175,35
"b2.t35.p1.w4",2.79822680630929,2.18508975865376,35
"b2.t35.p1.w40",2.90274349095595,2.24041829047943,35
"b2.t35.p1.w42",2.6326395645205,2.0467896455274,35
"b2.t35.p1.w5",2.98940841887083,2.31754051503926,35
"b2.t35.p1.w55",2.57830342821882,1.97295707481048,35
"b2.t35.p1.w6",3.12375317184829,2.44223790785509,35
"b2.t35.p1.w60",3.04351773846669,2.35956778089123,35
"b2.t35.p1.w9",3.28235131565145,2.51130369431138,35
"b2.t35.p2.w100",3.05683590960819,2.35520450996278,35
"b2.t35.p2.w104",2.96623066289224,2.28022313354432,35
"b2.t35.p2.w105",2.66597088792081,2.05907584353094,35
"b2.t35.p2.w106",2.96178043266615,2.26471093917038,35
"b2.t35.p2.w108",3.11396578567225,2.40383723573099,35
"b2.t35.p2.w109",2.80740236758783,2.14642982899459,35
"b2.t35.p2.w111",2.75230153933582,2.12976253563425,35
"b2.t35.p2.w114",2.90542242848359,2.23578800092532,35
"b2.t35.p2.w115",3.24376278013845,2.49825815697735,35
"b2.t35.p2.w117",3.40999495767747,2.59749599090373,35
"b2.t35.p2.w118",3.21844381686093,2.47704768287822,35
"b2.t35.p2.w120",3.32059657359848,2.54733803179984,35
"b2.t35.p2.w61",2.56094580289942,1.95529009640338,35
"b2.t35.p2.w62",2.66546140191363,2.08241033278057,35
"b2.t35.p2.w63",2.8603762995045,2.18276045779934,35
"b2.t35.p2.w64",3.13195669591182,2.41017119056006,35
"b2.t35.p2.w70",3.09695864887565,2.36230171196696,35
"b2.t35.p2.w72",2.55005608760198,2.17833311691017,35
"b2.t35.p2.w78",2.67260079196888,2.05477369084034,35
"b2.t35.p2.w79",2.44525403127375,1.86634734702357,35
"b2.t35.p2.w80",2.86755656682722,2.24373916611876,35
"b2.t35.p2.w83",2.55173635632241,1.99520431754566,35
"b2.t35.p2.w85",2.95971712026816,2.25517121355097,35
"b2.t35.p2.w89",2.7968821296201,2.14721067468327,35
"b2.t35.p2.w96",2.75970833399832,2.09979786355336,35
"b2.t35.p2.w99",2.77980317677341,2.12574230495199,35
"b2.t39.p1.w12",1.47891695299189,1.16052771579073,39
"b2.t39.p1.w13",1.31626441434651,0.972360528147487,39
"b2.t39.p1.w15",1.38634790741721,1.06438135583845,39
"b2.t39.p1.w17",1.28928807744458,0.994972250491106,39
"b2.t39.p1.w19",1.44911618014498,1.11637168108597,39
"b2.t39.p1.w22",1.39194611549339,1.04946640248491,39
"b2.t39.p1.w26",1.50373898550709,1.17794900227231,39
"b2.t39.p1.w29",1.55195098016911,1.2316517336565,39
"b2.t39.p1.w32",1.32976924211589,1.04094021842865,39
"b2.t39.p1.w33",1.34749416538562,1.03088960736683,39
"b2.t39.p1.w38",1.46356097339603,1.10508619523815,39
"b2.t39.p1.w39",1.48214137376552,1.14207747784834,39
"b2.t39.p1.w4",1.32099782009344,0.993119340294617,39
"b2.t39.p1.w40",1.54100960680665,1.20174353523565,39
"b2.t39.p1.w41",1.11915816364927,0.814979192222261,39
"b2.t39.p1.w42",1.28889018055333,0.994097616883452,39
"b2.t39.p1.w43",1.75028087276518,1.37702076808626,39
"b2.t39.p1.w44",1.63435805228544,1.27701857957662,39
"b2.t39.p1.w48",1.30271217851296,1.02889755745889,39
"b2.t39.p1.w51",1.0560264612446,0.802047826079327,39
"b2.t39.p1.w53",1.45346855168756,1.11143164757155,39
"b2.t39.p1.w54",1.46522673173369,1.13956868099331,39
"b2.t39.p1.w56",1.21833045874007,0.906539434214066,39
"b2.t39.p1.w6",1.3773912373465,1.08898329236936,39
"b2.t39.p1.w60",1.46096029999037,1.13014041792732,39
"b2.t39.p1.w7",1.8182282977636,1.40305086042885,39
"b2.t39.p2.w104",1.2125686210117,0.94647887048586,39
"b2.t39.p2.w107",1.28579341137824,0.943023278409463,39
"b2.t39.p2.w110",1.34849191406313,1.0211154397796,39
"b2.t39.p2.w111",0.728915317218139,0.434403735627713,39
"b2.t39.p2.w113",1.40163158869459,1.09105936950605,39
"b2.t39.p2.w115",1.47042605929476,1.1619157821401,39
"b2.t39.p2.w118",1.3736039131198,1.08138559260157,39
"b2.t39.p2.w62",1.3781485056897,1.02445105304061,39
"b2.t39.p2.w63",1.6027242484414,1.23205438604065,39
"b2.t39.p2.w65",1.59442408636252,1.22593793221374,39
"b2.t39.p2.w68",1.18171352190376,0.892747984734754,39
"b2.t39.p2.w72",1.40824879998345,1.05960505505312,39
"b2.t39.p2.w75",1.62203214474457,1.26413442670998,39
"b2.t39.p2.w77",1.54112656691489,1.17528561308955,39
"b2.t39.p2.w80",1.54009720268587,1.20591221685561,39
"b2.t39.p2.w81",1.27480480491248,0.960633047627618,39
"b2.t39.p2.w82",1.26161352286465,0.971304771865362,39
"b2.t39.p2.w88",1.02004909648285,0.770979467380493,39
"b2.t39.p2.w89",1.51663191283889,1.1554416621754,39
"b2.t39.p2.w90",1.24306982041243,0.936169143332115,39
"b2.t39.p2.w92",1.18544205909913,0.930711096420068,39
"b2.t39.p2.w94",1.44866030690577,1.13994814082171,39
"b2.t39.p2.w96",1.45295597484819,1.10847221045378,39
"b2.t39.p2.w97",1.66843996397859,1.30300451732508,39
"b2.t39.p2.w99",1.48125480566433,1.13849941105686,39
"b2.t43.p1.w11",-0.062737124656818,-0.178408976493321,43
"b2.t43.p1.w17",-0.119008554219773,-0.270565701969074,43
"b2.t43.p1.w2",-0.543681880630438,-0.189846691085623,43
"b2.t43.p1.w20",-0.0974011569498705,-0.266116744830844,43
"b2.t43.p1.w26",-0.147342036647246,-0.227310209418916,43
"b2.t43.p1.w29",-0.107808725376601,-0.22758139967818,43
"b2.t43.p1.w30",-0.0819949317325997,-0.234489415770037,43
"b2.t43.p1.w32",-0.0963023085845323,-0.272193552946645,43
"b2.t43.p1.w33",-0.432007281870078,-0.179295818586799,43
"b2.t43.p1.w37",-0.0838825250915407,-0.185689805416787,43
"b2.t43.p1.w39",-0.136026504743243,-0.349642136079302,43
"b2.t43.p1.w41",-0.057135772486972,-0.153563877643211,43
"b2.t43.p1.w43",-0.0986640967439511,-0.228947720457225,43
"b2.t43.p1.w45",-0.0981766353707449,-0.233623886832012,43
"b2.t43.p1.w46",-0.0990459785537355,-0.209714953919479,43
"b2.t43.p1.w48",-0.128524023451259,-0.347422896645851,43
"b2.t43.p1.w49",-0.100487459522084,-0.279602023846692,43
"b2.t43.p1.w51",-0.116341063558434,-0.245186052772353,43
"b2.t43.p1.w52",-0.0643138198996107,-0.24919617336808,43
"b2.t43.p1.w54",-0.612262666159957,-0.140369782733565,43
"b2.t43.p1.w57",-0.101639239348763,-0.269728138693087,43
"b2.t43.p1.w6",-0.0997495963867754,-0.18834851972053,43
"b2.t43.p1.w9",-0.781925392477634,-0.306586565025806,43
"b2.t43.p2.w101",-0.663240379305194,-0.293160394970644,43
"b2.t43.p2.w102",-0.103339457744498,-0.254749004237062,43
"b2.t43.p2.w104",-0.828951518754921,-0.348242444765521,43
"b2.t43.p2.w107",-0.0730385291594367,-0.2100530106986,43
"b2.t43.p2.w109",-0.100614827922168,-0.298739550472325,43
"b2.t43.p2.w111",-0.117063596093786,-0.199745767614044,43
"b2.t43.p2.w113",-0.0824850172501416,-0.164879307642812,43
"b2.t43.p2.w114",-0.0786970196466056,-0.22187971357272,43
"b2.t43.p2.w116",-0.0948562224826886,-0.330339367443622,43
"b2.t43.p2.w117",-0.373286716741249,-0.179745091113733,43
"b2.t43.p2.w119",-0.120947497650589,-0.198523177808255,43
"b2.t43.p2.w120",-0.0497855842041765,-0.166002484818848,43
"b2.t43.p2.w61",-0.147515403876684,-0.308290834512211,43
"b2.t43.p2.w64",-0.102703576139268,-0.277240287744644,43
"b2.t43.p2.w66",-0.130791281982287,-0.279936485377481,43
"b2.t43.p2.w68",-0.0887560425311474,-0.265375937234108,43
"b2.t43.p2.w69",-0.0995355939673131,-0.225557707498101,43
"b2.t43.p2.w73",-0.112877705937439,-0.262255743944789,43
"b2.t43.p2.w78",-0.0683697809587476,-0.17386173959682,43
"b2.t43.p2.w80",-0.691377764714972,-0.208816902024038,43
"b2.t43.p2.w81",-0.0617255830530942,-0.191536408335646,43
"b2.t43.p2.w82",-0.0756402305454058,-0.263821010352909,43
"b2.t43.p2.w83",-0.734693887715569,-0.241321189907903,43
"b2.t43.p2.w84",-0.0825604793005632,-0.184325874998059,43
"b2.t43.p2.w85",-0.112079132336247,-0.244238063260276,43
"b2.t43.p2.w88",-0.128252221661176,-0.344611314185233,43
"b2.t43.p2.w95",-0.0796387463853884,-0.229082595916419,43
"b2.t43.p2.w97",-0.546081807502303,-0.205108298329855,43
"b2.t8.p1.w10",0.291521593563985,0.2537472658242,8
"b2.t8.p1.w11",0.246899433425929,0.17382414643343,8
"b2.t8.p1.w14",0.236370450349718,0.194467810714038,8
"b2.t8.p1.w16",0.24649144356051,0.239975270107598,8
"b2.t8.p1.w19",0.290558905499784,0.232811688606512,8
"b2.t8.p1.w27",0.287273942412393,0.296545293624865,8
"b2.t8.p1.w29",0.28687032248312,0.252080734903347,8
"b2.t8.p1.w31",0.324443235075724,0.298098578839826,8
"b2.t8.p1.w32",0.302715069720457,0.271051284227321,8
"b2.t8.p1.w33",0.24449825779089,0.251554421408211,8
"b2.t8.p1.w34",0.339948700206742,0.329653399678862,8
"b2.t8.p1.w36",0.250580310317382,0.269536043439986,8
"b2.t8.p1.w37",0.274699232614346,0.28508930997274,8
"b2.t8.p1.w39",0.236996042635825,0.21335983155997,8
"b2.t8.p1.w4",0.311363953289732,0.296309697006657,8
"b2.t8.p1.w40",0.345740960121587,0.301937621137571,8
"b2.t8.p1.w41",0.293888998235636,0.246582586585365,8
"b2.t8.p1.w42",0.262125152135881,0.217802962720936,8
"b2.t8.p1.w48",0.196216368186679,0.18346916598369,8
"b2.t8.p1.w49",0.264521245927501,0.250808674340215,8
"b2.t8.p1.w51",0.333581860166367,0.286429421209122,8
"b2.t8.p1.w52",0.231259964150721,0.170192970390005,8
"b2.t8.p1.w56",0.210735189544351,0.194470437047502,8
"b2.t8.p1.w59",0.259110339588591,0.205671456595717,8
"b2.t8.p1.w6",0.218720612363663,0.180333332574671,8
"b2.t8.p1.w60",0.196482220095099,0.157218287479237,8
"b2.t8.p1.w7",0.293347881146091,0.284371138509281,8
"b2.t8.p1.w8",0.31761533484913,0.282113770403035,8
"b2.t8.p2.w101",0.232128624354633,0.201832411412875,8
"b2.t8.p2.w103",0.232325392694487,0.200016240951427,8
"b2.t8.p2.w105",0.24711453231242,0.210926223668947,8
"b2.t8.p2.w108",0.213454252852939,0.184715279950536,8
"b2.t8.p2.w109",0.272396242981618,0.23244820627931,8
"b2.t8.p2.w118",0.19828707378776,0.16139336062932,8
"b2.t8.p2.w119",0.267999150421376,0.227422902583516,8
"b2.t8.p2.w63",0.225498756694905,0.188139915225003,8
"b2.t8.p2.w66",0.229375114129649,0.199798083838454,8
"b2.t8.p2.w68",0.208549803239924,0.176172655348084,8
"b2.t8.p2.w71",0.249234081172829,0.20433840770591,8
"b2.t8.p2.w72",0.219253176242638,0.193480430284083,8
"b2.t8.p2.w73",0.255279754838647,0.209577885229891,8
"b2.t8.p2.w76",0.229524641294991,0.206825038770545,8
"b2.t8.p2.w77",0.191752689369251,0.167949745677371,8
"b2.t8.p2.w78",0.19232461123614,0.163901823443181,8
"b2.t8.p2.w80",0.233115725326686,0.198848301856163,8
"b2.t8.p2.w82",0.220876225249069,0.182345676387473,8
"b2.t8.p2.w86",0.245832880721571,0.220113765794437,8
"b2.t8.p2.w88",0.181182144224185,0.149504999205731,8
"b2.t8.p2.w90",0.232628767310695,0.208954331529589,8
"b2.t8.p2.w91",0.204675971135277,0.190249383611787,8
"b2.t8.p2.w97",0.200303881976537,0.184312075244814,8
"b3.t14.p1.w15",0.609091040168611,0.554240858160402,14
"b3.t14.p1.w16",0.556271436497359,0.501566257895838,14
"b3.t14.p1.w17",0.567655796939132,0.521629334520813,14
"b3.t14.p1.w18",0.499155223649022,0.438212966439217,14
"b3.t14.p1.w19",0.58862657596684,0.517239588925914,14
"b3.t14.p1.w20",0.494426288633953,0.440315316802513,14
"b3.t14.p1.w21",0.537072539819845,0.500376529676891,14
"b3.t14.p1.w24",0.404067161127485,0.340487950486293,14
"b3.t14.p1.w26",0.582762457743423,0.5088653298712,14
"b3.t14.p1.w3",0.547818772461211,0.490670134847005,14
"b3.t14.p1.w30",0.472612086058112,0.414312787422104,14
"b3.t14.p1.w31",0.542666517541772,0.451509068680736,14
"b3.t14.p1.w35",0.484990443457077,0.468432958074243,14
"b3.t14.p1.w37",0.532335693027056,0.460890208572446,14
"b3.t14.p1.w43",0.540509443775571,0.447355961628657,14
"b3.t14.p1.w46",0.549671732271909,0.481910485595536,14
"b3.t14.p1.w49",0.517762741991539,0.457879985468349,14
"b3.t14.p1.w5",0.408220337406041,0.355207258399405,14
"b3.t14.p1.w52",0.516902454350847,0.446944664094237,14
"b3.t14.p1.w54",0.525784792862507,0.457796831684301,14
"b3.t14.p1.w57",0.555778579603029,0.491845543907423,14
"b3.t14.p1.w58",0.50416614788183,0.444287224291619,14
"b3.t14.p1.w60",0.557355103729199,0.481598389066261,14
"b3.t14.p1.w8",0.477560997823835,0.431869506547079,14
"b3.t14.p2.w106",0.548110153485922,0.499618558260618,14
"b3.t14.p2.w108",0.825665971089568,0.699159856681913,14
"b3.t14.p2.w110",0.553293846898377,0.492044753515261,14
"b3.t14.p2.w112",0.536730120216961,0.490916332846406,14
"b3.t14.p2.w117",0.552233720953842,0.513914522019239,14
"b3.t14.p2.w118",0.578985771203746,0.508590246783293,14
"b3.t14.p2.w120",0.52148947364301,0.459879103649208,14
"b3.t14.p2.w67",0.483327094973176,0.456531345474833,14
"b3.t14.p2.w68",0.46382855850298,0.440996715946821,14
"b3.t14.p2.w69",0.434108180118843,0.417704077671215,14
"b3.t14.p2.w71",0.557460473059059,0.509063774022347,14
"b3.t14.p2.w72",0.605952696134862,0.560754118374469,14
"b3.t14.p2.w73",0.584361896152588,0.504240602816167,14
"b3.t14.p2.w75",0.519808181380196,0.478500381766805,14
"b3.t14.p2.w76",0.540137359864755,0.474310007849303,14
"b3.t14.p2.w79",0.473648339532545,0.403087156270895,14
"b3.t14.p2.w81",0.619468165878198,0.521014008470896,14
"b3.t14.p2.w83",0.509216941908226,0.469402183764531,14
"b3.t14.p2.w84",0.55365864864712,0.519570642137157,14
"b3.t14.p2.w86",0.59116101251961,0.517914338987197,14
"b3.t14.p2.w88",0.432580505192165,0.375877395769439,14
"b3.t14.p2.w89",0.499176796864289,0.477922465785691,14
"b3.t14.p2.w90",0.528597885423216,0.464887100869209,14
"b3.t14.p2.w94",0.504995060682746,0.464691002539581,14
"b3.t14.p2.w95",0.531929348304335,0.48058255899521,14
"b3.t14.p2.w96",0.630635525479686,0.527239715958467,14
"b3.t14.p2.w99",0.49889947665057,0.45108207101401,14
"b3.t20.p1.w1",1.21554850545803,1.02411107302953,20
"b3.t20.p1.w11",1.20162054822596,1.06411304396073,20
"b3.t20.p1.w12",0.804239113257137,0.697927946151877,20
"b3.t20.p1.w18",1.18059500053314,0.982075955531816,20
"b3.t20.p1.w2",1.05628628179265,0.957282605101583,20
"b3.t20.p1.w22",1.2346011768355,1.0992529354347,20
"b3.t20.p1.w23",1.18518598812847,1.07798965523779,20
"b3.t20.p1.w28",1.69989625171135,1.51468988487301,20
"b3.t20.p1.w3",1.02159509632618,0.971016163980004,20
"b3.t20.p1.w33",1.24565745903683,1.10669152625932,20
"b3.t20.p1.w36",1.7217837578996,1.48446374062164,20
"b3.t20.p1.w39",1.24447137318923,1.09899417506958,20
"b3.t20.p1.w41",1.06888567845037,0.965456998919132,20
"b3.t20.p1.w42",1.28343846518373,1.13522889974858,20
"b3.t20.p1.w43",1.44271720746111,1.34022062672231,20
"b3.t20.p1.w46",1.14773878605275,1.03553391490561,20
"b3.t20.p1.w47",1.25749826331767,1.11657810724676,20
"b3.t20.p1.w49",1.35617683791966,1.21844295225092,20
"b3.t20.p1.w5",1.26253768391769,1.1242975073775,20
"b3.t20.p1.w50",1.11923319947953,1.03485055208694,20
"b3.t20.p1.w51",1.23183828982616,1.10799493475111,20
"b3.t20.p1.w54",1.33672624424869,1.1753867908492,20
"b3.t20.p1.w55",1.2111942033948,1.08292482357649,20
"b3.t20.p1.w56",1.33950273984379,1.14470894520415,20
"b3.t20.p1.w58",1.30703846315225,1.13018417241172,20
"b3.t20.p1.w8",1.25656947230454,1.05785414548335,20
"b3.t20.p2.w100",1.20138470717557,1.05186425611884,20
"b3.t20.p2.w106",1.18733357750421,1.06792284763195,20
"b3.t20.p2.w110",1.2585405292201,1.09827675184963,20
"b3.t20.p2.w112",1.29489738923578,1.13917520364419,20
"b3.t20.p2.w113",1.25227905206862,1.11383840873707,20
"b3.t20.p2.w115",1.28528983670304,1.12043654842725,20
"b3.t20.p2.w116",1.30914351456519,1.20853785795312,20
"b3.t20.p2.w118",1.17222244381843,1.00870713080072,20
"b3.t20.p2.w120",1.32373794955157,1.16710489312221,20
"b3.t20.p2.w61",1.12001555832844,0.998080503835114,20
"b3.t20.p2.w62",1.17820100262833,1.00692353884883,20
"b3.t20.p2.w65",1.18975224683016,1.06905298514158,20
"b3.t20.p2.w68",1.08700140768421,0.934042821654471,20
"b3.t20.p2.w70",1.17150603104374,0.986884094155626,20
"b3.t20.p2.w72",1.27201908806462,1.13961217008221,20
"b3.t20.p2.w75",1.39179672614318,1.23141128511277,20
"b3.t20.p2.w77",1.19256952648863,1.0173484459564,20
"b3.t20.p2.w78",1.13302214862526,0.95367296639357,20
"b3.t20.p2.w80",1.23119074563307,1.0934669403647,20
"b3.t20.p2.w83",1.31772017488984,1.18127308354997,20
"b3.t20.p2.w86",1.29826497384773,1.16170717949621,20
"b3.t20.p2.w89",1.22329973680393,1.0600419594496,20
"b3.t20.p2.w90",1.19426033777645,1.01518692719433,20
"b3.t20.p2.w94",1.13527476425248,0.992037671767574,20
"b3.t20.p2.w95",1.19004905499686,1.02933796098117,20
"b3.t25.p1.w10",1.82105766084496,1.59591358118456,25
"b3.t25.p1.w11",1.60570942900819,1.40470127843259,25
"b3.t25.p1.w12",1.9508533723415,1.71697722040999,25
"b3.t25.p1.w13",1.89803001407888,1.66168942363901,25
"b3.t25.p1.w14",2.02559657099824,1.77550184544144,25
"b3.t25.p1.w16",1.82495561193175,1.58882858041985,25
"b3.t25.p1.w17",1.91914956305595,1.68284792944272,25
"b3.t25.p1.w19",1.94874785654487,1.71050558659615,25
"b3.t25.p1.w2",1.89225966160188,1.66848708970336,25
"b3.t25.p1.w21",1.62211661699947,1.42284256630417,25
"b3.t25.p1.w27",1.84990078766842,1.6253012502478,25
"b3.t25.p1.w28",1.89834196806012,1.6652623078675,25
"b3.t25.p1.w31",1.75188245752118,1.53287531623848,25
"b3.t25.p1.w34",1.31433338296865,1.13643535497106,25
"b3.t25.p1.w35",1.83186384049306,1.60225616310039,25
"b3.t25.p1.w36",1.85075300806288,1.61960619492335,25
"b3.t25.p1.w39",1.84098061488977,1.61448497124511,25
"b3.t25.p1.w4",1.69049324933817,1.47299141835551,25
"b3.t25.p1.w41",1.9090593362541,1.67321447600922,25
"b3.t25.p1.w42",1.67222371535298,1.46382035507447,25
"b3.t25.p1.w44",1.71459088619924,1.4975623350298,25
"b3.t25.p1.w47",1.7866740242672,1.566763543472,25
"b3.t25.p1.w5",1.76924289676753,1.54082845724795,25
"b3.t25.p1.w52",1.16734488412241,1.01256987481238,25
"b3.t25.p1.w54",1.65277699815345,1.44664154338661,25
"b3.t25.p1.w55",1.60752575362673,1.39468197677887,25
"b3.t25.p1.w59",1.29626006523652,1.13791355125361,25
"b3.t25.p1.w6",1.66269320987255,1.46929319350823,25
"b3.t25.p1.w9",1.77966739615324,1.5667846009216,25
"b3.t25.p2.w100",0.0529807878328764,-0.0531701555835435,25
"b3.t25.p2.w105",1.59596045244255,1.39576356284635,25
"b3.t25.p2.w107",1.802051259293,1.57241313230087,25
"b3.t25.p2.w112",1.84074748606089,1.61440104320831,25
"b3.t25.p2.w114",1.7561095286061,1.53242120367097,25
"b3.t25.p2.w115",1.8020725349308,1.5722024766677,25
"b3.t25.p2.w116",1.89006641897743,1.65676082967498,25
"b3.t25.p2.w117",1.72267217295244,1.50518445756689,25
"b3.t25.p2.w119",1.837880813308,1.60237628586974,25
"b3.t25.p2.w61",1.84610599269771,1.63068695487245,25
"b3.t25.p2.w67",1.78961111580523,1.55669772824684,25
"b3.t25.p2.w68",1.85428482488254,1.62003543655079,25
"b3.t25.p2.w70",1.8929860524765,1.66057388791507,25
"b3.t25.p2.w71",1.77086390447009,1.55983707208683,25
"b3.t25.p2.w72",1.69468061960066,1.48413257873788,25
"b3.t25.p2.w73",1.93536044548884,1.67116728578263,25
"b3.t25.p2.w75",1.77255174767959,1.56028394422333,25
"b3.t25.p2.w78",1.85919457674522,1.62918070599077,25
"b3.t25.p2.w82",1.74323311620779,1.5282650481578,25
"b3.t25.p2.w84",1.63222371819559,1.42717370403788,25
"b3.t25.p2.w85",1.62679047684759,1.41049155477301,25
"b3.t25.p2.w92",1.75819948984071,1.53555986624598,25
"b3.t30.p1.w13",0.477860697318811,0.562742094278538,30
"b3.t30.p1.w14",-0.0613312181165159,-0.0731488746104359,30
"b3.t30.p1.w15",-0.0992521101859988,-0.152625669238132,30
"b3.t30.p1.w18",-0.0502019243800008,0.0595010331164307,30
"b3.t30.p1.w19",2.12900260961294,2.10700392304746,30
"b3.t30.p1.w21",0.099607650747436,0.076873742333568,30
"b3.t30.p1.w23",-0.135269191017683,-0.177587149737463,30
"b3.t30.p1.w25",1.41810553689724,1.42668662475926,30
"b3.t30.p1.w29",1.29312362333961,1.29367974126883,30
"b3.t30.p1.w3",-0.0689951290321372,-0.194038052388664,30
"b3.t30.p1.w32",0.393053395609794,0.505696209044874,30
"b3.t30.p1.w35",-0.157083787315556,-0.012244525177445,30
"b3.t30.p1.w39",0.775410048090884,0.797170181482478,30
"b3.t30.p1.w4",1.13419656474927,1.15349390760304,30
"b3.t30.p1.w40",0.778557932826114,0.816223516820435,30
"b3.t30.p1.w44",0.139578226590149,0.135094132654925,30
"b3.t30.p1.w46",-0.0397674673447284,0.000961788504749959,30
"b3.t30.p1.w47",0.410697496357844,0.390634256420954,30
"b3.t30.p1.w49",1.57819814475852,1.55631648718919,30
"b3.t30.p1.w5",0.450086641281452,0.545250939690674,30
"b3.t30.p1.w52",0.66518546754303,0.670515403441918,30
"b3.t30.p1.w54",0.557656640384061,0.619885815712149,30
"b3.t30.p1.w56",1.59700955833851,1.57921619531479,30
"b3.t30.p1.w57",0.443982519018089,0.508762675054244,30
"b3.t30.p1.w58",1.00983403279302,1.03755710469687,30
"b3.t30.p1.w60",0.630656230248097,0.632598870019445,30
"b3.t30.p1.w8",0.0339125855802045,-0.0538504696548979,30
"b3.t30.p10.w541",-0.117612798564682,-0.0386823780200897,30
"b3.t30.p10.w542",0.396006371388082,0.496403555631203,30
"b3.t30.p10.w546",0.219631404083429,0.187761813952173,30
"b3.t30.p10.w547",1.34219161977482,1.15323995699316,30
"b3.t30.p10.w550",-0.363708366018985,-0.0945390893278653,30
"b3.t30.p10.w551",0.497624486499894,0.548391572876084,30
"b3.t30.p10.w554",0.401409255638648,0.315522527225683,30
"b3.t30.p10.w555",1.76359702784186,1.49694497194565,30
"b3.t30.p10.w556",0.791553125985962,0.669304058466255,30
"b3.t30.p10.w557",-0.249713865074396,-0.113004483478609,30
"b3.t30.p10.w563",0.253599971747613,0.215047918441792,30
"b3.t30.p10.w565",1.88423569852234,1.66280864669575,30
"b3.t30.p10.w568",0.772026699225309,0.703849771463573,30
"b3.t30.p10.w570",0.210851828773818,0.338781540485656,30
"b3.t30.p10.w571",1.3453684809861,1.1956693085886,30
"b3.t30.p10.w574",1.76963328066311,1.51919796919298,30
"b3.t30.p10.w576",1.54924465288556,1.37965411224545,30
"b3.t30.p10.w579",-0.0238136429816084,0.0969023740404457,30
"b3.t30.p10.w581",1.62387119356793,1.39764382420069,30
"b3.t30.p10.w582",1.66076701119854,1.47620757562823,30
"b3.t30.p10.w583",0.138657254078971,0.110448992523541,30
"b3.t30.p10.w587",0.698355498765357,0.593903915162746,30
"b3.t30.p10.w588",0.00433065057008004,-0.0197102059959361,30
"b3.t30.p10.w589",-0.047246425814767,0.0459864783246696,30
"b3.t30.p10.w590",-0.178541580833942,-0.043993299120167,30
"b3.t30.p10.w592",-0.118549933920778,-0.178474336960188,30
"b3.t30.p10.w595",-0.171618807374184,-0.0910452108570747,30
"b3.t30.p10.w596",0.440516816894375,0.431422105649346,30
"b3.t30.p10.w598",0.644178011774387,0.533098692952168,30
"b3.t30.p10.w600",0.520564528445167,0.475662237740651,30
"b3.t30.p11.w602",1.6679833391633,1.42992726172674,30
"b3.t30.p11.w603",1.64730959924956,1.40167502125025,30
"b3.t30.p11.w608",1.10326309497491,0.944000724639823,30
"b3.t30.p11.w609",-0.053176714692186,-0.0123343287863337,30
"b3.t30.p11.w610",-0.0319070621630371,-0.0105375289316851,30
"b3.t30.p11.w612",0.0289807108056331,-0.000413095051295658,30
"b3.t30.p11.w613",-0.000864382375591019,-0.0779273274200778,30
"b3.t30.p11.w614",-0.233045691205025,-0.10008062003402,30
"b3.t30.p11.w619",-0.102074250370982,-0.125986726957028,30
"b3.t30.p11.w622",1.1503764255267,0.956382472457342,30
"b3.t30.p11.w624",0.368777587213342,0.283465405997133,30
"b3.t30.p11.w629",0.865197539933523,0.746707709332085,30
"b3.t30.p11.w631",1.35917895590703,1.19495125234461,30
"b3.t30.p11.w632",0.442218373612187,0.344695099468885,30
"b3.t30.p11.w633",0.598007853311941,0.488514805797954,30
"b3.t30.p11.w634",0.201259229272287,0.163374394223404,30
"b3.t30.p11.w635",0.195364239160484,0.130819261739861,30
"b3.t30.p11.w636",-0.0920289048624911,-0.150874555016772,30
"b3.t30.p11.w640",0.113800820572151,0.0894688099350995,30
"b3.t30.p11.w641",1.07918016751623,0.920238396641501,30
"b3.t30.p11.w642",0.499147108081504,0.384967118724493,30
"b3.t30.p11.w643",1.00122176344916,0.863302739323992,30
"b3.t30.p11.w644",-0.109664561043574,-0.109400110309016,30
"b3.t30.p11.w645",0.277777892309935,0.297082973118495,30
"b3.t30.p11.w646",-0.313919023291505,-0.134749007847562,30
"b3.t30.p11.w651",1.09021253006201,0.915805991876113,30
"b3.t30.p11.w652",0.0293263099241909,0.0132098017124929,30
"b3.t30.p11.w653",1.82157714158905,1.32617055999488,30
"b3.t30.p11.w654",0.0658842711589883,0.122944841362125,30
"b3.t30.p11.w655",0.0920024939217933,0.0909839347774557,30
"b3.t30.p11.w658",-0.187608233230764,-0.0906715478553988,30
"b3.t30.p11.w659",1.64674706806374,1.38969948453708,30
"b3.t30.p12.w662",0.174080859294308,0.207219630905659,30
"b3.t30.p12.w664",0.132757928432482,0.104638383720298,30
"b3.t30.p12.w665",-0.134028938184694,-0.169396616039023,30
"b3.t30.p12.w666",0.475811471617985,0.363840689854761,30
"b3.t30.p12.w668",0.210385551824045,0.180471050677125,30
"b3.t30.p12.w669",1.12861174570287,0.996439515689498,30
"b3.t30.p12.w670",0.834881629112989,0.729858193638886,30
"b3.t30.p12.w671",-0.375295005509348,-0.195842767904485,30
"b3.t30.p12.w674",-4.05226448559725e-05,0.0236732264865051,30
"b3.t30.p12.w675",-0.227491661850158,-0.13600705569802,30
"b3.t30.p12.w676",0.762518036014261,0.681083230924439,30
"b3.t30.p12.w678",2.089417366943,1.78628393126556,30
"b3.t30.p12.w680",-0.0730057077718384,-0.0466068337678659,30
"b3.t30.p12.w684",-0.107871228873829,-0.152240916562128,30
"b3.t30.p12.w687",-0.131590534477965,-0.199130829069135,30
"b3.t30.p12.w688",-0.358057560810548,-0.191527064156974,30
"b3.t30.p12.w692",-0.0992907746774728,-0.117866619202647,30
"b3.t30.p12.w693",0.343408032897806,0.367926004551504,30
"b3.t30.p12.w694",0.556964938650651,0.451866794908454,30
"b3.t30.p12.w696",-0.260649594505018,-0.1269074648619,30
"b3.t30.p12.w698",-0.0619648198503542,-0.00910202020447637,30
"b3.t30.p12.w700",-0.0264205557585335,-0.0989380229502811,30
"b3.t30.p12.w702",-0.0731080183699568,0.0185039740406048,30
"b3.t30.p12.w704",0.00411800302890863,-0.0274565142267931,30
"b3.t30.p12.w706",0.465352077414547,0.366255087512517,30
"b3.t30.p12.w707",0.0501436638078414,0.0774313442760792,30
"b3.t30.p12.w710",-0.089198080291964,-0.00641199875443967,30
"b3.t30.p12.w711",0.0720428666157407,0.0999191677323207,30
"b3.t30.p12.w712",0.814040352322992,0.687566378400427,30
"b3.t30.p12.w715",1.0053526060627,0.854178498089032,30
"b3.t30.p12.w716",0.0442259715239293,-0.0156978331183037,30
"b3.t30.p12.w717",1.05069149325697,0.836506124320468,30
"b3.t30.p13.w721",0.50511486164547,0.389975314229344,30
"b3.t30.p13.w725",0.788742292673334,0.7006733166685,30
"b3.t30.p13.w727",0.568621740684831,0.496974350239977,30
"b3.t30.p13.w728",-0.104788641740816,-0.199482045676499,30
"b3.t30.p13.w730",-0.16705269824304,-0.185729971887896,30
"b3.t30.p13.w731",-0.0974770960386556,-0.0455430624900207,30
"b3.t30.p13.w732",-0.0306963720744509,0.00689342580821015,30
"b3.t30.p13.w733",-0.0451182073317904,-0.152784391125459,30
"b3.t30.p13.w734",0.0949388793810042,0.0992009449264957,30
"b3.t30.p13.w736",0.419251371427034,0.324318992732367,30
"b3.t30.p13.w740",0.456958505300283,0.35026811935187,30
"b3.t30.p13.w741",-0.175943548790774,-0.054837741068542,30
"b3.t30.p13.w742",-0.0859626546938096,-0.196599032557394,30
"b3.t30.p13.w743",0.039255768160849,0.0595816623099952,30
"b3.t30.p13.w744",1.22990315752705,0.973321937625418,30
"b3.t30.p13.w745",1.65966684694542,1.29777422995396,30
"b3.t30.p13.w747",0.423594286844024,0.366451688637333,30
"b3.t30.p13.w748",0.211688361935915,0.189654258903935,30
"b3.t30.p13.w749",1.70803594684416,1.35154199709375,30
"b3.t30.p13.w752",0.0213254296695783,-0.0357861858960385,30
"b3.t30.p13.w753",-0.0843171559586641,-0.146040198949235,30
"b3.t30.p13.w754",-0.199421272111282,-0.09919269270177,30
"b3.t30.p13.w755",0.397074611717131,0.317772134749752,30
"b3.t30.p13.w757",0.346069427016377,0.274797243357727,30
"b3.t30.p13.w759",-0.0398482200835849,0.0737476863906244,30
"b3.t30.p13.w760",0.141645808676852,0.0911860607858015,30
"b3.t30.p13.w763",0.383831003427468,0.290243562963144,30
"b3.t30.p13.w765",1.54258177308765,1.29305047365119,30
"b3.t30.p13.w767",0.201336506586398,0.181211170296909,30
"b3.t30.p13.w768",1.50712689751374,1.26667520139156,30
"b3.t30.p13.w769",0.584233064940911,0.437738437803883,30
"b3.t30.p13.w773",-0.121641119640981,-0.0504407338493712,30
"b3.t30.p13.w777",1.64520313116896,1.29314464462863,30
"b3.t30.p13.w780",0.202887092278979,0.168751136388926,30
"b3.t30.p14.w782",0.693573460092141,0.507854197245432,30
"b3.t30.p14.w783",0.00923937209322947,0.0404633444214646,30
"b3.t30.p14.w784",0.23539193723533,0.160998842670318,30
"b3.t30.p14.w786",2.21287916144995,1.74686612748504,30
"b3.t30.p14.w788",1.61333840801014,1.28108721397289,30
"b3.t30.p14.w795",-0.206907094177883,-0.0737990123242217,30
"b3.t30.p14.w797",0.108423652194536,0.118401546280896,30
"b3.t30.p14.w799",-0.0763125132544526,-0.0217970950112999,30
"b3.t30.p14.w802",-0.0486722161346711,0.00118000288781431,30
"b3.t30.p14.w805",0.662438931965836,0.566526754654394,30
"b3.t30.p14.w808",0.763909667629496,0.573980397856504,30
"b3.t30.p14.w810",-0.269576089587031,-0.133225893641316,30
"b3.t30.p14.w811",-0.048685027186456,-0.117523707534859,30
"b3.t30.p14.w812",-0.0966298802637809,-0.204696985237766,30
"b3.t30.p14.w816",0.368441376356806,0.274229734214146,30
"b3.t30.p14.w817",0.116211124098979,0.0941396907664225,30
"b3.t30.p14.w824",-0.0400381476219406,-0.0506922114980309,30
"b3.t30.p14.w825",-0.054515941599356,-0.10341806297827,30
"b3.t30.p14.w828",0.0407192446988013,0.0136233612341789,30
"b3.t30.p14.w830",0.367250674982418,0.279365632114976,30
"b3.t30.p14.w833",0.0971958425867627,0.0687560013608928,30
"b3.t30.p14.w834",1.62220207946331,1.30727983166917,30
"b3.t30.p14.w835",0.842136827919533,0.656519321604329,30
"b3.t30.p14.w836",0.204374057616116,0.135574580971898,30
"b3.t30.p14.w838",0.393556590875393,0.314620400372139,30
"b3.t30.p15.w842",-0.0557282578038102,0.0666439798618706,30
"b3.t30.p15.w843",0.594629443369924,0.429236750632634,30
"b3.t30.p15.w844",1.58232676752726,1.26228641206815,30
"b3.t30.p15.w845",0.717627649533659,0.564321169453938,30
"b3.t30.p15.w846",-0.042534545095146,-0.131819383513663,30
"b3.t30.p15.w847",1.14556171469824,0.958998477127344,30
"b3.t30.p15.w850",1.68847397242623,1.32665478745303,30
"b3.t30.p15.w852",-4.14857906491259e-06,0.0104799593240469,30
"b3.t30.p15.w853",0.156489269149261,0.134819466460643,30
"b3.t30.p15.w854",1.23589834968336,1.02017328885311,30
"b3.t30.p15.w855",-0.146792876779173,-0.0604517238280033,30
"b3.t30.p15.w856",0.0556984333412408,0.0803930588756629,30
"b3.t30.p15.w859",1.79974799812977,1.42507704956709,30
"b3.t30.p15.w862",0.269814203615604,0.217577491676397,30
"b3.t30.p15.w863",-0.086242893977257,-0.147929865545599,30
"b3.t30.p15.w864",0.058696463886455,0.0764247025606975,30
"b3.t30.p15.w865",-0.110552549997338,-0.199969197302908,30
"b3.t30.p15.w869",0.594663486364654,0.441116419911928,30
"b3.t30.p15.w870",-0.103971722584205,-0.1685669017902,30
"b3.t30.p15.w876",0.561346248216731,0.454846124398463,30
"b3.t30.p15.w877",0.445685438639441,0.336630779290888,30
"b3.t30.p15.w882",0.202245253700914,0.173700705125508,30
"b3.t30.p15.w886",-0.0811154662986224,-0.168971344617875,30
"b3.t30.p15.w889",-0.0106027006470173,-0.0540876504938521,30
"b3.t30.p15.w895",1.70920316070193,1.29226911404475,30
"b3.t30.p15.w896",0.0889787296012999,0.138603483091636,30
"b3.t30.p15.w899",-0.128240619461294,-0.0292318542491488,30
"b3.t30.p16.w901",0.97392896993413,0.747225396373461,30
"b3.t30.p16.w902",2.31973051023815,1.7189081831047,30
"b3.t30.p16.w905",0.090343426569424,0.0732836017294448,30
"b3.t30.p16.w910",-0.0167490157428177,-0.00296931663217958,30
"b3.t30.p16.w911",-0.112691376015778,0.0380629810150737,30
"b3.t30.p16.w915",1.26068448147767,1.07130512055066,30
"b3.t30.p16.w916",-0.105222543244944,-0.198344921371412,30
"b3.t30.p16.w918",1.96017150501532,1.42575648685974,30
"b3.t30.p16.w919",1.27813942089811,0.920161083761644,30
"b3.t30.p16.w920",0.217143999254706,0.167607438540392,30
"b3.t30.p16.w922",0.296681113014553,0.225493000006543,30
"b3.t30.p16.w926",1.92800652684655,1.42346315049723,30
"b3.t30.p16.w928",0.600231496997422,0.406394321140097,30
"b3.t30.p16.w936",-0.096525498658343,-0.183652459424396,30
"b3.t30.p16.w939",-0.0925977425091788,-0.0585261259008469,30
"b3.t30.p16.w942",0.276433536656367,0.217257657694321,30
"b3.t30.p16.w943",0.815808449925034,0.609876692230397,30
"b3.t30.p16.w948",-0.000367188307318534,0.0301470779544285,30
"b3.t30.p16.w949",1.17812272136839,0.897148428740819,30
"b3.t30.p16.w950",0.165311862796076,0.0919127096084603,30
"b3.t30.p16.w953",0.15773156870429,0.0907523330310346,30
"b3.t30.p16.w955",-0.104649402819572,-0.184875807425647,30
"b3.t30.p17.w1000",0.0652966996943808,0.0206290429025797,30
"b3.t30.p17.w1001",1.37218255664084,0.998297982901166,30
"b3.t30.p17.w1002",-0.108303411259132,-0.149082416498687,30
"b3.t30.p17.w1003",-0.0189276845076007,0.0758955614065827,30
"b3.t30.p17.w1006",1.42590068336448,1.07391075298827,30
"b3.t30.p17.w1009",1.58132192423842,1.14085843249853,30
"b3.t30.p17.w1013",-0.102466433109253,-0.0164834952354774,30
"b3.t30.p17.w1014",-0.0135655782178403,-0.0690421578550982,30
"b3.t30.p17.w1015",0.0674872799110636,0.0698191023549869,30
"b3.t30.p17.w1016",1.8404653932747,1.51688086501581,30
"b3.t30.p17.w1017",1.70680850705687,1.40667721635937,30
"b3.t30.p17.w961",-0.101430113437402,-0.121216894790723,30
"b3.t30.p17.w962",-3.89884012345173e-16,0,30
"b3.t30.p17.w963",1.71824039341589,1.45964428837047,30
"b3.t30.p17.w964",-0.104264473485714,-0.13798657367752,30
"b3.t30.p17.w966",0.443570179200678,0.32424638653463,30
"b3.t30.p17.w968",-0.105172914966981,-0.204908482962934,30
"b3.t30.p17.w970",1.56327855131824,1.16770619263483,30
"b3.t30.p17.w972",0.266156613687153,0.220791419079454,30
"b3.t30.p17.w974",-0.368405858057529,-0.143260208763986,30
"b3.t30.p17.w975",1.01161486475141,0.747439082000707,30
"b3.t30.p17.w977",-0.0738310295265854,-0.152702355862983,30
"b3.t30.p17.w979",0.989463632924306,0.795488906678963,30
"b3.t30.p17.w983",-0.0507715517489535,0.0258501040397635,30
"b3.t30.p17.w985",2.56068546712337,1.90933407178408,30
"b3.t30.p17.w986",1.40208269084052,1.08457079516511,30
"b3.t30.p17.w987",1.41691039780089,1.06660403366596,30
"b3.t30.p17.w988",2.20487967748471,1.62691248530245,30
"b3.t30.p17.w992",1.69220692798193,1.41796605061819,30
"b3.t30.p17.w993",1.26956323420137,1.0502302055953,30
"b3.t30.p17.w994",-0.106721899808702,-0.190578445915011,30
"b3.t30.p17.w995",0.0296025153917402,0.0415267426053814,30
"b3.t30.p17.w996",-0.260094110817486,-0.0953050302133564,30
"b3.t30.p17.w997",0.672709864552958,0.490426105100916,30
"b3.t30.p17.w998",1.33806107597605,1.0115585881521,30
"b3.t30.p18.w1022",-0.368203289201292,-0.171208228008369,30
"b3.t30.p18.w1027",-0.0733326422281847,-0.185611605450826,30
"b3.t30.p18.w1028",-0.0906833068029921,-0.167422272141699,30
"b3.t30.p18.w1029",0.379389332519655,0.27056002513071,30
"b3.t30.p18.w1030",0.383227845165094,0.249612559755301,30
"b3.t30.p18.w1031",2.16844023008312,1.57771567734487,30
"b3.t30.p18.w1034",-0.220264212343262,-0.0488334640328452,30
"b3.t30.p18.w1035",0.485711049700117,0.361281403250041,30
"b3.t30.p18.w1036",-0.211650579034605,-0.075771450445837,30
"b3.t30.p18.w1037",-0.0640370780270886,-0.158546441712901,30
"b3.t30.p18.w1041",0.779144900659132,0.596168628667052,30
"b3.t30.p18.w1042",-0.105622337775408,-0.0544955112185495,30
"b3.t30.p18.w1043",-0.115652754689212,-0.192731013817805,30
"b3.t30.p18.w1044",-0.105497169302003,-0.248796130017567,30
"b3.t30.p18.w1050",0.621241551694819,0.452803185028645,30
"b3.t30.p18.w1054",2.0298159614066,1.47385825404881,30
"b3.t30.p18.w1055",-0.230169401202458,-0.10294457468071,30
"b3.t30.p18.w1056",-0.0826616435218461,-0.144985254724075,30
"b3.t30.p18.w1058",0.467441625631694,0.383566550050182,30
"b3.t30.p18.w1059",0.276815019017521,0.242357440827344,30
"b3.t30.p18.w1060",-0.0589652753481754,-0.120804040952178,30
"b3.t30.p18.w1062",0.382794465300268,0.31481790271227,30
"b3.t30.p18.w1065",-0.243751594251829,-0.0573970798848353,30
"b3.t30.p18.w1067",0.626293601757895,0.423773876512842,30
"b3.t30.p18.w1068",1.74875308442698,1.30428605090577,30
"b3.t30.p18.w1069",1.45778960931391,1.12055603625769,30
"b3.t30.p18.w1071",2.06578575240571,1.51186334671142,30
"b3.t30.p18.w1073",-0.0201916336809765,-0.0601127420771309,30
"b3.t30.p18.w1074",-0.118057219032372,-0.203011952442899,30
"b3.t30.p18.w1075",-0.342604681166952,-0.126535406920021,30
"b3.t30.p18.w1076",-0.0101898529847024,-0.0533911950922117,30
"b3.t30.p18.w1077",1.57466566491883,1.159508391444,30
"b3.t30.p18.w1078",-0.000354783241601486,0.0290012934885147,30
"b3.t30.p18.w1079",1.51427235074981,1.09551550262757,30
"b3.t30.p19.w1082",1.93897850199469,1.37346260291388,30
"b3.t30.p19.w1083",-0.0849324695566233,-0.255517760225926,30
"b3.t30.p19.w1084",-0.0145636685524016,0.0104079749977038,30
"b3.t30.p19.w1085",0.742191837979106,0.494472214481178,30
"b3.t30.p19.w1087",-0.124954735797922,-0.201305448001551,30
"b3.t30.p19.w1091",-0.00741309548273558,-0.0845855271261939,30
"b3.t30.p19.w1095",1.91605752659748,1.37188980485071,30
"b3.t30.p19.w1098",0.165642861030495,0.114745169523544,30
"b3.t30.p19.w1099",1.62865540702189,1.13219417814695,30
"b3.t30.p19.w1100",-0.0377492538797348,-0.144239828660346,30
"b3.t30.p19.w1101",2.05533866735332,1.45680687254331,30
"b3.t30.p19.w1102",0.0118119815340534,-0.045257164273799,30
"b3.t30.p19.w1103",0.640001337833951,0.472444452238494,30
"b3.t30.p19.w1105",2.14419695845886,1.55827433995698,30
"b3.t30.p19.w1106",1.60929346846087,1.16409801102431,30
"b3.t30.p19.w1107",0.896061023296258,0.641505461838387,30
"b3.t30.p19.w1109",0.303006734696624,0.235231767837351,30
"b3.t30.p19.w1112",2.20806844303098,1.60482766110447,30
"b3.t30.p19.w1113",-0.00151502207512755,-0.0598153639323984,30
"b3.t30.p19.w1114",-0.260493948307464,-0.0501756255874943,30
"b3.t30.p19.w1117",1.96123467448507,1.42823249424622,30
"b3.t30.p19.w1119",1.65097989261711,1.16942997007222,30
"b3.t30.p19.w1120",0.332611878853692,0.208944319781315,30
"b3.t30.p19.w1123",0.521281570042692,0.330737639155406,30
"b3.t30.p19.w1124",-0.0609820571775296,-0.12981016379609,30
"b3.t30.p19.w1126",-0.0622761655470433,-0.157572204347665,30
"b3.t30.p19.w1128",-0.0679256050633574,-0.142716835850691,30
"b3.t30.p19.w1129",0.256666696038842,0.203550841135969,30
"b3.t30.p19.w1132",2.14570930609791,1.54515403687519,30
"b3.t30.p19.w1133",2.06789618899496,1.50470731829679,30
"b3.t30.p19.w1134",-0.047335057959109,-0.0893163733992111,30
"b3.t30.p19.w1135",1.59393679816616,1.15297591706628,30
"b3.t30.p19.w1136",-0.022941786804096,-0.0693210574080182,30
"b3.t30.p19.w1137",-0.0480513700674154,0.0659600379620249,30
"b3.t30.p19.w1138",2.04134619169538,1.48634310492984,30
"b3.t30.p19.w1139",-0.0124100733696989,-0.0621513707979706,30
"b3.t30.p2.w100",0.580507949601946,0.586594139934428,30
"b3.t30.p2.w101",1.11290543261382,1.10226829369547,30
"b3.t30.p2.w103",2.12377840983235,2.10876359973428,30
"b3.t30.p2.w105",-0.102353249580804,-0.154779554018863,30
"b3.t30.p2.w106",0.0197378115027712,0.0808990850587334,30
"b3.t30.p2.w108",0.0956417447165086,0.0885765076172087,30
"b3.t30.p2.w110",0.786142660312129,0.831041796214494,30
"b3.t30.p2.w113",0.40239845472908,0.371893646320184,30
"b3.t30.p2.w115",-0.0222451274038262,-0.0400009754744599,30
"b3.t30.p2.w116",0.266964549639412,0.258854970535361,30
"b3.t30.p2.w118",0.751246216565635,0.787180224019596,30
"b3.t30.p2.w62",1.34937707865456,1.30818757673711,30
"b3.t30.p2.w64",-0.267309205563002,-0.145657820916049,30
"b3.t30.p2.w68",-0.012219705125457,-0.104777066458898,30
"b3.t30.p2.w70",-0.0110660237405303,0.0395967737617743,30
"b3.t30.p2.w71",-0.110112844349071,-0.136411098502555,30
"b3.t30.p2.w73",-0.0842186671107077,-0.00721692078859297,30
"b3.t30.p2.w74",1.24971895126628,1.23084109593438,30
"b3.t30.p2.w76",1.5555862954678,1.53409541591052,30
"b3.t30.p2.w79",-0.0273622757899374,-0.0765033982913663,30
"b3.t30.p2.w80",0.109793105381325,0.0644198852662235,30
"b3.t30.p2.w84",0.477985056558867,0.437136360572564,30
"b3.t30.p2.w85",-0.272420536299315,-0.201681833528307,30
"b3.t30.p2.w89",-0.123341035583978,-0.176164823283356,30
"b3.t30.p2.w92",-0.0733735803873206,-0.171155645975639,30
"b3.t30.p2.w94",-0.0180351073651741,0.0026728506098304,30
"b3.t30.p2.w99",0.20456593871018,0.407497810965293,30
"b3.t30.p20.w1142",0.672311494173217,0.505677311990926,30
"b3.t30.p20.w1145",-0.11742784920924,-0.171239278887101,30
"b3.t30.p20.w1146",-0.047538216844358,-0.207748083137701,30
"b3.t30.p20.w1148",1.77150984676023,1.27935372004413,30
"b3.t30.p20.w1150",-0.223197226122803,-0.0825910968265021,30
"b3.t30.p20.w1151",0.350970430330464,0.297465255439845,30
"b3.t30.p20.w1154",2.22805356894537,1.55692547499439,30
"b3.t30.p20.w1155",0.0873817665102981,0.100335393367541,30
"b3.t30.p20.w1159",-0.0864580737866793,-0.139195107358425,30
"b3.t30.p20.w1163",-0.118642352052264,-0.206437034509609,30
"b3.t30.p20.w1164",-0.0903373611927429,-0.180916460826107,30
"b3.t30.p20.w1168",0.937311416435146,0.666756053873165,30
"b3.t30.p20.w1169",-0.11524251541639,-0.159062068089198,30
"b3.t30.p20.w1178",2.37635680854096,1.72631920046992,30
"b3.t30.p20.w1179",0.0230299514780586,0.0588062707298394,30
"b3.t30.p20.w1180",2.3238163928763,1.68711489978642,30
"b3.t30.p20.w1181",1.87329471857996,1.3149138771759,30
"b3.t30.p20.w1182",0.117618252713171,0.0843248800577726,30
"b3.t30.p20.w1185",0.66306618229387,0.492964242855266,30
"b3.t30.p20.w1186",-0.233995251714105,-0.0886974571046695,30
"b3.t30.p20.w1187",2.39174654853753,1.73651806865555,30
"b3.t30.p20.w1190",-0.118806649316684,-0.157367091386652,30
"b3.t30.p20.w1193",-0.110924910756673,-0.176857586112007,30
"b3.t30.p20.w1195",0.920569744362175,0.701128008301245,30
"b3.t30.p20.w1197",-0.0761970688405988,-0.155417715775329,30
"b3.t30.p20.w1199",0.812949942975508,0.587231627930135,30
"b3.t30.p20.w1200",0.236532005137977,0.208757480298909,30
"b3.t30.p21.w1201",0.319199138042292,0.261883206325844,30
"b3.t30.p21.w1202",-0.0983491682022136,-0.148555972442157,30
"b3.t30.p21.w1203",0.361094845459031,0.292949762977087,30
"b3.t30.p21.w1204",-0.104299119009243,-0.169954485661812,30
"b3.t30.p21.w1205",-0.0394884397204143,0.00484248864563286,30
"b3.t30.p21.w1208",0.818159966457006,0.712270867685544,30
"b3.t30.p21.w1209",0.680501435170612,0.491190792867841,30
"b3.t30.p21.w1210",-0.220291738541162,-0.103507762734896,30
"b3.t30.p21.w1211",1.474687089598,1.03139940523375,30
"b3.t30.p21.w1212",2.0654670075378,1.50308854942647,30
"b3.t30.p21.w1213",-0.0760810125946887,-0.183056185791388,30
"b3.t30.p21.w1214",1.54147902806947,1.11215138916114,30
"b3.t30.p21.w1215",-0.0545255165490018,-0.120416296033514,30
"b3.t30.p21.w1217",-0.133844505259398,-0.173744284619123,30
"b3.t30.p21.w1218",2.11381474952791,1.52883511348633,30
"b3.t30.p21.w1220",-0.197233522109108,-0.0998725026786885,30
"b3.t30.p21.w1221",-0.106105375096577,-0.206893891397078,30
"b3.t30.p21.w1223",1.62129880702443,1.1671274596935,30
"b3.t30.p21.w1224",-0.14668808664884,-0.0455935074492853,30
"b3.t30.p21.w1225",-0.0836735741358583,-0.17855363023075,30
"b3.t30.p21.w1227",-0.124855463768113,-0.232601787848576,30
"b3.t30.p21.w1230",0.0323134862254062,-0.0633891945365274,30
"b3.t30.p21.w1232",0.580465291209006,0.475940853506794,30
"b3.t30.p21.w1237",2.08982166821954,1.51541726531464,30
"b3.t30.p21.w1240",1.84226587642616,1.34484936828853,30
"b3.t30.p21.w1241",1.43289831409297,1.03352564672914,30
"b3.t30.p21.w1244",0.059405005769115,0.0687455041644025,30
"b3.t30.p21.w1246",-0.0674839934426067,-0.137569017743614,30
"b3.t30.p21.w1250",2.31281656605739,1.67813247442718,30
"b3.t30.p21.w1251",1.37552839548613,1.01102617315347,30
"b3.t30.p21.w1252",-0.0487709566104159,-0.146698951474598,30
"b3.t30.p21.w1253",-0.102264935347194,-0.125912183631826,30
"b3.t30.p21.w1259",-0.108539792462918,-0.160511990770105,30
"b3.t30.p21.w1260",-0.0824671061883932,-0.13603691063398,30
"b3.t30.p22.w1261",-0.118658803805672,-0.162987648320951,30
"b3.t30.p22.w1262",0.27920713223816,0.227319243310356,30
"b3.t30.p22.w1264",1.62059502847445,1.07921906401434,30
"b3.t30.p22.w1265",0.285235271380764,0.234044433138716,30
"b3.t30.p22.w1267",0.273096091451265,0.165411211753763,30
"b3.t30.p22.w1272",2.07929539387234,1.36557789363059,30
"b3.t30.p22.w1273",0.591361787174695,0.388189670019006,30
"b3.t30.p22.w1275",0.410656490916135,0.355088964660002,30
"b3.t30.p22.w1276",-0.164125409665961,-0.0929648470148491,30
"b3.t30.p22.w1277",1.64454531641185,1.18599032278747,30
"b3.t30.p22.w1279",2.17245432103361,1.57556873032132,30
"b3.t30.p22.w1280",-0.0317248756977055,-0.114671069232895,30
"b3.t30.p22.w1281",1.46028180350243,1.05004203209755,30
"b3.t30.p22.w1285",-0.10650141552928,-0.226106079441436,30
"b3.t30.p22.w1287",0.238995850780454,0.151182256898445,30
"b3.t30.p22.w1288",1.9153586169463,1.39057830483135,30
"b3.t30.p22.w1289",0.313025579792114,0.186504354836201,30
"b3.t30.p22.w1290",0.103840476356764,0.00716250334348119,30
"b3.t30.p22.w1291",0.377563594257731,0.293609522093415,30
"b3.t30.p22.w1293",-0.0889010122709766,-0.221088340285495,30
"b3.t30.p22.w1294",1.94198591887411,1.41013883367593,30
"b3.t30.p22.w1296",-0.0755990616222685,-0.140469056027573,30
"b3.t30.p22.w1301",0.877742891550773,0.64587731918502,30
"b3.t30.p22.w1302",1.65561681024473,1.08724238469823,30
"b3.t30.p22.w1305",1.68563291424302,1.21575492904635,30
"b3.t30.p22.w1306",-0.127432890814701,0.0193705442136873,30
"b3.t30.p22.w1307",2.06020626993674,1.4936489673417,30
"b3.t30.p22.w1308",-0.105656318010856,-0.17900858175191,30
"b3.t30.p22.w1313",-0.0768075455795956,-0.237103278118097,30
"b3.t30.p22.w1316",-0.076449869469635,-0.13255931756237,30
"b3.t30.p22.w1317",0.12016629167009,0.0761184192254385,30
"b3.t30.p22.w1318",-0.0444948951074034,-0.00753670229939688,30
"b3.t30.p22.w1319",0.554315774742734,0.413766507995573,30
"b3.t30.p22.w1320",0.125320613211969,0.0544713002367616,30
"b3.t30.p23.w1321",-0.0757483014086408,0.00879622063813335,30
"b3.t30.p23.w1323",-0.181723285291831,-0.0729693667884766,30
"b3.t30.p23.w1326",-0.0872895940272943,-0.18227913339765,30
"b3.t30.p23.w1328",0.481407851040182,0.370526154823568,30
"b3.t30.p23.w1329",0.411655946520303,0.27837571569921,30
"b3.t30.p23.w1330",0.645839224352291,0.474217789551201,30
"b3.t30.p23.w1332",0.0993444051472801,0.0730569647404935,30
"b3.t30.p23.w1337",-0.100155109736169,-0.153968688856176,30
"b3.t30.p23.w1342",-0.111166556073661,-0.0281290619738343,30
"b3.t30.p23.w1343",2.42032226547709,1.61343548103953,30
"b3.t30.p23.w1344",1.37858180019993,0.879784729226237,30
"b3.t30.p23.w1345",-0.106379843429709,-0.144807700917249,30
"b3.t30.p23.w1348",-0.0762968396870449,-0.112779043214602,30
"b3.t30.p23.w1350",0.501330497113544,0.380789016266908,30
"b3.t30.p23.w1351",1.44487758014489,1.04130304119952,30
"b3.t30.p23.w1354",-0.12483505447991,-0.0565426191405233,30
"b3.t30.p23.w1355",0.345971853976474,0.278103420727799,30
"b3.t30.p23.w1357",2.04842688569264,1.34215673708421,30
"b3.t30.p23.w1358",1.50182658377825,1.08088667550265,30
"b3.t30.p23.w1359",-0.237350501627742,-0.0685950577663458,30
"b3.t30.p23.w1361",2.50454679955492,1.81139048310771,30
"b3.t30.p23.w1362",0.325172855469179,0.235626223870376,30
"b3.t30.p23.w1363",-0.0969781403372003,-0.0689162241460523,30
"b3.t30.p23.w1365",1.8400871861047,1.33305509264636,30
"b3.t30.p23.w1369",-0.118907771003153,-0.20266242736657,30
"b3.t30.p23.w1370",0.256284252014959,0.177863778948775,30
"b3.t30.p23.w1371",0.422836522907697,0.359573453854448,30
"b3.t30.p23.w1372",0.0362282651461251,0.0291297607706355,30
"b3.t30.p23.w1374",2.20794963681276,1.59843387589463,30
"b3.t30.p23.w1377",-0.0627085974713552,-0.122258384494921,30
"b3.t30.p23.w1378",-0.072276714089884,-0.116050096025214,30
"b3.t30.p23.w1379",-0.0556882853704071,-0.11640411749283,30
"b3.t30.p23.w1380",1.39475205905011,1.00156053259684,30
"b3.t30.p24.w1381",-0.302713549664564,-0.136752770862814,30
"b3.t30.p24.w1382",-0.0307115857587064,-0.110795830021654,30
"b3.t30.p24.w1383",1.87805858223171,1.36346963359956,30
"b3.t30.p24.w1384",0.697578993187596,0.510880588711462,30
"b3.t30.p24.w1386",-0.105261072549917,-0.205907317967762,30
"b3.t30.p24.w1387",0.642643457136095,0.477463006759985,30
"b3.t30.p24.w1388",-0.0750442988491221,-0.197646120294966,30
"b3.t30.p24.w1389",-0.11339275959653,-0.102148368037247,30
"b3.t30.p24.w1391",9.45532512473444e-05,-0.0553855527864692,30
"b3.t30.p24.w1393",-0.352926342825645,-0.145739663882976,30
"b3.t30.p24.w1394",1.48120397137069,0.961941774092106,30
"b3.t30.p24.w1396",1.72287598133277,1.15219759833362,30
"b3.t30.p24.w1397",-0.000213467455775015,0.0153744743211005,30
"b3.t30.p24.w1398",-0.13171105573538,-0.276663041516869,30
"b3.t30.p24.w1403",-0.121885539694147,-0.2210930852339,30
"b3.t30.p24.w1404",-0.0875232857187715,-0.139932879711529,30
"b3.t30.p24.w1407",0.016419170089614,0.0281317636601904,30
"b3.t30.p24.w1408",0.758752457499726,0.560370002435561,30
"b3.t30.p24.w1412",2.70574993757469,1.77153475517525,30
"b3.t30.p24.w1414",2.02870683740242,1.34187920237693,30
"b3.t30.p24.w1415",0.505084476876909,0.436584033914689,30
"b3.t30.p24.w1416",1.75911984952879,1.28060378901391,30
"b3.t30.p24.w1417",0.101319031761836,0.111949958823582,30
"b3.t30.p24.w1419",-0.111989587370406,-0.165629869265582,30
"b3.t30.p24.w1420",0.3752395223585,0.288893895718567,30
"b3.t30.p24.w1424",0.339030248690711,0.265923736497206,30
"b3.t30.p24.w1426",1.68919550332052,1.23068961191741,30
"b3.t30.p24.w1428",-0.000603247646443659,0.0450140436594545,30
"b3.t30.p24.w1431",0.601547826371429,0.355503702034168,30
"b3.t30.p24.w1432",-0.140767831133292,-0.0566853045286965,30
"b3.t30.p24.w1433",1.48202864610745,1.06797997699553,30
"b3.t30.p24.w1434",1.88086857501028,1.37561345285611,30
"b3.t30.p24.w1436",1.69701208470959,1.10037325468255,30
"b3.t30.p24.w1437",0.740811894594459,0.542134669449058,30
"b3.t30.p24.w1439",0.826875776652777,0.606528433430766,30
"b3.t30.p25.w1441",1.83613488843258,1.32674212508386,30
"b3.t30.p25.w1443",2.22889737336998,1.61241528604696,30
"b3.t30.p25.w1444",0.918835544669787,0.745447319191236,30
"b3.t30.p25.w1446",0.788942557449347,0.572663508614176,30
"b3.t30.p25.w1450",1.6950541986984,1.24404328701117,30
"b3.t30.p25.w1453",-0.0810386388168685,-0.235419530892684,30
"b3.t30.p25.w1455",0.0616148516543863,0.0449625288425527,30
"b3.t30.p25.w1456",0.833963146087234,0.597974741972726,30
"b3.t30.p25.w1459",0.416277661041518,0.336140158540406,30
"b3.t30.p25.w1462",-0.102699960810176,-0.131893230815247,30
"b3.t30.p25.w1467",-0.135993133879762,-0.19371875316129,30
"b3.t30.p25.w1468",-0.100717551302785,-0.169484165507967,30
"b3.t30.p25.w1469",1.48179851163687,1.06373637455232,30
"b3.t30.p25.w1470",0.391348663273932,0.304701917976232,30
"b3.t30.p25.w1471",0.824316697250605,0.640780102210098,30
"b3.t30.p25.w1472",0.826303495194493,0.600142646950746,30
"b3.t30.p25.w1473",-0.119544331756014,-0.186007779157081,30
"b3.t30.p25.w1474",-0.0378551392963914,-0.111926174286376,30
"b3.t30.p25.w1478",-0.118876233692961,-0.26534626026765,30
"b3.t30.p25.w1480",0.337489493844597,0.28589055857858,30
"b3.t30.p25.w1482",0.515876964739613,0.39225496667129,30
"b3.t30.p25.w1484",-0.135529835019437,-0.262859129175342,30
"b3.t30.p25.w1486",-0.0150136986316897,-0.0576569889193001,30
"b3.t30.p25.w1488",-0.14069871929352,-0.0303758109772535,30
"b3.t30.p25.w1489",-0.0832428633357059,-0.0723388180335248,30
"b3.t30.p25.w1492",-0.089116132030537,-0.165155635549456,30
"b3.t30.p25.w1497",-0.105107568714031,-0.243533600836261,30
"b3.t30.p25.w1498",-0.0824699416884588,-0.145463828143859,30
"b3.t30.p26.w1501",-0.186114620480058,-0.0598716885554014,30
"b3.t30.p26.w1502",0.0186574503831086,0.0763405363840315,30
"b3.t30.p26.w1503",-0.0145521451226728,-0.0873461819939994,30
"b3.t30.p26.w1504",2.07004437112305,1.3093432587055,30
"b3.t30.p26.w1505",0.343994267475621,0.256828177098726,30
"b3.t30.p26.w1506",-0.13080844299802,-0.0305017171806561,30
"b3.t30.p26.w1507",2.01327339158984,1.45376323599273,30
"b3.t30.p26.w1508",0.887583432533197,0.704408704064382,30
"b3.t30.p26.w1510",-0.130107016675352,-0.199073019958569,30
"b3.t30.p26.w1511",0.0132915362564422,0.0268710092880699,30
"b3.t30.p26.w1514",1.5873417371183,1.13961877186315,30
"b3.t30.p26.w1516",-0.269342038376369,-0.100006559541838,30
"b3.t30.p26.w1517",-0.0969902161023129,-0.244654323030685,30
"b3.t30.p26.w1518",-0.097725096727417,-0.168921673535066,30
"b3.t30.p26.w1519",-0.071237721078313,-0.0332059221208974,30
"b3.t30.p26.w1523",2.13004338180368,1.54133138886685,30
"b3.t30.p26.w1526",0.0778881598032184,0.0835887963696489,30
"b3.t30.p26.w1527",-0.0233455820725276,-0.112558359224514,30
"b3.t30.p26.w1530",-0.108352327126095,-0.0861271517277907,30
"b3.t30.p26.w1535",0.722939940732781,0.420925931931726,30
"b3.t30.p26.w1536",1.74066732487388,1.24918315280859,30
"b3.t30.p26.w1538",1.87259132540016,1.35463406203076,30
"b3.t30.p26.w1539",0.285834330076735,0.23043173309791,30
"b3.t30.p26.w1540",0.031718756106875,0.0253986788480525,30
"b3.t30.p26.w1542",2.02169773446861,1.45843507933415,30
"b3.t30.p26.w1544",-0.0779145394568162,-0.145222162161334,30
"b3.t30.p26.w1545",0.218760608024338,0.162924160611917,30
"b3.t30.p26.w1546",1.86013545178669,1.34124348997432,30
"b3.t30.p26.w1547",2.01883211786818,1.45875369992366,30
"b3.t30.p26.w1548",-0.0553595262155099,-0.140879242269777,30
"b3.t30.p26.w1549",0.975766045933741,0.598122527280249,30
"b3.t30.p26.w1552",-0.0810776786950121,-0.0375618775388537,30
"b3.t30.p26.w1555",1.75604059520412,1.29323918535479,30
"b3.t30.p26.w1557",-0.0536426743442475,-0.131750520138322,30
"b3.t30.p26.w1558",0.69168893142382,0.495411127573481,30
"b3.t30.p26.w1560",2.10341519790242,1.51834915229167,30
"b3.t30.p27.w1561",-0.065666273175138,-0.197129173470131,30
"b3.t30.p27.w1562",0.16267335408295,0.0607033495340691,30
"b3.t30.p27.w1563",1.25934530413025,0.89909538890309,30
"b3.t30.p27.w1564",0.0726223162039472,-0.0109712080404996,30
"b3.t30.p27.w1567",-0.108752111295424,-0.189391009899667,30
"b3.t30.p27.w1568",-0.328128660477646,-0.121867445577786,30
"b3.t30.p27.w1571",0.776260285518623,0.452575731859481,30
"b3.t30.p27.w1572",0.326188194692039,0.28917567182884,30
"b3.t30.p27.w1573",0.988782285996364,0.595199613990004,30
"b3.t30.p27.w1577",-0.207176428082487,-0.0463849260519211,30
"b3.t30.p27.w1580",0.857216671571023,0.603302183755015,30
"b3.t30.p27.w1582",0.438803460783284,0.320912768183654,30
"b3.t30.p27.w1584",0.259391490386753,0.194964881190929,30
"b3.t30.p27.w1585",0.131221502071736,0.18936196430156,30
"b3.t30.p27.w1586",0.630787884518294,0.51315932126735,30
"b3.t30.p27.w1590",-0.0869916944320671,-0.124782185892951,30
"b3.t30.p27.w1593",1.67525532446112,1.20068721691674,30
"b3.t30.p27.w1596",-0.0281225789448219,-0.123994605283816,30
"b3.t30.p27.w1597",0.145049594893717,0.177745901902226,30
"b3.t30.p27.w1598",0.20466910970153,0.23334803846135,30
"b3.t30.p27.w1599",-0.110009530985414,-0.02234089703546,30
"b3.t30.p27.w1600",-0.0292807622816588,-0.134251311133632,30
"b3.t30.p27.w1602",0.763566060644176,0.577620705000119,30
"b3.t30.p27.w1606",-0.326618874589305,-0.0952736445887362,30
"b3.t30.p27.w1607",-0.105241337404273,-0.105562424001835,30
"b3.t30.p27.w1608",-0.0506395578709653,-0.137525929833655,30
"b3.t30.p27.w1610",-0.131616029403617,-0.209575293720232,30
"b3.t30.p27.w1611",1.67995782506848,1.20513230093478,30
"b3.t30.p27.w1612",-0.0446676604210225,-0.142288947532593,30
"b3.t30.p27.w1613",-0.0503673568308625,-0.099329757197699,30
"b3.t30.p27.w1614",0.253351137196332,0.160827863231955,30
"b3.t30.p27.w1620",-0.0875760007469256,-0.176953842624663,30
"b3.t30.p28.w1621",1.98349463432672,1.42840046146471,30
"b3.t30.p28.w1622",1.82279467909334,1.3177752165421,30
"b3.t30.p28.w1624",2.25964709898492,1.62680078124291,30
"b3.t30.p28.w1625",-0.0981568410024135,-0.18225233205776,30
"b3.t30.p28.w1628",1.97206636611696,1.41933479538948,30
"b3.t30.p28.w1629",-0.0152753473078734,0.0273590876537671,30
"b3.t30.p28.w1631",1.63140112951125,1.17579273359759,30
"b3.t30.p28.w1633",-0.0555027284907307,-0.0379847274205131,30
"b3.t30.p28.w1634",-0.144034283717432,-0.223856885952565,30
"b3.t30.p28.w1635",-0.150135433561611,-0.233315604548147,30
"b3.t30.p28.w1636",1.01671246586293,0.733786299978286,30
"b3.t30.p28.w1637",0.428617905390391,0.327704913906949,30
"b3.t30.p28.w1639",0.814193276614382,0.629926469886351,30
"b3.t30.p28.w1640",0.123689662686187,0.094818885213706,30
"b3.t30.p28.w1643",1.60764173417138,1.15910650090648,30
"b3.t30.p28.w1646",1.94327794381912,1.3958750750431,30
"b3.t30.p28.w1648",1.88930682703521,1.36049455239793,30
"b3.t30.p28.w1649",-0.0835574087684318,-0.158067958749862,30
"b3.t30.p28.w1650",-0.0612292620729039,-0.153134714612476,30
"b3.t30.p28.w1652",0.130717775576845,0.199339099107064,30
"b3.t30.p28.w1655",0.558263768335197,0.405659132290462,30
"b3.t30.p28.w1656",0.369930203780581,0.254478609228441,30
"b3.t30.p28.w1657",-0.0762708122197512,-0.152036273813036,30
"b3.t30.p28.w1658",0.620336803308568,0.459790579184429,30
"b3.t30.p28.w1659",1.43230649767973,1.02743170120248,30
"b3.t30.p28.w1661",2.1404314992668,1.53893876730855,30
"b3.t30.p28.w1664",-0.0655285417321732,-0.237801376717293,30
"b3.t30.p28.w1667",1.461630133561,1.05058764249456,30
"b3.t30.p28.w1668",1.3811307887103,0.987994065942189,30
"b3.t30.p28.w1670",-0.0148523548790967,0.071203126722622,30
"b3.t30.p28.w1671",-0.0900961402911064,0.0180056673590102,30
"b3.t30.p28.w1674",-0.0365148452142014,-0.0116759832433423,30
"b3.t30.p28.w1675",1.32404190199946,0.946078059926343,30
"b3.t30.p28.w1676",1.64954802254128,1.18849367610211,30
"b3.t30.p28.w1679",-0.0841715264311634,-0.183090269691634,30
"b3.t30.p28.w1680",-0.121323722218909,-0.0716462034050769,30
"b3.t30.p29.w1683",-0.091809961466308,-0.180090138593203,30
"b3.t30.p29.w1685",-0.196544819292769,-0.0186349114276413,30
"b3.t30.p29.w1686",0.978198012242526,0.707196781715394,30
"b3.t30.p29.w1687",-0.187875365308767,-0.0499263112646897,30
"b3.t30.p29.w1689",-0.102137336120194,-0.137610412312623,30
"b3.t30.p29.w1691",1.83045607276494,1.31942265205399,30
"b3.t30.p29.w1692",-0.0764278353209144,-0.137823882121356,30
"b3.t30.p29.w1693",2.08370622749866,1.49582708307058,30
"b3.t30.p29.w1694",0.197687773738004,0.132101835449756,30
"b3.t30.p29.w1696",-0.0813718345493246,-0.0645695191275069,30
"b3.t30.p29.w1697",1.64370045231638,1.18043797714305,30
"b3.t30.p29.w1699",-0.0941347042382439,0.0508634414830203,30
"b3.t30.p29.w1700",0.899053849928548,0.660178157018995,30
"b3.t30.p29.w1701",-0.320714238279605,-0.109100494001317,30
"b3.t30.p29.w1702",1.82239830938228,1.3120178741563,30
"b3.t30.p29.w1703",-0.113687782129231,-0.141031891672732,30
"b3.t30.p29.w1705",-0.0685215481126314,-0.132513993235633,30
"b3.t30.p29.w1706",0.0950678862874453,0.0721861691878201,30
"b3.t30.p29.w1707",1.63513512619133,1.16916212572857,30
"b3.t30.p29.w1709",0.915096410654947,0.657302179028511,30
"b3.t30.p29.w1712",-0.183846951526304,-0.0974324699431321,30
"b3.t30.p29.w1714",0.829566830218289,0.589754584772684,30
"b3.t30.p29.w1717",0.200460408936413,0.222582166036415,30
"b3.t30.p29.w1719",0.666095427323841,0.514023097508536,30
"b3.t30.p29.w1726",0.80492767164962,0.589203652197605,30
"b3.t30.p29.w1730",1.65066437929164,1.18838069153177,30
"b3.t30.p29.w1731",0.157633084028128,0.0800841136358322,30
"b3.t30.p29.w1732",-0.098493752475102,-0.209694512249463,30
"b3.t30.p29.w1738",-0.0169885266329054,-0.0281952014166789,30
"b3.t30.p29.w1740",1.78808358046564,1.2769258205435,30
"b3.t30.p3.w123",1.21136990640479,1.22351190896822,30
"b3.t30.p3.w125",-0.0810412563054793,-0.149729633751735,30
"b3.t30.p3.w128",0.272278847439783,0.247477273555147,30
"b3.t30.p3.w133",1.24737228995474,1.20588910063416,30
"b3.t30.p3.w134",-0.0828241899023367,-0.156817222561064,30
"b3.t30.p3.w135",0.0216688401257857,0.0243859415873513,30
"b3.t30.p3.w136",-0.0442400415235401,-0.11777167535482,30
"b3.t30.p3.w138",1.20081123002632,1.17590245654978,30
"b3.t30.p3.w140",-0.13108775375148,-0.229454719778534,30
"b3.t30.p3.w141",-0.1928130644516,-0.103634442874921,30
"b3.t30.p3.w143",0.369395176581884,0.358385496352294,30
"b3.t30.p3.w144",-0.0803685011978506,-0.0275794138106556,30
"b3.t30.p3.w145",0.0707457609915838,0.0492511962815014,30
"b3.t30.p3.w150",0.48092472887353,0.497100383505125,30
"b3.t30.p3.w151",0.711027043185238,0.700027695855241,30
"b3.t30.p3.w152",0.356293086883809,0.354866166505325,30
"b3.t30.p3.w154",1.40091869220131,1.40146040231931,30
"b3.t30.p3.w155",0.433201931530789,0.436828831195143,30
"b3.t30.p3.w156",-0.0874661826927576,-0.139195343667082,30
"b3.t30.p3.w157",-0.0972716487173791,-0.156944428172585,30
"b3.t30.p3.w162",1.4941424728637,1.48391801878131,30
"b3.t30.p3.w163",-0.168276394303734,-0.103119028137482,30
"b3.t30.p3.w164",0.00376294021235576,0.235846791507053,30
"b3.t30.p3.w167",0.490953028115189,0.487796941270476,30
"b3.t30.p3.w169",1.66438853725748,1.65463377393377,30
"b3.t30.p3.w173",2.18580288313395,2.13407223027538,30
"b3.t30.p3.w174",1.41847746647334,1.40712075506001,30
"b3.t30.p3.w175",0.0750172059685291,0.0801742158552553,30
"b3.t30.p3.w177",1.46017276965682,1.45344951682048,30
"b3.t30.p3.w180",0.434754650675365,0.416763181424276,30
"b3.t30.p30.w1742",0.239038936118165,0.161175782274142,30
"b3.t30.p30.w1745",1.72242333867417,1.24325089757966,30
"b3.t30.p30.w1747",-0.0864628160640649,-0.186241626713415,30
"b3.t30.p30.w1749",0.382010639195554,0.281695439387956,30
"b3.t30.p30.w1750",1.87252630723423,1.33837544161906,30
"b3.t30.p30.w1751",0.0754346922891983,0.0296909863138345,30
"b3.t30.p30.w1752",1.89068356125682,1.35127542165178,30
"b3.t30.p30.w1753",-0.0731588556206473,-0.149783002285734,30
"b3.t30.p30.w1756",-0.113577039315432,-0.173220362105035,30
"b3.t30.p30.w1757",-0.206748298627855,-0.0878459414203599,30
"b3.t30.p30.w1763",0.781085241796461,0.568094395364095,30
"b3.t30.p30.w1764",0.966456965577451,0.688362884447215,30
"b3.t30.p30.w1765",-0.154372646941158,-0.244912502511936,30
"b3.t30.p30.w1766",-0.0146254807117334,0.0103541839464883,30
"b3.t30.p30.w1767",1.67380246694303,1.19862558104586,30
"b3.t30.p30.w1769",0.758468657487685,0.57474979479315,30
"b3.t30.p30.w1771",1.60440934634994,1.15263048062102,30
"b3.t30.p30.w1773",0.45745588980481,0.344144904390503,30
"b3.t30.p30.w1777",0.88707062480352,0.635865304172841,30
"b3.t30.p30.w1779",0.237343543067811,0.158699399261343,30
"b3.t30.p30.w1780",-0.131822725411594,-0.134071254011103,30
"b3.t30.p30.w1783",0.516295432442081,0.407740827132073,30
"b3.t30.p30.w1787",0.812618076377456,0.596412477390329,30
"b3.t30.p30.w1788",0.390752266068045,0.286723010451314,30
"b3.t30.p30.w1790",-0.131466692863737,-0.0586640129839828,30
"b3.t30.p30.w1791",0.101826755978969,0.0812548223666369,30
"b3.t30.p30.w1794",0.485456611773015,0.38226363993526,30
"b3.t30.p30.w1795",-0.0897026286804523,0.0188793960681636,30
"b3.t30.p30.w1798",1.87375680579727,1.33913793178868,30
"b3.t30.p30.w1799",-0.0144810351799164,-0.0787638083167708,30
"b3.t30.p31.w1801",0.135420528758665,0.109279641222504,30
"b3.t30.p31.w1802",0.140290717969445,0.117949840664169,30
"b3.t30.p31.w1806",0.434867235219191,0.374392848065712,30
"b3.t30.p31.w1807",1.94354836650987,1.39015430410879,30
"b3.t30.p31.w1808",0.0495771633951561,-0.0133916234102593,30
"b3.t30.p31.w1810",-0.235614763792996,-0.0357312108638607,30
"b3.t30.p31.w1814",0.0106688583963938,-0.081841699233146,30
"b3.t30.p31.w1817",0.113183117775514,0.0939652964724941,30
"b3.t30.p31.w1818",0.0154224343937844,-0.0924488634038013,30
"b3.t30.p31.w1819",0.0807247409676004,0.0643290094902299,30
"b3.t30.p31.w1820",2.04047446645673,1.46271334485196,30
"b3.t30.p31.w1821",0.132430889006166,0.0523094028591545,30
"b3.t30.p31.w1824",1.93993908344205,1.38963091586725,30
"b3.t30.p31.w1825",1.93523404736441,1.38845448320139,30
"b3.t30.p31.w1828",1.56457527474619,1.12960870717571,30
"b3.t30.p31.w1829",0.848281324799771,0.620794707862392,30
"b3.t30.p31.w1830",-0.0372321546587927,-0.156260333609738,30
"b3.t30.p31.w1833",0.166771117358335,0.159785749999954,30
"b3.t30.p31.w1834",0.733661169935843,0.585808439132343,30
"b3.t30.p31.w1835",0.514939095542828,0.401100684372332,30
"b3.t30.p31.w1836",0.0605479041611706,-0.0120888149918944,30
"b3.t30.p31.w1839",-0.120693043195816,-0.158511534293298,30
"b3.t30.p31.w1840",0.265690133839577,0.176090555464826,30
"b3.t30.p31.w1841",1.50383383060037,1.08648250615005,30
"b3.t30.p31.w1842",-0.0900232332166469,-0.055769383897646,30
"b3.t30.p31.w1843",1.6436290870449,1.18866177434893,30
"b3.t30.p31.w1844",2.29433519424233,1.64737219870926,30
"b3.t30.p31.w1845",0.249207891448789,0.200359215809994,30
"b3.t30.p31.w1850",0.8545537746004,0.652548144324516,30
"b3.t30.p31.w1851",-0.0178965428916073,-0.00855654640922831,30
"b3.t30.p31.w1854",0.739028583261287,0.584983121599421,30
"b3.t30.p31.w1855",0.706488682780026,0.537334486073137,30
"b3.t30.p31.w1856",-0.103909797847474,-0.202035601503266,30
"b3.t30.p31.w1857",1.43955790207356,1.02464343065283,30
"b3.t30.p31.w1859",-0.264845229420435,-0.0671845129580946,30
"b3.t30.p32.w1861",0.0790867086255574,0.171744004900719,30
"b3.t30.p32.w1864",0.265980425401379,0.187135349950729,30
"b3.t30.p32.w1867",0.866864094349789,0.631164091385809,30
"b3.t30.p32.w1869",0.0740601020154017,0.14076550930441,30
"b3.t30.p32.w1870",0.832225019401713,0.62238213679152,30
"b3.t30.p32.w1873",0.735035169324806,0.552119564971282,30
"b3.t30.p32.w1877",0.525093246886766,0.418009545266916,30
"b3.t30.p32.w1878",0.119500219581448,0.0699992644653927,30
"b3.t30.p32.w1884",-0.0894540192410554,-0.094676512254247,30
"b3.t30.p32.w1892",2.40661372519458,1.73600952804699,30
"b3.t30.p32.w1893",-0.0392507885418958,-0.0185003223879418,30
"b3.t30.p32.w1900",0.354096291438214,0.300225780554204,30
"b3.t30.p32.w1902",-0.128169345085838,-0.057147548769252,30
"b3.t30.p32.w1904",-0.0668579482892616,-0.0644223840110288,30
"b3.t30.p32.w1906",1.88109840286602,1.34386074549781,30
"b3.t30.p32.w1909",0.236603463021869,0.20931909265729,30
"b3.t30.p32.w1912",0.487473498087376,0.393045216624672,30
"b3.t30.p32.w1913",2.32214656331226,1.67133900608844,30
"b3.t30.p32.w1918",0.811754765923901,0.583814493755734,30
"b3.t30.p4.w181",0.258086920301888,0.246021794565175,30
"b3.t30.p4.w182",-0.0669003160475563,-0.176691118047281,30
"b3.t30.p4.w183",0.00300263822892778,0.11217883666177,30
"b3.t30.p4.w184",-0.106355988448462,-0.212674325258741,30
"b3.t30.p4.w186",0.174718427877875,0.3358238552471,30
"b3.t30.p4.w189",0.293804378588504,0.274139446939425,30
"b3.t30.p4.w192",1.17527816887878,1.08205915080506,30
"b3.t30.p4.w193",0.0341048258627124,-0.0748394574283512,30
"b3.t30.p4.w194",1.54667642980606,1.41998304874847,30
"b3.t30.p4.w195",0.560349888722054,0.518280338821282,30
"b3.t30.p4.w198",-0.132273605022325,-0.0722207682585325,30
"b3.t30.p4.w199",0.0475926808860215,0.0808601412464438,30
"b3.t30.p4.w202",-0.33124303354531,-0.187413898345773,30
"b3.t30.p4.w205",-0.106919730035807,-0.0405814252154747,30
"b3.t30.p4.w207",0.452480788889384,0.42502670350744,30
"b3.t30.p4.w210",1.51663493629294,1.37452473314633,30
"b3.t30.p4.w211",1.51913835719204,1.43069343206037,30
"b3.t30.p4.w212",0.380997803014617,0.511148046708397,30
"b3.t30.p4.w215",-0.0600890909735366,0.00717061933564409,30
"b3.t30.p4.w216",-0.294553194516714,0.0267233613970388,30
"b3.t30.p4.w217",0.173128574942261,0.167892334188944,30
"b3.t30.p4.w220",0.206686019989108,0.118632870239917,30
"b3.t30.p4.w225",1.8223724906668,1.7038945928528,30
"b3.t30.p4.w226",-0.11374925074985,-0.0533099200728713,30
"b3.t30.p4.w228",-0.117036135295773,0.136936830085478,30
"b3.t30.p4.w229",0.855814176540566,0.767373540196257,30
"b3.t30.p4.w231",-0.0733374811426087,-0.166679693441175,30
"b3.t30.p4.w232",1.14939154109801,1.11765171941598,30
"b3.t30.p4.w239",1.74777799972501,1.59243709311607,30
"b3.t30.p4.w240",-0.0815164401647477,-0.110027104646939,30
"b3.t30.p5.w241",-0.0285543917997702,-0.13053708908221,30
"b3.t30.p5.w243",0.000151856291637092,0.0376101230746182,30
"b3.t30.p5.w244",1.6884409401749,1.52185637770432,30
"b3.t30.p5.w246",1.60600573712836,1.51533916195281,30
"b3.t30.p5.w249",0.0954428876577365,0.116744780441446,30
"b3.t30.p5.w253",0.173662089980953,0.295898726788199,30
"b3.t30.p5.w254",-0.256999713369894,-0.0359686718233653,30
"b3.t30.p5.w256",-0.0554023947804558,0.126344482826603,30
"b3.t30.p5.w257",0.897987039837677,0.885102278609623,30
"b3.t30.p5.w259",0.767469699483351,0.733190113612706,30
"b3.t30.p5.w263",-0.0991788584664737,-0.163676460515796,30
"b3.t30.p5.w264",0.866247057508897,0.786954041024901,30
"b3.t30.p5.w267",-0.0149277931937894,-0.0700607375288829,30
"b3.t30.p5.w268",0.101183532476346,0.187245606361347,30
"b3.t30.p5.w275",-0.285288098958157,-0.138350913873672,30
"b3.t30.p5.w277",-0.0951562527694065,-0.0264208855073713,30
"b3.t30.p5.w280",1.49161235615013,1.41021556155326,30
"b3.t30.p5.w283",1.5919082972392,1.47353537757576,30
"b3.t30.p5.w284",0.0271890314695491,-0.039063113028491,30
"b3.t30.p5.w288",-0.14326064716832,-0.0327999608177976,30
"b3.t30.p5.w291",0.698783474876169,0.670262697483189,30
"b3.t30.p5.w295",2.34576422340856,2.14999307212557,30
"b3.t30.p5.w297",1.34347658738062,1.25751138055094,30
"b3.t30.p5.w299",0.00583119147111165,-0.0444394181887205,30
"b3.t30.p5.w300",1.46612911422838,1.3362502895131,30
"b3.t30.p6.w301",1.16396445177499,1.0764565756649,30
"b3.t30.p6.w304",-0.144055622378059,-0.226106224349404,30
"b3.t30.p6.w305",-0.214072861873368,-0.0937945767200428,30
"b3.t30.p6.w307",1.68116525238383,1.52697415742883,30
"b3.t30.p6.w308",1.80052910650822,1.6584159992089,30
"b3.t30.p6.w310",1.67698095637652,1.50645705842362,30
"b3.t30.p6.w312",0.681451543187673,0.624475685820809,30
"b3.t30.p6.w313",-0.0814953971274259,-0.126069085131285,30
"b3.t30.p6.w314",-0.100526835300826,-0.160796107645933,30
"b3.t30.p6.w316",0.748882962089618,0.728064297468332,30
"b3.t30.p6.w317",0.829215623278035,0.792206915522863,30
"b3.t30.p6.w320",0.321081813401514,0.364698102497905,30
"b3.t30.p6.w321",0.209606149239425,0.33025743959807,30
"b3.t30.p6.w323",1.77389963986556,1.62972575957186,30
"b3.t30.p6.w324",0.0402767840169541,-0.0197795670188365,30
"b3.t30.p6.w325",1.73365546949642,1.56131277408692,30
"b3.t30.p6.w326",0.00323645591148796,-0.0531100107115982,30
"b3.t30.p6.w328",-6.57573820435767e-05,0.0446531457674369,30
"b3.t30.p6.w330",-0.104965536625949,-0.0451065452931149,30
"b3.t30.p6.w331",0.188441198883766,0.157117000723382,30
"b3.t30.p6.w334",1.46964198837147,1.3647401521944,30
"b3.t30.p6.w336",-0.0892501338901236,-0.111085846897124,30
"b3.t30.p6.w339",-0.0653606263958035,-0.107760106342606,30
"b3.t30.p6.w341",-0.0412387636321071,-0.0994325735845048,30
"b3.t30.p6.w345",0.245223190972536,0.213587926411011,30
"b3.t30.p6.w347",-0.0958834691097001,-0.0453094275753225,30
"b3.t30.p6.w350",-0.0708148179928871,-0.142458714723646,30
"b3.t30.p6.w352",-0.198551947282912,-0.107860131274507,30
"b3.t30.p6.w355",-0.0203093415716636,-0.0667074617697893,30
"b3.t30.p6.w357",-0.0734327694091898,0.0797910735290856,30
"b3.t30.p7.w362",1.36284184563979,1.24628170617857,30
"b3.t30.p7.w364",-0.0578066428774929,-0.0158185559318616,30
"b3.t30.p7.w365",0.121122605447781,0.107551813173157,30
"b3.t30.p7.w366",0.504990883254415,0.522073183401937,30
"b3.t30.p7.w367",0.537976402297291,0.491483260818384,30
"b3.t30.p7.w371",-0.0523644707533876,-0.0130611424103696,30
"b3.t30.p7.w372",0.197746190984083,0.117549380844928,30
"b3.t30.p7.w373",0.792074583793439,0.745521112940978,30
"b3.t30.p7.w378",0.410896079631239,0.310260023218172,30
"b3.t30.p7.w381",0.271059575230325,0.281612115832175,30
"b3.t30.p7.w389",1.17402625082963,1.0942192149372,30
"b3.t30.p7.w390",0.83262633966604,0.737071623952329,30
"b3.t30.p7.w392",0.347575500458414,0.416368139620813,30
"b3.t30.p7.w394",0.89342782135302,0.82606773916418,30
"b3.t30.p7.w395",0.229110169200771,0.189099556409932,30
"b3.t30.p7.w396",1.7651670310004,1.5524978391634,30
"b3.t30.p7.w398",0.523741666719823,0.405361561376675,30
"b3.t30.p7.w403",0.0566747318985718,0.054454905695432,30
"b3.t30.p7.w404",0.0362961336899282,-0.0190980752462346,30
"b3.t30.p7.w409",-0.102735571724897,-0.156569491937028,30
"b3.t30.p7.w416",0.0551541361542,0.0450652878704408,30
"b3.t30.p7.w417",0.366500912353087,0.316450549508543,30
"b3.t30.p7.w420",-0.0982069317574507,0.0336926748973089,30
"b3.t30.p8.w422",0.492904172580268,0.403556499351553,30
"b3.t30.p8.w423",0.790526293283829,0.732202709462492,30
"b3.t30.p8.w427",0.575470970917691,0.538968308889361,30
"b3.t30.p8.w430",1.53619170929627,1.40235089628093,30
"b3.t30.p8.w431",0.069903688795938,0.0763467321173385,30
"b3.t30.p8.w433",0.0548668228049295,0.0415537384110407,30
"b3.t30.p8.w435",0.437998424861801,0.530769225365864,30
"b3.t30.p8.w442",-0.251302751486701,-0.142293667058531,30
"b3.t30.p8.w443",-0.077452518504974,-0.109048321792997,30
"b3.t30.p8.w448",1.25227461889418,1.13631142369523,30
"b3.t30.p8.w450",-0.241824008115185,-0.119575576769404,30
"b3.t30.p8.w451",1.02706233252441,0.930781906200826,30
"b3.t30.p8.w452",1.6744333003949,1.51720713735637,30
"b3.t30.p8.w453",1.77075486749058,1.56284584274584,30
"b3.t30.p8.w454",-0.0994992180598244,-0.164400158907785,30
"b3.t30.p8.w455",-0.0218382439391269,-0.0363574012903742,30
"b3.t30.p8.w458",0.378320177922423,0.481771321553596,30
"b3.t30.p8.w459",0.833541039983655,0.754802178788214,30
"b3.t30.p8.w464",-0.100001096247629,-0.093516918262544,30
"b3.t30.p8.w465",0.286840865252493,0.246469069005621,30
"b3.t30.p8.w466",0.47006567460483,0.372101571325029,30
"b3.t30.p8.w467",0.343688553878625,0.266798020232872,30
"b3.t30.p8.w471",-0.064877627702998,-0.0916562358848234,30
"b3.t30.p8.w472",-0.206804840895983,-0.0590158114539799,30
"b3.t30.p8.w473",-0.0807994494878433,-0.17929373263049,30
"b3.t30.p8.w474",0.828423059918567,0.815983672844924,30
"b3.t30.p8.w475",-0.0775485941898893,-0.173037404594284,30
"b3.t30.p8.w477",0.484381641955374,0.401515471512515,30
"b3.t30.p8.w480",1.14997353261117,1.03777412432055,30
"b3.t30.p9.w482",-0.0982269035412925,-0.180631450896291,30
"b3.t30.p9.w486",1.80830785789659,1.57210803038772,30
"b3.t30.p9.w487",-0.0987449892157054,-0.157437011609631,30
"b3.t30.p9.w488",0.436596756349778,0.353653820996055,30
"b3.t30.p9.w489",1.41198176894497,1.27127689986096,30
"b3.t30.p9.w490",-0.0866108914412224,-0.1905867666564,30
"b3.t30.p9.w493",0.453187105000916,0.403871482075489,30
"b3.t30.p9.w498",0.322913532438263,0.386846382316652,30
"b3.t30.p9.w500",0.295374273861165,0.226936729330448,30
"b3.t30.p9.w501",0.579616289424435,0.493535797210465,30
"b3.t30.p9.w503",1.33260684821166,1.22144404275588,30
"b3.t30.p9.w506",0.0129444063823732,-0.0145749238035149,30
"b3.t30.p9.w509",-0.0764648901456268,-0.156175466776535,30
"b3.t30.p9.w512",-0.0719048125909628,-0.145713146279894,30
"b3.t30.p9.w513",0.413307652262703,0.441504530180003,30
"b3.t30.p9.w515",-0.151200249967627,0.0971656126227446,30
"b3.t30.p9.w516",1.40528251419314,1.27623712514736,30
"b3.t30.p9.w517",1.79533682956025,1.56349076020602,30
"b3.t30.p9.w518",0.828225089134889,0.73496138321216,30
"b3.t30.p9.w519",-0.326229604318699,-0.200789310287258,30
"b3.t30.p9.w521",1.89689173331887,1.65047853038438,30
"b3.t30.p9.w524",-0.0572655396601686,-0.120212272991567,30
"b3.t30.p9.w526",1.66573955591777,1.51139317072782,30
"b3.t30.p9.w527",0.16584892963736,0.169633785793773,30
"b3.t30.p9.w528",1.34767983108532,1.2497638252602,30
"b3.t30.p9.w529",0.773419085815313,0.729573551358257,30
"b3.t30.p9.w530",0.24501830508826,0.189646900001377,30
"b3.t30.p9.w531",1.79675299248599,1.5634215093346,30
"b3.t30.p9.w533",-0.0361232274929301,-0.0865251898058728,30
"b3.t30.p9.w534",0.925980983732752,0.86285458617055,30
"b3.t30.p9.w535",0.0745731522828181,0.021628102747431,30
"b3.t30.p9.w539",-0.300105429711622,-0.161794284206524,30
"b3.t33.p1.w1",2.26737200167938,2.04177943715073,33
"b3.t33.p1.w11",2.34972294712664,2.13875841906573,33
"b3.t33.p1.w12",2.29175759186991,2.07277533839744,33
"b3.t33.p1.w21",2.33568534674114,2.12471394288801,33
"b3.t33.p1.w22",2.28979321107039,2.08687122774107,33
"b3.t33.p1.w23",2.3461416351467,2.13501397117608,33
"b3.t33.p1.w24",2.18996717636531,1.98213557941662,33
"b3.t33.p1.w25",2.12235794204781,1.93947416538855,33
"b3.t33.p1.w26",2.32542605147185,2.12293054344324,33
"b3.t33.p1.w27",2.342966772519,2.12813980258974,33
"b3.t33.p1.w30",2.56542750903874,2.32351675343129,33
"b3.t33.p1.w31",2.6093991090183,2.36192811517901,33
"b3.t33.p1.w32",2.24636752994509,2.05379034096303,33
"b3.t33.p1.w33",2.12151276947843,1.92741992161924,33
"b3.t33.p1.w34",2.09004140338823,1.89995029143957,33
"b3.t33.p1.w36",2.24156184051998,2.06578277803011,33
"b3.t33.p1.w37",2.28144833167988,2.0816848569012,33
"b3.t33.p1.w42",2.38307444198784,2.17481485286178,33
"b3.t33.p1.w43",2.34958033844896,2.1393118875092,33
"b3.t33.p1.w44",2.24470801176981,2.06073445201531,33
"b3.t33.p1.w47",2.32873530001166,2.11984310171774,33
"b3.t33.p1.w52",2.05368618664871,1.86604850206591,33
"b3.t33.p1.w53",2.47719684338255,2.24908696422863,33
"b3.t33.p1.w54",2.34919990705778,2.14421569169215,33
"b3.t33.p1.w56",2.41245912836562,2.19865881344669,33
"b3.t33.p1.w59",2.38286220625904,2.16442394605684,33
"b3.t33.p2.w100",2.32866602824256,2.13341354974631,33
"b3.t33.p2.w101",2.33147079659213,2.1204838276112,33
"b3.t33.p2.w105",2.29273093227511,2.08308082274744,33
"b3.t33.p2.w106",2.46926351413173,2.2517665973102,33
"b3.t33.p2.w107",2.1758744242012,1.98067852790337,33
"b3.t33.p2.w108",2.34234653781895,2.15157541550597,33
"b3.t33.p2.w109",2.19544888013543,2.0190997303086,33
"b3.t33.p2.w112",2.41408788625481,2.19464962577075,33
"b3.t33.p2.w113",2.33347191717443,2.11968705782128,33
"b3.t33.p2.w118",2.49452882841161,2.28813012876338,33
"b3.t33.p2.w119",2.38281368348383,2.16267390436165,33
"b3.t33.p2.w120",2.34053197281158,2.12423179007095,33
"b3.t33.p2.w65",2.32041376397357,2.11306969299172,33
"b3.t33.p2.w66",2.18046282140459,1.99832128614946,33
"b3.t33.p2.w68",2.25422710623835,2.06881176537648,33
"b3.t33.p2.w69",2.28541548421663,2.08283668227722,33
"b3.t33.p2.w70",2.11351077757569,2.02998235344744,33
"b3.t33.p2.w75",2.19364148548662,2.00399082354625,33
"b3.t33.p2.w78",2.31862810439651,2.12543191302425,33
"b3.t33.p2.w86",2.2934760351008,2.09510146340214,33
"b3.t33.p2.w87",2.45627733972616,2.23330232825633,33
"b3.t33.p2.w88",2.45510036534557,2.23813049820946,33
"b3.t33.p2.w89",2.45155316605624,2.23257144711331,33
"b3.t33.p2.w91",2.4345267034715,2.21633040049898,33
"b3.t33.p2.w99",2.4776140747412,2.28023720905937,33
"b3.t35.p1.w1",2.38796997194342,2.19180966376799,35
"b3.t35.p1.w10",2.50978225604319,2.30732053813494,35
"b3.t35.p1.w12",2.1609893540539,1.98122778847614,35
"b3.t35.p1.w17",2.05638872317912,1.88993384797213,35
"b3.t35.p1.w19",2.20360329897853,2.02530377666784,35
"b3.t35.p1.w2",2.15823085951966,2.00299431419843,35
"b3.t35.p1.w23",2.08771706481987,1.95176430486601,35
"b3.t35.p1.w24",2.05241448244664,1.88726905988892,35
"b3.t35.p1.w25",2.06852088021933,1.92308541077638,35
"b3.t35.p1.w26",2.17970841529317,1.99685833556769,35
"b3.t35.p1.w27",2.04277914160391,1.88941893750009,35
"b3.t35.p1.w28",2.21803436839595,2.03666473790583,35
"b3.t35.p1.w3",2.16569427816998,1.98464217010784,35
"b3.t35.p1.w30",2.3162487213525,2.12894109978842,35
"b3.t35.p1.w33",2.09899228281333,1.94428927432129,35
"b3.t35.p1.w37",2.16793387374097,2.00228536273114,35
"b3.t35.p1.w38",2.14814209368594,1.97105037292881,35
"b3.t35.p1.w41",2.20556174378812,2.00516430653705,35
"b3.t35.p1.w42",2.20031318377029,2.0216271065288,35
"b3.t35.p1.w44",2.20843477205131,2.03524693028937,35
"b3.t35.p1.w46",2.14826342158057,1.98754087251832,35
"b3.t35.p1.w47",2.32086440562029,2.13139590407503,35
"b3.t35.p1.w50",2.45752295620651,2.25236478517931,35
"b3.t35.p1.w51",2.29286834779482,2.12221711202779,35
"b3.t35.p1.w53",2.22322752875739,2.05020632804983,35
"b3.t35.p1.w57",2.32659654030262,2.1447067248863,35
"b3.t35.p1.w6",2.48023458954633,2.25175732397365,35
"b3.t35.p1.w7",2.19825560380197,2.01321643671878,35
"b3.t35.p2.w101",2.27326364048916,2.07949731005637,35
"b3.t35.p2.w103",2.32100033608699,2.14152054543847,35
"b3.t35.p2.w106",2.23009304789682,2.0507161462505,35
"b3.t35.p2.w107",2.15698935206375,1.98521804403735,35
"b3.t35.p2.w109",2.24593528666389,2.0688831379865,35
"b3.t35.p2.w114",2.33709276000552,2.15602511309803,35
"b3.t35.p2.w115",2.13742150032047,1.9534031912462,35
"b3.t35.p2.w119",2.28423072606537,2.13237556930116,35
"b3.t35.p2.w120",2.43668194170399,2.26833024647416,35
"b3.t35.p2.w62",2.27065018404104,2.09442101967416,35
"b3.t35.p2.w63",2.194189593286,2.00273685174295,35
"b3.t35.p2.w66",2.16426390435382,1.9788843851132,35
"b3.t35.p2.w68",2.26191543043536,2.07699719861929,35
"b3.t35.p2.w69",2.2431712076358,2.05174034791741,35
"b3.t35.p2.w71",2.50598619037126,2.29031360392607,35
"b3.t35.p2.w72",2.1625170465481,1.98364649269997,35
"b3.t35.p2.w74",2.33930488521548,2.15586804362196,35
"b3.t35.p2.w78",2.32494970809029,2.13593985984443,35
"b3.t35.p2.w80",2.1275528817215,1.97123695377069,35
"b3.t35.p2.w86",2.4269375795415,2.23672172471974,35
"b3.t35.p2.w87",2.27517598038459,2.09329342826343,35
"b3.t35.p2.w88",2.13967904988542,1.96624757108226,35
"b3.t35.p2.w99",2.36433814402494,2.17048781460059,35
"b3.t39.p1.w12",0.880401379279864,0.840282868619217,39
"b3.t39.p1.w16",0.947535904886712,0.874529360462837,39
"b3.t39.p1.w17",0.800741419568572,0.796953989534052,39
"b3.t39.p1.w18",1.20202736748597,1.16426300802931,39
"b3.t39.p1.w2",0.688959484528802,0.664897768257394,39
"b3.t39.p1.w20",0.986717264141493,0.938368518648169,39
"b3.t39.p1.w21",0.960494526682078,0.900286240066536,39
"b3.t39.p1.w25",0.871508802639355,0.853151381973095,39
"b3.t39.p1.w26",1.01406765949202,0.981208158192772,39
"b3.t39.p1.w30",0.971205709475582,0.91602351472061,39
"b3.t39.p1.w31",0.699922152396053,0.666472692254729,39
"b3.t39.p1.w32",0.772285677626908,0.740673368865354,39
"b3.t39.p1.w33",0.992633260153435,0.954480317318039,39
"b3.t39.p1.w39",0.915309208168431,0.879830642562554,39
"b3.t39.p1.w41",0.88333733649018,0.826168078808252,39
"b3.t39.p1.w42",0.717752249345889,0.666754388860967,39
"b3.t39.p1.w43",0.917129139125736,0.871641980719607,39
"b3.t39.p1.w44",0.899778614787113,0.882854945528682,39
"b3.t39.p1.w48",0.748895961924622,0.734370287109937,39
"b3.t39.p1.w50",0.868629373925044,0.845100909683654,39
"b3.t39.p1.w51",0.604458230563479,0.587130914053143,39
"b3.t39.p1.w54",0.864150605537878,0.823081477562008,39
"b3.t39.p1.w55",0.800986236536855,0.748282249462944,39
"b3.t39.p1.w58",0.747898796943148,0.719359110381417,39
"b3.t39.p1.w6",1.06129642677378,0.994780923101204,39
"b3.t39.p1.w60",1.02631091291249,0.993852088166902,39
"b3.t39.p1.w7",0.749165825322814,0.710786578817652,39
"b3.t39.p2.w100",0.805119674563953,0.759998039885484,39
"b3.t39.p2.w104",0.819576452456563,0.793640025145841,39
"b3.t39.p2.w105",1.02723175278901,0.970945639197489,39
"b3.t39.p2.w108",1.11048995419232,1.03543563768831,39
"b3.t39.p2.w112",0.882680358722037,0.835900295641249,39
"b3.t39.p2.w115",1.08137602240834,1.02337706320584,39
"b3.t39.p2.w117",0.917309996517928,0.860842080948455,39
"b3.t39.p2.w119",1.02854553540967,0.967595016658406,39
"b3.t39.p2.w62",0.725117598798328,0.673650710594569,39
"b3.t39.p2.w64",0.864808419690111,0.815886612961451,39
"b3.t39.p2.w65",0.965180837726855,0.915370386672644,39
"b3.t39.p2.w70",0.954437356307519,0.91135316119894,39
"b3.t39.p2.w71",0.677459386524081,0.656116791522047,39
"b3.t39.p2.w72",0.731192027917633,0.734252403619269,39
"b3.t39.p2.w73",0.655693355188827,0.626214722857657,39
"b3.t39.p2.w74",0.946314335971774,0.891148162168115,39
"b3.t39.p2.w79",1.01088298295933,0.960592343203357,39
"b3.t39.p2.w81",0.556553410489759,0.517783939596505,39
"b3.t39.p2.w83",0.885319195980913,0.855847457595073,39
"b3.t39.p2.w85",0.948009173627475,0.908733452427267,39
"b3.t39.p2.w86",1.06492055745104,1.0004786119341,39
"b3.t39.p2.w87",1.12669911890502,1.0812665443953,39
"b3.t39.p2.w91",0.765093211272288,0.716579874209784,39
"b3.t39.p2.w98",1.0693909413281,1.01650595347095,39
"b3.t43.p1.w10",-0.0613863249798845,-0.159045598107741,43
"b3.t43.p1.w12",-0.0815339268694156,-0.151372190211621,43
"b3.t43.p1.w16",-0.0545509251503359,-0.0586724197916423,43
"b3.t43.p1.w20",-0.112194299856106,-0.185346146301932,43
"b3.t43.p1.w21",-0.138728708540834,-0.163117476450841,43
"b3.t43.p1.w23",-0.0410973454677114,-0.108536658858418,43
"b3.t43.p1.w25",-0.134228609853518,-0.152945334853658,43
"b3.t43.p1.w26",-0.0823259625021447,-0.151899343206044,43
"b3.t43.p1.w29",-0.0845159522031312,-0.142809765075025,43
"b3.t43.p1.w31",-0.114223764598975,-0.115087886500415,43
"b3.t43.p1.w40",-0.112636304731595,-0.196148839272364,43
"b3.t43.p1.w42",-0.0567335339562345,-0.114082194023871,43
"b3.t43.p1.w43",-0.117404711981497,-0.121046773537739,43
"b3.t43.p1.w45",-0.0361307408514487,-0.0545459816157863,43
"b3.t43.p1.w47",-0.0468761972012677,-0.0911266328351822,43
"b3.t43.p1.w49",-0.0763558168049573,-0.147463275598064,43
"b3.t43.p1.w5",-0.133464493856771,-0.0765621774908052,43
"b3.t43.p1.w50",-0.0235064594763636,-0.0609223898916287,43
"b3.t43.p1.w51",-0.0349144752738656,-0.0874031872198526,43
"b3.t43.p1.w53",-0.108589400154581,-0.127578039299754,43
"b3.t43.p1.w54",-0.0865406797205437,-0.134330019221487,43
"b3.t43.p1.w55",-0.0468680329669934,-0.1166316712514,43
"b3.t43.p1.w6",-0.0546983936690042,-0.0788095540220124,43
"b3.t43.p1.w7",-0.352689282952916,-0.141135257849457,43
"b3.t43.p1.w8",-0.0434919055133404,-0.10765390068557,43
"b3.t43.p2.w100",-0.0193006235276007,-0.0571781545509851,43
"b3.t43.p2.w101",-0.0670873032002222,-0.106183326734942,43
"b3.t43.p2.w102",-0.110497670920924,-0.160938371926538,43
"b3.t43.p2.w103",-0.00795526281515046,-0.0895993754614422,43
"b3.t43.p2.w108",-0.0379760602456806,-0.0692832449000577,43
"b3.t43.p2.w111",-0.0546886784323586,-0.0787351209345644,43
"b3.t43.p2.w114",-0.0754839136406052,-0.105833929045538,43
"b3.t43.p2.w118",-0.0810286176227729,-0.123372114963753,43
"b3.t43.p2.w119",-0.0387821710305059,-0.0808312885061218,43
"b3.t43.p2.w62",0.0581492161326672,0.017369177315498,43
"b3.t43.p2.w63",-0.0635863060566942,-0.102483092244907,43
"b3.t43.p2.w67",-0.0602280465654794,0.0814742628357317,43
"b3.t43.p2.w69",-0.0467021083653269,-0.0754336366894683,43
"b3.t43.p2.w73",-0.0461251838955044,-0.098615443113428,43
"b3.t43.p2.w74",-0.0794931703247594,-0.105719681766266,43
"b3.t43.p2.w75",-0.072401529163105,-0.0645482087752114,43
"b3.t43.p2.w76",-0.0350115501786871,-0.0530327315162246,43
"b3.t43.p2.w78",-0.14640180035389,-0.0791752152976976,43
"b3.t43.p2.w79",-0.0328509116897749,-0.0161398805936231,43
"b3.t43.p2.w84",-0.0928652591169116,-0.17654794893884,43
"b3.t43.p2.w86",-0.0365485769451241,-0.108800456594303,43
"b3.t43.p2.w88",-0.082101790076788,-0.190137092355645,43
"b3.t43.p2.w89",-0.0665599171331222,-0.0851595930515624,43
"b3.t43.p2.w95",-0.0605348046319045,-0.122371543986107,43
"b3.t43.p2.w96",-0.139292332416616,-0.177026946818213,43
"b3.t43.p2.w98",-0.0238080392089626,-0.0926330718533029,43
"b3.t8.p1.w1",0.398669236780215,0.324718830943357,8
"b3.t8.p1.w10",0.313399045781174,0.262131726865606,8
"b3.t8.p1.w11",0.342997988306291,0.267296248490647,8
"b3.t8.p1.w12",0.413067041745773,0.334469675482251,8
"b3.t8.p1.w16",0.44910761474898,0.368786992329656,8
"b3.t8.p1.w19",0.391149474320799,0.316087683102977,8
"b3.t8.p1.w2",0.341840978201233,0.289707736583263,8
"b3.t8.p1.w32",-0.0522130678039969,-0.00630281714650754,8
"b3.t8.p1.w33",0.380636598042082,0.306040552097544,8
"b3.t8.p1.w35",0.468392099740479,0.361555617509938,8
"b3.t8.p1.w38",0.417517110568719,0.322109273635708,8
"b3.t8.p1.w40",-0.0203052449263034,-0.0962853900609359,8
"b3.t8.p1.w42",0.38619319756695,0.305748906993374,8
"b3.t8.p1.w43",0.32825685980034,0.241128564670603,8
"b3.t8.p1.w44",0.339156343415888,0.261140208795713,8
"b3.t8.p1.w45",0.372842551738329,0.312050870350525,8
"b3.t8.p1.w47",0.362218780784931,0.295065099041555,8
"b3.t8.p1.w5",0.345564011297764,0.274573859515138,8
"b3.t8.p1.w53",0.326681760645723,0.250600075997088,8
"b3.t8.p1.w56",0.353648174049285,0.275354216183071,8
"b3.t8.p1.w59",0.424922131272645,0.328881627744001,8
"b3.t8.p1.w9",0.348544308875539,0.293604813541061,8
"b3.t8.p2.w100",0.255001949587685,0.245200197450541,8
"b3.t8.p2.w102",0.269529392724527,0.251774696937664,8
"b3.t8.p2.w104",0.26781431107412,0.224868401730532,8
"b3.t8.p2.w105",0.280546451481301,0.243433032196368,8
"b3.t8.p2.w107",0.289801151255469,0.24486479688076,8
"b3.t8.p2.w109",0.263832052326473,0.236574317644659,8
"b3.t8.p2.w111",0.264981441948122,0.229378509383843,8
"b3.t8.p2.w112",0.274631998391675,0.22209990480798,8
"b3.t8.p2.w114",0.270028675909278,0.226300898798882,8
"b3.t8.p2.w115",0.270648193068453,0.231308298861909,8
"b3.t8.p2.w116",0.290975484241746,0.26076742250188,8
"b3.t8.p2.w119",0.272885230860763,0.239271729578039,8
"b3.t8.p2.w61",0.273987895686346,0.2311169743582,8
"b3.t8.p2.w64",0.218956833650817,0.18587182861303,8
"b3.t8.p2.w66",0.236506111872466,0.193260940007372,8
"b3.t8.p2.w67",0.29167720216175,0.256632844945781,8
"b3.t8.p2.w69",0.271040229489173,0.272303290886549,8
"b3.t8.p2.w73",0.28091299260917,0.231250044161412,8
"b3.t8.p2.w75",0.232872273528974,0.183135872560631,8
"b3.t8.p2.w77",0.252833867153048,0.242844568500886,8
"b3.t8.p2.w78",0.267470366609999,0.217787476941305,8
"b3.t8.p2.w80",0.234255427292205,0.213103224522851,8
"b3.t8.p2.w81",0.275606232185592,0.247615572086216,8
"b3.t8.p2.w84",0.271647612584446,0.203857268407623,8
"b3.t8.p2.w87",0.266730065553638,0.222271534764538,8
"b3.t8.p2.w91",0.244710800824458,0.203454859314229,8
"b3.t8.p2.w92",0.258054874400956,0.220811369619539,8
"b3.t8.p2.w93",0.284174150753889,0.241532851307542,8
"b3.t8.p2.w95",0.223994295128767,0.194334452743712,8
"b4.t14.p1.w13",0.73655292122738,0.572883090231449,14
"b4.t14.p1.w14",0.619068915925175,0.480744598718449,14
"b4.t14.p1.w17",0.358502492644422,0.196635303495406,14
"b4.t14.p1.w20",0.74300479777829,0.581153869146976,14
"b4.t14.p1.w21",0.683459549729111,0.364337873766291,14
"b4.t14.p1.w26",0.810464431723535,0.656806814858871,14
"b4.t14.p1.w27",0.693806755960276,0.544104435901449,14
"b4.t14.p1.w28",0.725198079604414,0.558623852389558,14
"b4.t14.p1.w30",1.09820548192924,0.84684825803575,14
"b4.t14.p1.w33",0.625728601152567,0.50401368771861,14
"b4.t14.p1.w35",0.708311720393546,0.55539141656942,14
"b4.t14.p1.w36",0.657602198674847,0.524602680139174,14
"b4.t14.p1.w37",0.772228647424712,0.618648118188615,14
"b4.t14.p1.w4",0.520874922629578,0.275585983865457,14
"b4.t14.p1.w42",0.705163614907301,0.607554535980755,14
"b4.t14.p1.w43",0.813927828123944,0.675306731130203,14
"b4.t14.p1.w45",0.730866940628653,0.575666257147227,14
"b4.t14.p1.w48",0.672726913301698,0.403728120731446,14
"b4.t14.p1.w49",1.15178129886486,0.818232574572805,14
"b4.t14.p1.w51",0.791099547120536,0.649208907529626,14
"b4.t14.p1.w54",0.635601664234948,0.510262634599047,14
"b4.t14.p1.w56",0.568484871485279,0.44744306886118,14
"b4.t14.p1.w57",0.571666273082471,0.468173828906014,14
"b4.t14.p1.w59",0.571497761709496,0.452558082456653,14
"b4.t14.p1.w6",0.832778043274752,0.654283561352829,14
"b4.t14.p1.w60",0.619851293172504,0.484047610783622,14
"b4.t14.p1.w7",0.733249003192992,0.566753189121766,14
"b4.t14.p2.w100",0.66045915458992,0.536032308465138,14
"b4.t14.p2.w101",0.661651621040023,0.538696392673602,14
"b4.t14.p2.w104",0.667957367792362,0.541588704992484,14
"b4.t14.p2.w105",0.614954892054588,0.501812898379943,14
"b4.t14.p2.w106",0.689882759231818,0.537378057949889,14
"b4.t14.p2.w108",0.637323685037113,0.51547567000112,14
"b4.t14.p2.w109",0.621471438294966,0.490390990336645,14
"b4.t14.p2.w110",0.681840252164994,0.560647653212836,14
"b4.t14.p2.w111",0.589224113234472,0.464622047643852,14
"b4.t14.p2.w112",0.674907312818883,0.54181789796085,14
"b4.t14.p2.w115",0.779185168849139,0.518533814835986,14
"b4.t14.p2.w117",0.771935408728981,0.646713452068092,14
"b4.t14.p2.w119",0.624309653403002,0.49543259028772,14
"b4.t14.p2.w67",0.615381470875055,0.474909038062376,14
"b4.t14.p2.w70",0.651074692789763,0.48560387315854,14
"b4.t14.p2.w71",0.720634923468369,0.582291568571672,14
"b4.t14.p2.w72",0.674875962096887,0.582538851131974,14
"b4.t14.p2.w74",0.669271460450963,0.546367349572421,14
"b4.t14.p2.w75",0.715274490157281,0.54686582026379,14
"b4.t14.p2.w87",0.677423395292595,0.543288937363448,14
"b4.t14.p2.w89",0.630947024898757,0.488365877529026,14
"b4.t14.p2.w91",0.675003618161924,0.522940163221832,14
"b4.t14.p2.w95",0.669459055271044,0.519149984308068,14
"b4.t14.p2.w98",0.607234526433353,0.465746354971871,14
"b4.t20.p1.w10",1.26481015584935,0.797471763598734,20
"b4.t20.p1.w12",0.939957490385642,0.898714068990292,20
"b4.t20.p1.w13",1.03013913723268,0.976130859232877,20
"b4.t20.p1.w15",0.646456573916251,0.533223544353668,20
"b4.t20.p1.w18",0.889834329958416,0.806959967381005,20
"b4.t20.p1.w2",1.14968653513213,1.09927169028852,20
"b4.t20.p1.w20",0.894790490381675,0.806432895172744,20
"b4.t20.p1.w26",0.673192933316732,0.673177985669042,20
"b4.t20.p1.w3",0.641374340736818,0.636378971768587,20
"b4.t20.p1.w30",1.48044627508336,0.929963124504786,20
"b4.t20.p1.w36",1.46630363124521,0.89863795633238,20
"b4.t20.p1.w37",0.901017791138809,0.827702852457706,20
"b4.t20.p1.w38",0.975678045297638,0.866402464536041,20
"b4.t20.p1.w39",1.49003339325647,0.941380343293036,20
"b4.t20.p1.w40",0.90984041485318,0.803057299320996,20
"b4.t20.p1.w41",1.54536256385891,0.974349167657808,20
"b4.t20.p1.w42",1.51186079095982,0.939546940220749,20
"b4.t20.p1.w43",1.05009263390959,0.951552576029815,20
"b4.t20.p1.w44",1.00597505656506,0.912516599832013,20
"b4.t20.p1.w49",0.907403130059398,0.811096659725317,20
"b4.t20.p1.w50",0.938260491405357,0.859382319856473,20
"b4.t20.p1.w52",1.33596023294053,0.809246712627236,20
"b4.t20.p1.w53",0.979453442549177,0.949762380797109,20
"b4.t20.p1.w54",1.43445229283577,0.886894055115933,20
"b4.t20.p1.w55",1.33183574638829,0.812705493687737,20
"b4.t20.p1.w56",1.39694983351083,0.868623609987923,20
"b4.t20.p1.w57",0.974705222376011,0.880608754944867,20
"b4.t20.p1.w58",0.901604780999187,0.832681310597536,20
"b4.t20.p1.w6",1.04164897747292,1.00757166798209,20
"b4.t20.p1.w9",0.917376109485645,0.877076135514875,20
"b4.t20.p2.w100",0.903432317790126,0.864527012542613,20
"b4.t20.p2.w102",1.55031417776352,0.938652514671156,20
"b4.t20.p2.w103",0.885672555389043,0.891425837637839,20
"b4.t20.p2.w104",1.64982568542402,0.998233374016852,20
"b4.t20.p2.w107",0.0104023467643301,0.0801328380206681,20
"b4.t20.p2.w113",0.968752517192683,0.923310871473952,20
"b4.t20.p2.w114",0.934295237764311,0.88661929770624,20
"b4.t20.p2.w118",0.981603935536953,0.918885263401256,20
"b4.t20.p2.w119",0.998748034553557,0.951604646056503,20
"b4.t20.p2.w61",1.56442137574536,0.96530087408857,20
"b4.t20.p2.w67",0.923868491964294,0.877107371586425,20
"b4.t20.p2.w68",1.01952001130685,0.969366412382696,20
"b4.t20.p2.w69",1.01533027289782,0.9754377712196,20
"b4.t20.p2.w84",0.934166212973153,0.953362160629924,20
"b4.t20.p2.w85",1.08596547516895,1.05562716417672,20
"b4.t20.p2.w90",0.980072819349017,0.933255383240392,20
"b4.t20.p2.w91",1.01760490143285,0.970406255297591,20
"b4.t20.p2.w92",1.60467285975894,0.990374785432104,20
"b4.t20.p2.w93",1.63893635995722,1.02976293210562,20
"b4.t20.p2.w94",0.952743651468325,0.916610392655309,20
"b4.t20.p2.w97",1.02276116958334,0.98682254481004,20
"b4.t25.p1.w11",1.35853001597717,1.34643682036302,25
"b4.t25.p1.w12",1.16228329083867,1.14096955469425,25
"b4.t25.p1.w13",1.38069380809634,1.36199267228644,25
"b4.t25.p1.w16",1.28327586658554,1.27015298708601,25
"b4.t25.p1.w18",1.32552541074169,1.3118110808505,25
"b4.t25.p1.w2",1.37703673110239,1.36527419580713,25
"b4.t25.p1.w20",1.21791102082489,1.21636131006512,25
"b4.t25.p1.w21",1.28292629064196,1.27739791213922,25
"b4.t25.p1.w22",1.30883703694728,1.29394151896756,25
"b4.t25.p1.w23",1.34716286707921,1.33426066634623,25
"b4.t25.p1.w24",1.34289390115853,1.32867866403256,25
"b4.t25.p1.w25",1.25633531976562,1.25047835373837,25
"b4.t25.p1.w26",1.10784189895798,1.09405038933372,25
"b4.t25.p1.w32",1.02473734005393,1.02422156862879,25
"b4.t25.p1.w33",1.37069838939206,1.35891489257581,25
"b4.t25.p1.w36",1.3234888173032,1.30220002736471,25
"b4.t25.p1.w37",1.28544597782652,1.26648185258433,25
"b4.t25.p1.w4",1.38544891080051,1.36531883748161,25
"b4.t25.p1.w40",1.26838416701355,1.26446250808981,25
"b4.t25.p1.w42",1.28396992970803,1.27232510962713,25
"b4.t25.p1.w47",1.14505847142246,1.1283126459932,25
"b4.t25.p1.w48",0.739105818687368,0.744082408525034,25
"b4.t25.p1.w50",1.37266257229932,1.36156921668559,25
"b4.t25.p1.w52",1.2767063644699,1.27100160774199,25
"b4.t25.p1.w56",0.678534180516797,0.687796248711738,25
"b4.t25.p1.w59",1.30965514003294,1.30360600607467,25
"b4.t25.p1.w8",1.33237821304359,1.32247181333607,25
"b4.t25.p2.w100",0.964904991996126,0.972280231389573,25
"b4.t25.p2.w104",0.916944494883756,0.922285193095977,25
"b4.t25.p2.w108",0.886023343814091,0.895368164124964,25
"b4.t25.p2.w109",0.856687021766287,0.860761704686986,25
"b4.t25.p2.w113",0.887500823093511,0.887518490473515,25
"b4.t25.p2.w119",0.992162294229781,0.997810456404421,25
"b4.t25.p2.w120",1.00543318218794,1.01049884096131,25
"b4.t25.p2.w63",1.02739689592348,1.03536796555423,25
"b4.t25.p2.w64",0.864005037585034,0.875534821097478,25
"b4.t25.p2.w65",0.748817979863811,0.755867857370636,25
"b4.t25.p2.w67",0.92965954510352,0.93706853818556,25
"b4.t25.p2.w69",0.369569243317969,0.459235657439343,25
"b4.t25.p2.w73",0.967728452702269,0.975436218803992,25
"b4.t25.p2.w77",0.925759837467548,0.932612661741728,25
"b4.t25.p2.w79",0.776181452638217,0.781146471571698,25
"b4.t25.p2.w80",0.978333997246275,0.985951380853537,25
"b4.t25.p2.w83",0.970847714059437,0.979768756417133,25
"b4.t25.p2.w86",0.966094384377508,0.976527178518998,25
"b4.t25.p2.w88",0.951815255932588,0.958176606004018,25
"b4.t25.p2.w89",0.887070577365506,0.894663550287896,25
"b4.t25.p2.w90",0.947340185137933,0.956353554760439,25
"b4.t25.p2.w95",0.747759668785485,0.754407033504986,25
"b4.t25.p2.w96",0.929993879704384,0.937419067788833,25
"b4.t25.p2.w99",0.989935933182023,0.997293020463709,25
"b4.t30.p1.w10",1.0869658625086,1.1084823541355,30
"b4.t30.p1.w12",0.580516126664586,0.425896717608102,30
"b4.t30.p1.w14",1.29595402970936,1.23751724629206,30
"b4.t30.p1.w15",-0.0295999261216728,-0.108368783913053,30
"b4.t30.p1.w17",0.340384607294713,0.349826189456618,30
"b4.t30.p1.w19",1.55089474832348,1.52385419574491,30
"b4.t30.p1.w22",0.0352122214846987,-0.0147071832039553,30
"b4.t30.p1.w23",0.261857041853319,0.189256096289103,30
"b4.t30.p1.w24",0.0364176151580267,0.0809716599550035,30
"b4.t30.p1.w26",0.281050946765229,0.27416211124416,30
"b4.t30.p1.w27",-0.0521644693242355,-0.137251078003317,30
"b4.t30.p1.w30",0.265677038540001,0.184476279112365,30
"b4.t30.p1.w31",-0.204048987968514,-0.0973265141567517,30
"b4.t30.p1.w32",1.24359496750828,1.22335400772366,30
"b4.t30.p1.w42",0.998945062143093,0.986916640941514,30
"b4.t30.p1.w43",0.939164839742919,0.937601871519965,30
"b4.t30.p1.w44",0.68269648295845,0.680196270394731,30
"b4.t30.p1.w45",0.249162604317621,0.231475376951322,30
"b4.t30.p1.w53",-0.080468805430614,-0.141016432864298,30
"b4.t30.p1.w54",1.16100703303752,1.10487557438211,30
"b4.t30.p1.w56",0.0997518296830065,0.0900564441667647,30
"b4.t30.p1.w57",1.01585643650918,0.965256576442331,30
"b4.t30.p1.w59",1.70999596548618,1.68673020665479,30
"b4.t30.p1.w6",-0.0261920205526171,-0.100173570295367,30
"b4.t30.p1.w7",0.0995138015179314,0.0443850461828367,30
"b4.t30.p1.w9",0.75842040528712,0.764165865476233,30
"b4.t30.p10.w543",-0.078251281224397,-0.121917256667468,30
"b4.t30.p10.w544",0.499960676464176,0.499942269005147,30
"b4.t30.p10.w545",-0.0540091392576186,-0.0217137274641011,30
"b4.t30.p10.w548",-0.083446539573725,-0.146911051293617,30
"b4.t30.p10.w550",0.143407576644097,0.131579564875993,30
"b4.t30.p10.w557",-0.0200794074806262,-0.0953603664992067,30
"b4.t30.p10.w558",1.2840273672669,1.15723556458194,30
"b4.t30.p10.w559",0.185594805457995,0.157446468960707,30
"b4.t30.p10.w560",0.00419855216592711,-0.112017575517163,30
"b4.t30.p10.w561",1.09412366375132,0.956606097522215,30
"b4.t30.p10.w562",1.3862797694036,1.26860773277621,30
"b4.t30.p10.w564",-0.25699157181842,-0.147849138240784,30
"b4.t30.p10.w565",-0.00899443044703766,-0.106200697635834,30
"b4.t30.p10.w566",0.576270903831312,0.447945998049819,30
"b4.t30.p10.w572",1.28958155984933,1.08131174233136,30
"b4.t30.p10.w573",0.0258888834058475,-0.0716121933411587,30
"b4.t30.p10.w574",0.00905601159082106,-0.0706840346338703,30
"b4.t30.p10.w575",0.218961232558219,0.164179806687049,30
"b4.t30.p10.w577",0.157058824029903,0.104389160041322,30
"b4.t30.p10.w578",-0.0534258467368475,-0.000955302672526575,30
"b4.t30.p10.w580",0.988774186437344,0.846141687915,30
"b4.t30.p10.w581",1.82321700454912,1.51476582715981,30
"b4.t30.p10.w584",0.0744611458385787,0.0733962632323995,30
"b4.t30.p10.w586",1.13357314009918,0.934293980008613,30
"b4.t30.p10.w587",0.354272147387142,0.357716780567448,30
"b4.t30.p10.w588",0.00337764313496177,-0.0615179727972915,30
"b4.t30.p10.w591",0.119221618172009,0.0799763806586531,30
"b4.t30.p10.w593",1.61984893277012,1.35081243488211,30
"b4.t30.p10.w594",1.70022652528115,1.47027516740851,30
"b4.t30.p10.w596",0.429717505055122,0.31368407271404,30
"b4.t30.p10.w598",1.78718988711355,1.49923535873182,30
"b4.t30.p10.w600",0.245902180735963,0.250733668381787,30
"b4.t30.p11.w601",0.114258110023851,0.063898288914811,30
"b4.t30.p11.w606",-0.0492319122271502,-0.165834531971975,30
"b4.t30.p11.w608",1.4192413426483,1.24259046854102,30
"b4.t30.p11.w610",-0.0644090339390933,-0.0422994006623084,30
"b4.t30.p11.w616",0.00503955349229006,-0.0119933177826671,30
"b4.t30.p11.w618",0.253598527529367,0.172673407076613,30
"b4.t30.p11.w623",0.892425428638224,0.769893887118802,30
"b4.t30.p11.w624",0.977828343727749,0.80477362262215,30
"b4.t30.p11.w625",1.44392138031803,1.29283223802646,30
"b4.t30.p11.w626",0.359943173966617,0.300709528095246,30
"b4.t30.p11.w627",-0.0613636177056044,0.0126951768429926,30
"b4.t30.p11.w628",-0.00417281702510618,0.12294383505177,30
"b4.t30.p11.w629",1.39924821449132,1.22196993766038,30
"b4.t30.p11.w630",0.841493891532732,0.693795359548537,30
"b4.t30.p11.w631",1.27046508848251,1.10125511363783,30
"b4.t30.p11.w632",0.548543646340615,0.40280340026673,30
"b4.t30.p11.w635",1.37308179572816,1.21051069226475,30
"b4.t30.p11.w636",1.20152564486481,0.993820352554526,30
"b4.t30.p11.w638",-0.00909509439595987,0.0226897712456118,30
"b4.t30.p11.w642",1.44825213157161,1.27776062221422,30
"b4.t30.p11.w646",0.153701021844291,0.236701524668834,30
"b4.t30.p11.w649",0.0431689089110005,-0.0104578074391521,30
"b4.t30.p11.w650",0.0781354702509052,0.0271706844776622,30
"b4.t30.p11.w653",0.54962471602402,0.525536825390931,30
"b4.t30.p11.w658",1.54523119773417,1.37270004202367,30
"b4.t30.p11.w659",1.2011676686102,1.05524850691569,30
"b4.t30.p12.w662",-0.192046755082632,-0.0620010672873983,30
"b4.t30.p12.w663",1.01631153702303,0.80337943717728,30
"b4.t30.p12.w667",1.08928988417061,0.9355552330497,30
"b4.t30.p12.w670",0.108009724904704,0.173946478249118,30
"b4.t30.p12.w674",0.0736691677879038,0.050515478466629,30
"b4.t30.p12.w677",-0.0555085547287403,-0.000903078324115608,30
"b4.t30.p12.w680",-0.0741428587124593,-0.11039417105099,30
"b4.t30.p12.w683",-0.0745158322754544,-0.00855959101284365,30
"b4.t30.p12.w684",1.17840099709799,0.967993907597408,30
"b4.t30.p12.w689",0.0628487203083746,0.0675436655108804,30
"b4.t30.p12.w690",0.589701512101265,0.541549746598022,30
"b4.t30.p12.w692",0.0698229809875773,0.226984124747482,30
"b4.t30.p12.w693",0.310493935717551,0.245850526532166,30
"b4.t30.p12.w694",-0.00877384387808258,-0.0677041714603266,30
"b4.t30.p12.w698",0.905472666186109,0.742791552673658,30
"b4.t30.p12.w699",0.0945872110139392,0.0676478958480414,30
"b4.t30.p12.w702",0.477397535077501,0.430169566592429,30
"b4.t30.p12.w703",-0.0245628708734864,-0.0351401234417302,30
"b4.t30.p12.w704",0.402249669061493,0.324932081009703,30
"b4.t30.p12.w705",0.29424697238178,0.214787256640889,30
"b4.t30.p12.w707",1.73274237002435,1.47038277920721,30
"b4.t30.p12.w710",-0.062002743022303,-0.101161624281577,30
"b4.t30.p12.w713",0.462668287760056,0.430139242840556,30
"b4.t30.p12.w715",0.252416674455182,0.346198777043186,30
"b4.t30.p12.w716",0.0572729687511754,0.0577037413677702,30
"b4.t30.p12.w717",1.09658111265669,0.953811141505915,30
"b4.t30.p12.w720",0.00980729002511182,0.0133043669249016,30
"b4.t30.p13.w724",0.0380326558373584,-0.0221274321030475,30
"b4.t30.p13.w725",-0.0462673678421126,-0.0219327138804573,30
"b4.t30.p13.w728",0.697723828509117,0.562667439142803,30
"b4.t30.p13.w730",1.42718165169795,1.25481219068846,30
"b4.t30.p13.w737",-0.0621409758246445,-0.196001753776835,30
"b4.t30.p13.w738",0.677084696898892,0.577101870391254,30
"b4.t30.p13.w739",0.18513279277936,0.239736824179698,30
"b4.t30.p13.w741",0.380599336456209,0.402579904472096,30
"b4.t30.p13.w742",-0.0236560677060009,0.00980788010836411,30
"b4.t30.p13.w743",-0.0652771485038723,-0.0984910166086166,30
"b4.t30.p13.w744",1.64685052789515,1.41974325871439,30
"b4.t30.p13.w745",-0.0412882527223491,-0.0478037411246799,30
"b4.t30.p13.w746",1.17293832873517,0.993446283788163,30
"b4.t30.p13.w748",-0.0135577902370955,-0.0293889472953705,30
"b4.t30.p13.w754",0.0293141226624384,0.070733796698208,30
"b4.t30.p13.w757",1.62563570446932,1.39334902797917,30
"b4.t30.p13.w758",1.6106216898194,1.39023305536836,30
"b4.t30.p13.w759",0.212055426696395,0.152531987189292,30
"b4.t30.p13.w760",1.37857841776343,1.06057266923211,30
"b4.t30.p13.w761",0.285104461818375,0.276391239820982,30
"b4.t30.p13.w765",0.955591203506308,0.802123420665399,30
"b4.t30.p13.w766",1.31169867089249,1.14651000970707,30
"b4.t30.p13.w768",0.224715142051631,0.184855369668426,30
"b4.t30.p13.w772",1.98698694530701,1.42121141673941,30
"b4.t30.p13.w774",1.4952950047164,1.32140920617761,30
"b4.t30.p13.w775",0.185803665312261,0.152379582785821,30
"b4.t30.p13.w776",-0.0569986764493696,-0.0944117024292766,30
"b4.t30.p13.w777",1.40821373037468,1.2055408219854,30
"b4.t30.p13.w780",1.26990147556571,0.903570285655199,30
"b4.t30.p14.w783",-0.0179299408892752,-0.0926731599308261,30
"b4.t30.p14.w784",0.353268809456124,0.257424126729686,30
"b4.t30.p14.w788",-0.0626386485165338,-0.02937121805757,30
"b4.t30.p14.w789",-0.0929160166374545,-0.14307210281209,30
"b4.t30.p14.w793",-0.0767373349204534,-0.114669821857958,30
"b4.t30.p14.w794",0.295300755098073,0.218178245003918,30
"b4.t30.p14.w797",1.16394072499284,0.991196809046684,30
"b4.t30.p14.w798",0.103358470330489,0.0461914591877018,30
"b4.t30.p14.w804",0.340177246295824,0.295641459697401,30
"b4.t30.p14.w808",-0.0805141297143906,-0.169129759023905,30
"b4.t30.p14.w810",-0.00774724290872472,0.0183883448015308,30
"b4.t30.p14.w815",1.09252537181497,0.873716627183247,30
"b4.t30.p14.w817",0.0862066657292533,0.0802385340762814,30
"b4.t30.p14.w820",-0.0340917658281095,-0.0108882606766055,30
"b4.t30.p14.w821",0.0968111017418949,0.219775804128456,30
"b4.t30.p14.w824",1.72998715412048,1.23604909153692,30
"b4.t30.p14.w827",0.0229733905822171,0.0371063930000219,30
"b4.t30.p14.w828",0.0202524139750242,0.0464462310108824,30
"b4.t30.p14.w831",0.566555559857388,0.467887409941025,30
"b4.t30.p14.w832",-0.116064272536797,-0.0607501068602945,30
"b4.t30.p14.w835",-0.0431085435384486,-0.0916737366274097,30
"b4.t30.p14.w836",1.65420965711777,1.43151138592389,30
"b4.t30.p14.w838",-0.0496870491177309,-0.0830392532511181,30
"b4.t30.p14.w839",0.566935425513091,0.478414375722098,30
"b4.t30.p14.w840",0.409425162005756,0.351247395502023,30
"b4.t30.p15.w841",0.595478205090443,0.410051328755065,30
"b4.t30.p15.w842",0.284152391434775,0.196022862018065,30
"b4.t30.p15.w843",0.0214965818726988,-0.0245553755333835,30
"b4.t30.p15.w844",-0.0329038852322258,-0.0519841214508989,30
"b4.t30.p15.w846",0.949399953065345,0.790377854823518,30
"b4.t30.p15.w849",-0.0507802600330212,-0.110889785949635,30
"b4.t30.p15.w850",1.46978507289584,1.17837352978677,30
"b4.t30.p15.w853",-0.0623335492811675,-0.0950324511153122,30
"b4.t30.p15.w854",-0.00398110824709201,0.0570577076690963,30
"b4.t30.p15.w855",0.485922111425732,0.396201480518431,30
"b4.t30.p15.w856",-0.199741281845021,-0.0313167960676703,30
"b4.t30.p15.w857",0.472610393909014,0.325506416533408,30
"b4.t30.p15.w858",1.11859921582874,0.948641224922469,30
"b4.t30.p15.w863",1.64613383152672,1.32766106242202,30
"b4.t30.p15.w865",0.200432970789506,0.130908762038701,30
"b4.t30.p15.w868",0.35170257512239,0.245908578403581,30
"b4.t30.p15.w869",-0.0626648985990706,-0.102878015741436,30
"b4.t30.p15.w870",1.68925044861827,1.43313870880053,30
"b4.t30.p15.w874",0.170901071609833,0.119054214989063,30
"b4.t30.p15.w875",0.385317236179282,0.295584655162571,30
"b4.t30.p15.w876",0.497999270181812,0.363734956426157,30
"b4.t30.p15.w877",1.81375689098046,1.53758414699841,30
"b4.t30.p15.w879",-0.0109350832543414,-0.0234421265951227,30
"b4.t30.p15.w880",1.04486046973286,0.825239706268016,30
"b4.t30.p15.w882",0.338933595369488,0.237026496986431,30
"b4.t30.p15.w883",0.286886328204778,0.246051344538637,30
"b4.t30.p15.w884",0.533126646457387,0.364042104306457,30
"b4.t30.p15.w885",1.12010837319833,0.942510811831781,30
"b4.t30.p15.w886",-0.168422086754062,-0.0453666384448105,30
"b4.t30.p15.w889",1.66503441554567,1.33489380047781,30
"b4.t30.p15.w890",-0.0280323422193564,-0.032599649790105,30
"b4.t30.p15.w891",0.500773098274896,0.448996486089158,30
"b4.t30.p15.w893",1.35161068326094,1.08379266150216,30
"b4.t30.p15.w895",0.351117344889519,0.221720993316615,30
"b4.t30.p15.w896",0.525509057053674,0.46546249371111,30
"b4.t30.p15.w898",-0.0211295093342391,0.00876684931282133,30
"b4.t30.p16.w901",0.107082911832192,0.110210162177686,30
"b4.t30.p16.w902",0.107138581762565,0.0214921699503852,30
"b4.t30.p16.w903",0.48051504024258,0.419582102553987,30
"b4.t30.p16.w904",0.154632328815298,0.150860959141471,30
"b4.t30.p16.w909",2.14182868453211,1.50017711316204,30
"b4.t30.p16.w911",-0.132873143260067,-0.0141641914298154,30
"b4.t30.p16.w917",0.901570838549557,0.56871146798335,30
"b4.t30.p16.w919",0.123561312214439,0.0892791597083412,30
"b4.t30.p16.w920",1.71300005492718,1.20710628311212,30
"b4.t30.p16.w924",1.39318287973751,1.16184008914717,30
"b4.t30.p16.w925",0.223506667056615,0.188203736416362,30
"b4.t30.p16.w927",1.47107946244954,1.01545445237509,30
"b4.t30.p16.w930",0.483607480108522,0.353311083509014,30
"b4.t30.p16.w931",2.03477786677966,1.47407334992084,30
"b4.t30.p16.w933",0.95045583275285,0.691045287235897,30
"b4.t30.p16.w934",0.969691818214062,0.733838258700064,30
"b4.t30.p16.w937",0.400672404373273,0.275244855940478,30
"b4.t30.p16.w938",0.0958549272621595,0.0829002272027845,30
"b4.t30.p16.w939",0.493456757237556,0.407856920284646,30
"b4.t30.p16.w945",0.142155761460695,0.10092822822498,30
"b4.t30.p16.w946",1.56146648250276,1.0901922698616,30
"b4.t30.p16.w948",0.998785341654665,0.753217934532531,30
"b4.t30.p16.w949",1.19475744224811,0.814117445680577,30
"b4.t30.p16.w952",-0.00326771211674593,0.00765255704811192,30
"b4.t30.p16.w953",1.02135714054786,0.732159992570234,30
"b4.t30.p16.w954",0.609916327204496,0.574922837380732,30
"b4.t30.p16.w956",0.503160157120875,0.374400019210806,30
"b4.t30.p16.w959",1.1199789664344,0.773458903305934,30
"b4.t30.p16.w960",0.0130508914003241,-0.0326071916238918,30
"b4.t30.p17.w1000",0.0439016071484528,0.00261699908933531,30
"b4.t30.p17.w1001",1.97373091185847,1.38739452660354,30
"b4.t30.p17.w1007",0.285002407454955,0.213876201624868,30
"b4.t30.p17.w1010",0.357526847527441,0.253722546348789,30
"b4.t30.p17.w1014",-0.145928927040664,-0.0648444158504548,30
"b4.t30.p17.w1017",-0.0948717458991546,-0.121106695679461,30
"b4.t30.p17.w1018",-0.0208068440495115,-0.0179911593733128,30
"b4.t30.p17.w1019",-0.061738642237929,-0.0958777021738429,30
"b4.t30.p17.w962",1.06991869926743,0.782145047298476,30
"b4.t30.p17.w963",0.933983737447688,0.691418864851377,30
"b4.t30.p17.w966",1.30864874158327,0.973798685874976,30
"b4.t30.p17.w967",-0.0794567367322233,-0.0803142388228126,30
"b4.t30.p17.w968",1.88424654793176,1.38700377517432,30
"b4.t30.p17.w971",1.19322333054735,0.924585750750583,30
"b4.t30.p17.w976",0.929117826440425,0.632817983086106,30
"b4.t30.p17.w979",1.78215805055362,1.30226908913771,30
"b4.t30.p17.w980",-0.0401562619312746,-0.012709057964463,30
"b4.t30.p17.w983",1.19890023880421,0.874411936918997,30
"b4.t30.p17.w985",1.41892328643631,1.01116171807998,30
"b4.t30.p17.w986",1.80265516079121,1.26882977714598,30
"b4.t30.p17.w987",-0.398843943133308,-0.0822027281583487,30
"b4.t30.p17.w989",0.497307632785966,0.384298981943489,30
"b4.t30.p17.w990",0.0456919197168515,-0.0167782727488898,30
"b4.t30.p17.w995",1.40699962722741,1.0064433146347,30
"b4.t30.p17.w998",0.0155814657434453,-0.0236329967957979,30
"b4.t30.p17.w999",-0.0664337727522715,-0.112548978080222,30
"b4.t30.p18.w1021",-0.055869829509643,-0.0929147242521165,30
"b4.t30.p18.w1023",1.71298912901868,1.25923491557538,30
"b4.t30.p18.w1026",-0.0448991051455052,0.118753183564945,30
"b4.t30.p18.w1029",0.173062309321183,0.148896942115013,30
"b4.t30.p18.w1030",-0.0669350733965298,-0.14169330766942,30
"b4.t30.p18.w1031",-0.0851120392711694,-0.146652000923054,30
"b4.t30.p18.w1033",0.127132941019556,0.099245103975818,30
"b4.t30.p18.w1034",-0.0454423513271221,0.0149698294847911,30
"b4.t30.p18.w1035",1.33090948586677,0.962228387197996,30
"b4.t30.p18.w1039",0.496984062204993,0.361204469241598,30
"b4.t30.p18.w1040",-0.0863475895414589,-0.108153854022981,30
"b4.t30.p18.w1042",0.256885875704943,0.172786220640753,30
"b4.t30.p18.w1043",1.48358575538344,1.05847771240887,30
"b4.t30.p18.w1046",-0.0955056656743786,-0.0375360957523006,30
"b4.t30.p18.w1049",1.7829543279967,1.26424277223375,30
"b4.t30.p18.w1053",-0.318375847577497,-0.0816893888474389,30
"b4.t30.p18.w1058",1.24501836592878,0.881507347755985,30
"b4.t30.p18.w1059",-0.126896021068446,0.00292574740546549,30
"b4.t30.p18.w1062",0.655718190674645,0.416006408563537,30
"b4.t30.p18.w1064",2.02277004690457,1.4687886666172,30
"b4.t30.p18.w1067",0.122541449484024,0.06936927129671,30
"b4.t30.p18.w1069",-0.221591279663005,-0.0938050413817401,30
"b4.t30.p18.w1072",-0.337885704702338,-0.0893077796486606,30
"b4.t30.p18.w1073",0.291752738522541,0.169361574205595,30
"b4.t30.p18.w1075",0.274833978597065,0.222680598225286,30
"b4.t30.p18.w1077",-0.0272632598828551,-0.0129765321557014,30
"b4.t30.p18.w1079",0.749943373000961,0.528850693102825,30
"b4.t30.p18.w1080",1.35385217253583,0.975215964946916,30
"b4.t30.p19.w1082",-0.035133596831638,-0.0777400520281287,30
"b4.t30.p19.w1087",-0.0572407256006033,-0.122023103421138,30
"b4.t30.p19.w1088",0.368615522098043,0.258597543603834,30
"b4.t30.p19.w1090",0.190088911999761,0.218747998081662,30
"b4.t30.p19.w1092",-0.121130062885055,-0.0450267511964373,30
"b4.t30.p19.w1093",1.043083046272,0.79570069620487,30
"b4.t30.p19.w1094",-0.0412937724873892,-0.0853371671437297,30
"b4.t30.p19.w1096",-0.0163562081997011,-0.0500534658869889,30
"b4.t30.p19.w1098",2.06804556306968,1.4653833756862,30
"b4.t30.p19.w1099",0.0602343944076353,0.0711476528508816,30
"b4.t30.p19.w1101",1.84335674990871,1.33447768992923,30
"b4.t30.p19.w1105",0.315823117388644,0.216243416382975,30
"b4.t30.p19.w1106",-0.0321881028212223,-0.0658176674914779,30
"b4.t30.p19.w1107",0.0649427224696808,0.0764735155105606,30
"b4.t30.p19.w1108",1.00324961169192,0.752370911592543,30
"b4.t30.p19.w1110",0.116159760408075,0.0592573587366137,30
"b4.t30.p19.w1111",-0.228715886198077,0.00287050751938029,30
"b4.t30.p19.w1113",0.137205869228113,0.134724170591573,30
"b4.t30.p19.w1114",-0.024866457818673,-0.0716642371948006,30
"b4.t30.p19.w1118",0.0466060932885851,0.106221022044804,30
"b4.t30.p19.w1125",0.784870983913835,0.619500466494572,30
"b4.t30.p19.w1128",1.45076813402179,1.02996119908222,30
"b4.t30.p19.w1131",2.1310502802403,1.53487389901794,30
"b4.t30.p19.w1133",-0.109047263803877,0.0282779774051872,30
"b4.t30.p19.w1134",-0.0757596704483254,-0.0922352735881214,30
"b4.t30.p19.w1135",2.04746938594486,1.48106764447586,30
"b4.t30.p19.w1136",-0.0589365348109035,0.0312583866246915,30
"b4.t30.p19.w1137",0.187126083487037,0.227793056065014,30
"b4.t30.p2.w101",1.71393562381715,1.68665815807277,30
"b4.t30.p2.w105",0.283823852347939,0.399175703919245,30
"b4.t30.p2.w106",-0.050717099820579,0.00246064739906064,30
"b4.t30.p2.w107",0.0253703588677034,0.0418746627310892,30
"b4.t30.p2.w108",0.538303773677908,0.545259865294414,30
"b4.t30.p2.w109",0.18652848462174,0.157684242050037,30
"b4.t30.p2.w111",0.110310943381071,0.0696288238057378,30
"b4.t30.p2.w113",1.74459222116559,1.72662657476023,30
"b4.t30.p2.w116",-0.0322714775502286,-0.0784874618889853,30
"b4.t30.p2.w117",-0.21752198524928,-0.0859437811783079,30
"b4.t30.p2.w119",1.17378427369972,1.14926948274294,30
"b4.t30.p2.w61",-0.0796154051669711,-0.140211476668168,30
"b4.t30.p2.w62",-0.140982338788873,-0.0385926910253791,30
"b4.t30.p2.w64",-0.216119547057278,-0.0900767061877084,30
"b4.t30.p2.w65",1.46140732306385,1.43957572929792,30
"b4.t30.p2.w67",-0.0362965013035513,-0.00374594819143299,30
"b4.t30.p2.w69",-0.0326588694917702,-0.0866091439404387,30
"b4.t30.p2.w70",0.337587717848398,0.340038267885396,30
"b4.t30.p2.w72",1.76163475335279,1.74282685036676,30
"b4.t30.p2.w74",-0.13655043690579,-0.0445300874516339,30
"b4.t30.p2.w75",1.57302895147744,1.55594449412622,30
"b4.t30.p2.w77",-0.0472581284923808,0.0189636344617163,30
"b4.t30.p2.w78",-0.0585057647473982,-0.183178768888252,30
"b4.t30.p2.w81",0.134616715599003,0.136595795641407,30
"b4.t30.p2.w82",0.0355105483072815,0.0366912477274443,30
"b4.t30.p2.w83",-0.15590668483114,-0.0777472356716254,30
"b4.t30.p2.w84",1.43881784873908,1.42298259183781,30
"b4.t30.p2.w86",-0.0458112280920148,-0.0876722192733447,30
"b4.t30.p2.w87",0.0634083588057254,0.0562722646310876,30
"b4.t30.p2.w88",1.57104676477227,1.55388565895399,30
"b4.t30.p2.w89",-0.0338858010041758,-0.0916704168948811,30
"b4.t30.p2.w90",0.416234599230048,0.39732740209557,30
"b4.t30.p2.w91",0.0618145565347121,0.00818690094716177,30
"b4.t30.p2.w92",1.72001348091727,1.7035626578196,30
"b4.t30.p2.w95",0.815390371394393,0.81346553399037,30
"b4.t30.p2.w96",0.262019900567983,0.23386513891208,30
"b4.t30.p2.w97",1.00574229551777,1.00070345317297,30
"b4.t30.p2.w98",1.60154666315628,1.59329832188071,30
"b4.t30.p20.w1141",1.83140194232602,1.32310277249352,30
"b4.t30.p20.w1142",0.21835302577723,0.14905544828436,30
"b4.t30.p20.w1145",1.77965051694624,1.25711749652812,30
"b4.t30.p20.w1148",-0.00288051111029206,0.00656093548651586,30
"b4.t30.p20.w1149",0.608253563160794,0.450413995796995,30
"b4.t30.p20.w1156",0.424937027438772,0.369618733635073,30
"b4.t30.p20.w1159",2.1536331281064,1.54042079839803,30
"b4.t30.p20.w1161",-0.0602218367506678,0.0177123789830346,30
"b4.t30.p20.w1163",0.214951608688724,0.223524667607614,30
"b4.t30.p20.w1165",0.509000152575815,0.469319898068655,30
"b4.t30.p20.w1166",0.515732569873975,0.409938801056824,30
"b4.t30.p20.w1168",-0.0227180900188052,-0.04602725955289,30
"b4.t30.p20.w1171",0.694073825892725,0.50145341689583,30
"b4.t30.p20.w1172",0.100615473498482,0.121189669891775,30
"b4.t30.p20.w1175",0.000678862928579601,-0.0761440327076859,30
"b4.t30.p20.w1178",0.425611495483729,0.282985803789152,30
"b4.t30.p20.w1179",-0.0494016800648391,-0.0896892293749453,30
"b4.t30.p20.w1184",-0.0453738819206159,-0.0759543803403269,30
"b4.t30.p20.w1186",0.242671343724471,0.138377835097816,30
"b4.t30.p20.w1187",0.719451567530842,0.635811339941075,30
"b4.t30.p20.w1191",0.14638209094372,0.14000964456637,30
"b4.t30.p20.w1192",-0.0526006741996802,-0.0883893605009024,30
"b4.t30.p20.w1196",0.18450470063907,0.113313661041677,30
"b4.t30.p20.w1198",2.17111977198942,1.56729772028609,30
"b4.t30.p21.w1203",-0.0490377599714325,-0.0551851913382323,30
"b4.t30.p21.w1206",0.405797753966751,0.36590771960387,30
"b4.t30.p21.w1208",0.438562652388441,0.340363804202839,30
"b4.t30.p21.w1212",0.201516093448924,0.268672776486849,30
"b4.t30.p21.w1213",1.64281311745101,1.17180491618108,30
"b4.t30.p21.w1215",0.730186615237243,0.520369451328049,30
"b4.t30.p21.w1216",-0.0541058103863753,-0.127834654273028,30
"b4.t30.p21.w1217",0.054375662189079,0.0583597107223916,30
"b4.t30.p21.w1218",-0.145166481057843,-0.0643401859054242,30
"b4.t30.p21.w1219",-0.0661747332120234,-0.107540504408861,30
"b4.t30.p21.w1220",-0.0429852779451303,0.109447230031937,30
"b4.t30.p21.w1221",0.136834806298162,0.108494541291428,30
"b4.t30.p21.w1222",-0.26333758258814,-0.0479535327996628,30
"b4.t30.p21.w1223",0.195074250134248,0.108571006677505,30
"b4.t30.p21.w1224",-0.192215090024604,0.0336711747631621,30
"b4.t30.p21.w1227",2.09725214061311,1.51007181366972,30
"b4.t30.p21.w1228",-0.0669835094700596,-0.129780685202178,30
"b4.t30.p21.w1229",0.429250545556384,0.387219049330129,30
"b4.t30.p21.w1232",0.0730800862192861,0.0985357474464304,30
"b4.t30.p21.w1235",-0.0618075156509972,-0.097636784417047,30
"b4.t30.p21.w1237",-0.0129171835596608,0.0797471133675005,30
"b4.t30.p21.w1238",1.06750711357523,0.849721497952718,30
"b4.t30.p21.w1240",2.18051759824414,1.56659678423666,30
"b4.t30.p21.w1241",1.81649308277837,1.28306231818083,30
"b4.t30.p21.w1242",-0.333802936028569,-0.063092106660052,30
"b4.t30.p21.w1245",2.24589568412709,1.58734330599182,30
"b4.t30.p21.w1252",-0.269509556184056,-0.12855178484543,30
"b4.t30.p21.w1254",-0.0213049500807095,-0.124518498796785,30
"b4.t30.p21.w1255",0.154932375075704,0.0966513391848388,30
"b4.t30.p21.w1256",-0.0106158268588904,-0.058883853224149,30
"b4.t30.p21.w1259",1.78174778241473,1.25376560713885,30
"b4.t30.p21.w1260",0.519041979788414,0.383175096848637,30
"b4.t30.p22.w1262",0.362403122603865,0.332001701451963,30
"b4.t30.p22.w1265",-0.254310651193935,-0.076094787512261,30
"b4.t30.p22.w1266",1.15356972326999,0.854645100561631,30
"b4.t30.p22.w1267",-0.0390405130901668,-0.157085662771854,30
"b4.t30.p22.w1269",0.685804926211379,0.45768709159584,30
"b4.t30.p22.w1273",-0.0522493382835323,-0.0435070770115282,30
"b4.t30.p22.w1275",-0.12229466383579,0.0832869869176446,30
"b4.t30.p22.w1276",0.206771623162277,0.158932184549049,30
"b4.t30.p22.w1278",0.0794174186437874,0.084270729684997,30
"b4.t30.p22.w1279",-0.119596635732662,0.103535534535857,30
"b4.t30.p22.w1280",-0.0643333137949101,-0.104914316935314,30
"b4.t30.p22.w1282",-0.0478369032706701,-0.108055003827306,30
"b4.t30.p22.w1283",0.186725901172413,0.132340304668502,30
"b4.t30.p22.w1284",2.13431445131799,1.52477971454148,30
"b4.t30.p22.w1287",-0.0643433031068865,-0.138726000748042,30
"b4.t30.p22.w1288",2.12190024289634,1.49280838412131,30
"b4.t30.p22.w1290",0.290293974528498,0.168112423420556,30
"b4.t30.p22.w1292",1.59627455899991,1.13976774896782,30
"b4.t30.p22.w1293",0.101715057795211,0.0667337880696184,30
"b4.t30.p22.w1295",-0.091479353802753,-0.148710662686603,30
"b4.t30.p22.w1296",-0.0549067304194307,-0.132448588603481,30
"b4.t30.p22.w1297",-0.0786842853460327,-0.147057861951345,30
"b4.t30.p22.w1298",-0.107021977284027,0.0199863072937596,30
"b4.t30.p22.w1299",1.61967071139922,1.15160199170747,30
"b4.t30.p22.w1300",0.12606283040148,0.213503750314385,30
"b4.t30.p22.w1301",-0.0645609281278263,-0.148541375415035,30
"b4.t30.p22.w1302",0.259469894435894,0.189630347745453,30
"b4.t30.p22.w1306",-0.0334855107251291,0.0523725580195181,30
"b4.t30.p22.w1307",0.15127897899358,0.197836356212442,30
"b4.t30.p22.w1310",0.2620469864107,0.183454953353849,30
"b4.t30.p22.w1311",0.148475116470213,0.0896123732316584,30
"b4.t30.p22.w1315",0.440546858180616,0.416085323450992,30
"b4.t30.p22.w1316",2.33142615227753,1.6639784742217,30
"b4.t30.p22.w1320",0.427083396812747,0.392887314695461,30
"b4.t30.p23.w1322",1.61440002831036,1.22935618835108,30
"b4.t30.p23.w1324",0.332063825156607,0.261664455240271,30
"b4.t30.p23.w1325",-0.0509005804849234,-0.0671380053671947,30
"b4.t30.p23.w1327",0.671537095128495,0.536561739562438,30
"b4.t30.p23.w1328",0.383119926889989,0.294824158563554,30
"b4.t30.p23.w1329",0.0704332129423601,0.0378432528139948,30
"b4.t30.p23.w1331",-0.0314819306070946,-0.0172757279153365,30
"b4.t30.p23.w1332",0.462694927970307,0.340590214897418,30
"b4.t30.p23.w1333",0.00956496696915756,-0.0662309232617555,30
"b4.t30.p23.w1334",0.0487781185361331,-0.000927812201340236,30
"b4.t30.p23.w1337",0.526266443665657,0.273631569239964,30
"b4.t30.p23.w1338",1.79622971622308,1.35755426479131,30
"b4.t30.p23.w1339",-0.0729441961193656,-0.0396309992539866,30
"b4.t30.p23.w1341",0.158698905951521,0.0863490140930443,30
"b4.t30.p23.w1343",1.16187297007676,0.927475779678872,30
"b4.t30.p23.w1344",0.887387761168826,0.721547118246249,30
"b4.t30.p23.w1351",0.934521491985833,0.742148085751838,30
"b4.t30.p23.w1355",0.0247423961925432,-0.0247198926838775,30
"b4.t30.p23.w1356",0.0574566532993772,0.0321072759580232,30
"b4.t30.p23.w1357",-0.0551796171062748,-0.0742994904074209,30
"b4.t30.p23.w1361",-0.0285422285348945,-0.0209596117520486,30
"b4.t30.p23.w1365",0.197799917077906,0.194525050183883,30
"b4.t30.p23.w1367",1.53812592820262,1.17800654756888,30
"b4.t30.p23.w1368",0.0140017352117997,-0.0465718423970273,30
"b4.t30.p23.w1373",-0.0528626986330501,-0.0790018389095917,30
"b4.t30.p23.w1378",0.133129113840484,0.0585652897946974,30
"b4.t30.p23.w1379",0.0501602458693412,-0.0139480012870154,30
"b4.t30.p24.w1381",1.64513335329838,1.26820144908044,30
"b4.t30.p24.w1385",0.539369061187891,0.280566168063671,30
"b4.t30.p24.w1387",0.0230633517289181,-0.0756708350736783,30
"b4.t30.p24.w1388",-0.0531548619061252,-0.0877233934782917,30
"b4.t30.p24.w1389",1.85219157917229,1.41581492925118,30
"b4.t30.p24.w1391",-0.151812187325442,-0.0522130115568934,30
"b4.t30.p24.w1392",0.119232324976995,0.0447375838916657,30
"b4.t30.p24.w1393",1.38016068188931,1.04018545127433,30
"b4.t30.p24.w1396",-0.022615301964689,-0.0459692364045292,30
"b4.t30.p24.w1397",-0.0331823999253356,-0.0626269803494359,30
"b4.t30.p24.w1399",0.859807642516578,0.700371382610995,30
"b4.t30.p24.w1402",-0.278974712907727,-0.0849134639273291,30
"b4.t30.p24.w1403",-0.0755840530750595,-0.074453606023837,30
"b4.t30.p24.w1405",0.570517238016104,0.458669215663121,30
"b4.t30.p24.w1406",1.68333149679099,1.29011841623236,30
"b4.t30.p24.w1408",0.0151149826871436,-0.0734565532219871,30
"b4.t30.p24.w1415",0.00881915946790796,-0.0826188577029384,30
"b4.t30.p24.w1416",-0.0245502230594529,-0.0538198546572927,30
"b4.t30.p24.w1419",1.6712484324674,1.27034877858866,30
"b4.t30.p24.w1421",0.0292261470961137,0.00287063859708033,30
"b4.t30.p24.w1422",0.690708766223144,0.562206893203212,30
"b4.t30.p24.w1426",0.78523728283626,0.641278358463229,30
"b4.t30.p24.w1428",1.3012786109138,0.977072344342285,30
"b4.t30.p24.w1429",0.0701323419942679,0.000627126689748051,30
"b4.t30.p24.w1432",-0.00456488543930313,-0.0110956168169639,30
"b4.t30.p24.w1435",0.598654399873876,0.484930797712138,30
"b4.t30.p24.w1437",-0.0467462329060768,-0.0206290300421672,30
"b4.t30.p24.w1438",-0.031948853517262,-0.0572121785015165,30
"b4.t30.p24.w1440",-0.00490955171940395,0.0134758519694489,30
"b4.t30.p25.w1441",0.786323256378412,0.610719308566326,30
"b4.t30.p25.w1442",0.785213686742917,0.624438654587788,30
"b4.t30.p25.w1447",1.73179677738338,1.29020903966859,30
"b4.t30.p25.w1448",-0.0219740412175542,-0.0761135437270281,30
"b4.t30.p25.w1451",-0.0721227363719836,-0.128040992355816,30
"b4.t30.p25.w1452",-0.0284617168364861,-0.0616822256086361,30
"b4.t30.p25.w1461",-0.0535502171806361,-0.111138227583376,30
"b4.t30.p25.w1462",-0.0703226054786265,-0.0758884077380979,30
"b4.t30.p25.w1464",-0.0422862455917376,-0.157841403477149,30
"b4.t30.p25.w1465",-0.256691916643669,-0.0611593745235859,30
"b4.t30.p25.w1468",0.108997649070802,0.0538025588208324,30
"b4.t30.p25.w1469",0.213247458802988,0.0768393853501311,30
"b4.t30.p25.w1470",0.0835637084777036,0.0389617836864784,30
"b4.t30.p25.w1471",1.71381157820875,1.276035462237,30
"b4.t30.p25.w1472",1.72295972951184,1.27938399509548,30
"b4.t30.p25.w1473",0.427518238946301,0.301054560526024,30
"b4.t30.p25.w1475",-0.0945134570742919,-0.0332676677363066,30
"b4.t30.p25.w1477",1.41104244805649,1.03801317333866,30
"b4.t30.p25.w1482",-0.037877948688769,-0.145835111540268,30
"b4.t30.p25.w1486",-0.0344565334043146,-0.110499944763574,30
"b4.t30.p25.w1489",0.067416649795617,0.0275711158124316,30
"b4.t30.p25.w1490",0.0546192008432732,-0.00255548825756901,30
"b4.t30.p25.w1491",-0.115867268621963,-0.0293535436092185,30
"b4.t30.p25.w1494",0.595345897613386,0.486532861013643,30
"b4.t30.p25.w1498",-0.00713957081141431,-0.0170935378365184,30
"b4.t30.p25.w1500",1.91678035192504,1.43227093685769,30
"b4.t30.p26.w1502",0.439467191325623,0.305404688903132,30
"b4.t30.p26.w1504",-0.0215012184082415,-0.0608545818362965,30
"b4.t30.p26.w1507",-0.0787920893211621,-0.126650719938595,30
"b4.t30.p26.w1509",-0.065396624242138,-0.0812638588260101,30
"b4.t30.p26.w1511",1.66094980841582,1.24089749940477,30
"b4.t30.p26.w1512",-0.0197547254902754,-0.0827768304204093,30
"b4.t30.p26.w1513",-0.0130383799206421,-0.0381619855279827,30
"b4.t30.p26.w1514",-0.417012487689865,-0.104236098735816,30
"b4.t30.p26.w1515",-0.0537938179789894,-0.0794001003331052,30
"b4.t30.p26.w1522",-0.13693190204571,-0.0381814366824681,30
"b4.t30.p26.w1524",0.558866768826409,0.414004814541652,30
"b4.t30.p26.w1526",0.137254214595054,0.122605323349766,30
"b4.t30.p26.w1527",1.58663878266859,1.18855401811344,30
"b4.t30.p26.w1528",1.1550506695485,0.844666258840343,30
"b4.t30.p26.w1529",1.84562617728343,1.36179363382524,30
"b4.t30.p26.w1532",0.623962192085221,0.338411392360634,30
"b4.t30.p26.w1534",0.433738139178418,0.366653815529268,30
"b4.t30.p26.w1535",0.0735720501719905,0.0406582238740659,30
"b4.t30.p26.w1539",0.161412924710114,0.069789480511016,30
"b4.t30.p26.w1540",-0.00457242174391711,-0.0112492872893809,30
"b4.t30.p26.w1547",1.70559447629321,1.27162535507406,30
"b4.t30.p26.w1548",0.885658934510065,0.682343799434369,30
"b4.t30.p26.w1550",1.87803085542019,1.38628464114918,30
"b4.t30.p26.w1551",0.205311724819704,0.0995603249087807,30
"b4.t30.p26.w1557",-0.0141194434776559,0.00298644638504369,30
"b4.t30.p26.w1558",-0.0717817602461679,-0.0888579363085961,30
"b4.t30.p26.w1559",-0.0595459537364667,-0.0859035177869497,30
"b4.t30.p26.w1560",0.906246732401538,0.699546885089687,30
"b4.t30.p27.w1561",-0.0321728161474423,-0.0601032258249775,30
"b4.t30.p27.w1563",0.152141765570247,0.0743789974214262,30
"b4.t30.p27.w1564",0.395694859394079,0.294381968028576,30
"b4.t30.p27.w1568",0.00863403925117043,-0.0113562118686381,30
"b4.t30.p27.w1571",-0.127324420744626,-0.00923391831048972,30
"b4.t30.p27.w1573",1.60345735866737,1.17701934435411,30
"b4.t30.p27.w1575",0.131984534478426,0.161781147503649,30
"b4.t30.p27.w1579",-0.0858570671732216,-0.106166728002812,30
"b4.t30.p27.w1582",0.00246675117062328,0.00633249294498143,30
"b4.t30.p27.w1586",0.00387501264611098,-0.0580319129200352,30
"b4.t30.p27.w1587",0.769616601185021,0.547957312698491,30
"b4.t30.p27.w1588",1.77437220134253,1.29570242226501,30
"b4.t30.p27.w1599",0.507111246665435,0.262858455981525,30
"b4.t30.p27.w1601",-0.0319791565114383,-0.02749292998859,30
"b4.t30.p27.w1602",-0.0425463036676819,-0.0107666889757518,30
"b4.t30.p27.w1603",0.218157955794456,0.0999754998315332,30
"b4.t30.p27.w1604",1.59357905524714,1.17356558851381,30
"b4.t30.p27.w1605",-0.0591783444216757,-0.0771962218552922,30
"b4.t30.p27.w1606",-0.0116567366764174,-0.00105360925802901,30
"b4.t30.p27.w1607",1.05311963355005,0.813772171261407,30
"b4.t30.p27.w1610",-0.262578195158521,-0.0755284432073826,30
"b4.t30.p27.w1613",-0.00699522208833911,-0.0405979640284114,30
"b4.t30.p27.w1615",1.53794798020347,1.12909612543314,30
"b4.t30.p27.w1617",0.134421049887654,0.0496582137903672,30
"b4.t30.p27.w1619",1.60484697800251,1.17200124983101,30
"b4.t30.p27.w1620",0.0281054739233462,-0.0391676751650951,30
"b4.t30.p28.w1621",0.292132775561593,0.269292048261848,30
"b4.t30.p28.w1622",0.01524253626425,0.00112517617133905,30
"b4.t30.p28.w1623",-0.0428133503102118,-0.0230602986797059,30
"b4.t30.p28.w1626",-0.0361799116971565,-0.0992665128702117,30
"b4.t30.p28.w1631",1.73605911110146,1.24108269098709,30
"b4.t30.p28.w1634",1.31439828799477,0.919570203286326,30
"b4.t30.p28.w1635",1.22165227860472,0.865241211854143,30
"b4.t30.p28.w1636",-0.0624001055933753,-0.0202922836883049,30
"b4.t30.p28.w1644",-0.0543072194608786,-0.0217719148739078,30
"b4.t30.p28.w1645",-0.0458708581046789,-0.101930393225892,30
"b4.t30.p28.w1649",1.1106680863946,0.845955164370221,30
"b4.t30.p28.w1650",-0.107617822976657,-0.119130884548156,30
"b4.t30.p28.w1651",0.443229662196032,0.291759078085639,30
"b4.t30.p28.w1658",0.151950774953458,0.0991179873422031,30
"b4.t30.p28.w1659",-0.0773575206745585,-0.0829091427160359,30
"b4.t30.p28.w1660",0.847001350399279,0.599477700979678,30
"b4.t30.p28.w1661",0.00325623191629202,0.00840205914443948,30
"b4.t30.p28.w1662",0.538617320254884,0.393771609720798,30
"b4.t30.p28.w1663",1.69386584045359,1.19327398320625,30
"b4.t30.p28.w1666",1.82694598840849,1.29088843987951,30
"b4.t30.p28.w1667",0.239571035615158,0.101963382281407,30
"b4.t30.p28.w1668",0.117491109220329,0.149806875095882,30
"b4.t30.p28.w1669",-0.0204311326578222,0.077928095180983,30
"b4.t30.p28.w1670",0.122692887078853,0.0524627095730313,30
"b4.t30.p28.w1671",0.65685224404622,0.452570606787671,30
"b4.t30.p28.w1673",1.58235938147518,1.11854203377066,30
"b4.t30.p28.w1680",-0.0939351535199269,-0.0467834158917142,30
"b4.t30.p29.w1682",0.0189924247830194,0.111320214475676,30
"b4.t30.p29.w1684",0.567828751350649,0.442320367192577,30
"b4.t30.p29.w1687",-0.36687933262834,-0.112347867889834,30
"b4.t30.p29.w1688",0.0312380944464782,-0.0362838950461384,30
"b4.t30.p29.w1691",1.80177898888238,1.28159098919345,30
"b4.t30.p29.w1692",0.396864985995643,0.329070039960997,30
"b4.t30.p29.w1695",0.101819462795831,0.045724450423233,30
"b4.t30.p29.w1698",0.465762999573111,0.35706489552903,30
"b4.t30.p29.w1701",1.86202000887275,1.32446326851272,30
"b4.t30.p29.w1703",0.39069714320494,0.335376066445624,30
"b4.t30.p29.w1704",0.192297084569206,0.101289952056355,30
"b4.t30.p29.w1705",1.7770241111481,1.26489660328784,30
"b4.t30.p29.w1706",1.57858094221083,1.12212761289821,30
"b4.t30.p29.w1707",1.6092705988219,1.15968376093634,30
"b4.t30.p29.w1708",-0.0932679091147947,-0.0131290973823235,30
"b4.t30.p29.w1711",1.01327586484094,0.731300034183312,30
"b4.t30.p29.w1713",0.518524726627523,0.336021434936841,30
"b4.t30.p29.w1715",0.00218416572036877,-0.0798103905065078,30
"b4.t30.p29.w1716",1.84689334800034,1.31498387774625,30
"b4.t30.p29.w1717",1.55027420295974,1.09954515203505,30
"b4.t30.p29.w1719",-0.189178623781426,0.0216421461398958,30
"b4.t30.p29.w1720",-0.170788960600293,-0.0510167914135139,30
"b4.t30.p29.w1723",0.0715020201829299,0.0206191231298025,30
"b4.t30.p29.w1725",0.0620173698174898,0.00167921617258127,30
"b4.t30.p29.w1726",1.6248938868723,1.15017691068939,30
"b4.t30.p29.w1728",-0.00715794052138026,-0.0176567463655503,30
"b4.t30.p29.w1729",-0.0512374126310098,-0.103262305949545,30
"b4.t30.p29.w1732",1.80813254418071,1.280477552408,30
"b4.t30.p29.w1739",0.128338966149202,0.0439098506743249,30
"b4.t30.p29.w1740",0.44974021294704,0.24002107352166,30
"b4.t30.p3.w121",0.0312820034006646,0.0604655227655137,30
"b4.t30.p3.w122",-0.0752551421968831,-0.159105853588511,30
"b4.t30.p3.w125",-0.209000109987942,-0.0919522251407614,30
"b4.t30.p3.w127",-0.0120407727537629,-0.0666052325129149,30
"b4.t30.p3.w131",0.239415912453979,0.208561059236595,30
"b4.t30.p3.w134",0.381717537060953,0.360316952980904,30
"b4.t30.p3.w135",1.45254335483123,1.44779890240428,30
"b4.t30.p3.w136",0.102074897302377,0.107925700961973,30
"b4.t30.p3.w137",-0.202975112598569,-0.0973653289891811,30
"b4.t30.p3.w138",0.143505106622832,0.170017360053508,30
"b4.t30.p3.w139",1.98244497597918,1.9508654293771,30
"b4.t30.p3.w140",0.15547671706426,0.130127105954946,30
"b4.t30.p3.w141",-0.0666595452250801,-0.156041173356166,30
"b4.t30.p3.w142",1.75104869289139,1.72444889965173,30
"b4.t30.p3.w143",-0.185057170764778,-0.0883961223594755,30
"b4.t30.p3.w144",-0.0812841075653516,-0.147643941283691,30
"b4.t30.p3.w146",1.41546756626902,1.37975932862683,30
"b4.t30.p3.w147",-0.0158549517609455,-0.0565789744798684,30
"b4.t30.p3.w148",1.84557801423953,1.81792001205169,30
"b4.t30.p3.w150",1.50782527765314,1.49870438081143,30
"b4.t30.p3.w152",0.621104017879286,0.590805556905981,30
"b4.t30.p3.w156",0.0141134414418352,-0.0540322273273378,30
"b4.t30.p3.w157",0.824939155824002,0.854824337179983,30
"b4.t30.p3.w158",1.34846165058616,1.29040187226028,30
"b4.t30.p3.w159",1.92395604032,1.88841325114105,30
"b4.t30.p3.w161",1.05474842105115,1.0546016055395,30
"b4.t30.p3.w163",1.27636273564373,1.22085191362198,30
"b4.t30.p3.w164",-0.134280359613545,-0.0106568297436967,30
"b4.t30.p3.w167",0.0598873294361934,0.0712959320139335,30
"b4.t30.p3.w170",0.0851555654745807,0.137077192766926,30
"b4.t30.p3.w171",1.80310777682604,1.78624244664102,30
"b4.t30.p3.w172",0.472654891828322,0.463883554216902,30
"b4.t30.p3.w173",1.77223192081151,1.74738743684815,30
"b4.t30.p3.w174",0.0873865353368383,0.141176821226311,30
"b4.t30.p3.w177",-0.00280161069338572,0.041435538716017,30
"b4.t30.p3.w179",0.807481654616148,0.791586864642596,30
"b4.t30.p3.w180",0.108195599573235,0.144161815341262,30
"b4.t30.p30.w1741",-0.333132309327639,-0.115767275423023,30
"b4.t30.p30.w1743",-0.072883008712634,-0.0872972680091612,30
"b4.t30.p30.w1744",0.00321985087221072,-0.0925678048728552,30
"b4.t30.p30.w1745",0.21263336855501,0.128538508475214,30
"b4.t30.p30.w1746",1.10472306119785,0.770411635348122,30
"b4.t30.p30.w1750",-0.057246960909524,-0.0803470146821953,30
"b4.t30.p30.w1751",1.62489808807586,1.14992639717528,30
"b4.t30.p30.w1753",-0.252201900028312,-0.0243256106527764,30
"b4.t30.p30.w1754",0.00725635216922157,0.0190895969256972,30
"b4.t30.p30.w1755",0.622410132962455,0.482039619821215,30
"b4.t30.p30.w1756",0.0226361527488557,0.0850522374187065,30
"b4.t30.p30.w1757",0.562582119505447,0.362051956502524,30
"b4.t30.p30.w1758",0.14900934226888,0.0598876364522893,30
"b4.t30.p30.w1759",1.59306787089999,1.1331703581533,30
"b4.t30.p30.w1761",0.115236355575386,0.0591068078981728,30
"b4.t30.p30.w1762",0.0910248310546264,0.0363457944240963,30
"b4.t30.p30.w1763",1.58365476546863,1.12723680118728,30
"b4.t30.p30.w1764",0.56738174269275,0.358446985253016,30
"b4.t30.p30.w1768",1.67699540933983,1.17942573725867,30
"b4.t30.p30.w1769",0.173815970675625,0.0717303520248584,30
"b4.t30.p30.w1771",-0.0173580869830173,0.0173814310699218,30
"b4.t30.p30.w1773",1.13168309364044,0.794277673373522,30
"b4.t30.p30.w1782",-0.0658207753803904,-0.0735118730825145,30
"b4.t30.p30.w1787",0.19723084091253,0.119138520772439,30
"b4.t30.p30.w1791",1.55317662681235,1.07858068959018,30
"b4.t30.p30.w1794",0.0707094834336686,0.0115322539658653,30
"b4.t30.p30.w1796",-0.123764046810764,-0.0269249260709178,30
"b4.t30.p30.w1797",-0.0495599264396823,-0.0834578148273296,30
"b4.t30.p30.w1798",1.09715746993838,0.774362262249982,30
"b4.t30.p31.w1801",0.063337944577347,0.0424645159140239,30
"b4.t30.p31.w1803",1.46601955305567,1.01844533840997,30
"b4.t30.p31.w1807",0.645169114236436,0.469371106505864,30
"b4.t30.p31.w1809",-0.141013092477678,-0.0186496037132148,30
"b4.t30.p31.w1810",-0.382160296220775,-0.11292041834838,30
"b4.t30.p31.w1812",0.0520762392778856,-0.000247436745855711,30
"b4.t30.p31.w1816",-0.320773298247147,-0.0504645829134177,30
"b4.t30.p31.w1817",-0.111671045023367,0.000639629177292906,30
"b4.t30.p31.w1819",0.378271872111792,0.208990925926491,30
"b4.t30.p31.w1827",0.51743474926297,0.269860665704059,30
"b4.t30.p31.w1828",0.0227256173496606,0.0283411629697484,30
"b4.t30.p31.w1829",0.00397796761166648,-0.132857984952017,30
"b4.t30.p31.w1830",1.5113752439893,1.0456130625673,30
"b4.t30.p31.w1831",-0.189643261739089,-0.0495662454451726,30
"b4.t30.p31.w1833",0.627701557946132,0.328108960410895,30
"b4.t30.p31.w1834",-0.027548518107242,-0.112966181760173,30
"b4.t30.p31.w1836",0.988920343914891,0.533803246195386,30
"b4.t30.p31.w1837",-0.168556633303676,-0.0448744789373307,30
"b4.t30.p31.w1838",0.779927415371575,0.561759026737511,30
"b4.t30.p31.w1846",1.10611804498739,0.776329014568883,30
"b4.t30.p31.w1848",1.21396321037469,0.907308940887031,30
"b4.t30.p31.w1851",1.24373652590856,0.938934370473145,30
"b4.t30.p31.w1852",0.45654758462178,0.235660338783193,30
"b4.t30.p31.w1854",-0.0404196239415008,-0.0754179932977368,30
"b4.t30.p31.w1855",1.80673845053676,1.26841550334516,30
"b4.t30.p31.w1856",0.681410634116424,0.484866534895595,30
"b4.t30.p31.w1857",0.0960092049891888,0.0835830849288816,30
"b4.t30.p31.w1860",0.0114039550057439,-0.0855472228511229,30
"b4.t30.p32.w1861",-0.066953592544183,-0.104751497734113,30
"b4.t30.p32.w1862",1.90888050803005,1.33033555302027,30
"b4.t30.p32.w1863",-0.0491602355418551,-0.0263638659076515,30
"b4.t30.p32.w1864",1.79950671429623,1.24425711230669,30
"b4.t30.p32.w1865",0.33754987691824,0.186504258196988,30
"b4.t30.p32.w1866",1.70413793048125,1.17193011390525,30
"b4.t30.p32.w1868",0.597799822878073,0.443349970871788,30
"b4.t30.p32.w1869",0.0438044446765095,0.0880916990362831,30
"b4.t30.p32.w1873",-0.0172368484077652,-0.00931268042484871,30
"b4.t30.p32.w1874",1.52555546085417,1.06671243838852,30
"b4.t30.p32.w1876",1.74468856633612,1.20881131259524,30
"b4.t30.p32.w1878",0.127827710436311,0.0679627940849871,30
"b4.t30.p32.w1882",-0.10309065608673,-0.0153562063917137,30
"b4.t30.p32.w1886",0.941548977892684,0.672567590450881,30
"b4.t30.p32.w1887",1.20596152778453,0.887334553655922,30
"b4.t30.p32.w1888",1.21623469940501,0.90559056897217,30
"b4.t30.p32.w1889",1.19301837683123,0.89621429184368,30
"b4.t30.p32.w1894",0.490538477000482,0.259357154909522,30
"b4.t30.p32.w1896",0.00199441139033889,-0.0141028888232127,30
"b4.t30.p32.w1898",0.182539444739825,0.201011987545896,30
"b4.t30.p32.w1901",1.61023682384942,1.12021354292879,30
"b4.t30.p32.w1902",-0.0366806327945806,0.00185878853675318,30
"b4.t30.p32.w1903",1.52868389503038,1.06381536325394,30
"b4.t30.p32.w1904",0.57292023291671,0.304682470671696,30
"b4.t30.p32.w1908",1.73690956211072,1.2078823963558,30
"b4.t30.p32.w1910",0.291768653620854,0.274396942108258,30
"b4.t30.p32.w1911",0.133110642649022,0.0522945221176613,30
"b4.t30.p32.w1912",-0.0891220235920703,-0.0964439718175291,30
"b4.t30.p32.w1915",-0.04419279007621,-0.123849432376714,30
"b4.t30.p32.w1916",0.712635920455893,0.519985965723911,30
"b4.t30.p32.w1920",-0.0298517931666088,-0.0292246170916037,30
"b4.t30.p4.w183",-0.0640836584774092,0.0204449731290377,30
"b4.t30.p4.w185",2.23588369361708,2.11266572396573,30
"b4.t30.p4.w186",-0.11018744885845,-0.0918951925588291,30
"b4.t30.p4.w187",1.07717000094267,1.04758100449642,30
"b4.t30.p4.w188",2.0164793276764,1.91323251882321,30
"b4.t30.p4.w190",0.6652339017458,0.651107307719493,30
"b4.t30.p4.w192",0.200492237360734,0.193931561604223,30
"b4.t30.p4.w193",-0.034956040668727,-0.103797382214347,30
"b4.t30.p4.w194",-0.335006760959369,-0.119791969490721,30
"b4.t30.p4.w195",1.24536869484296,1.18579577211737,30
"b4.t30.p4.w197",0.284529218688918,0.256510557230425,30
"b4.t30.p4.w201",-0.0693518474136185,-0.0488483480335927,30
"b4.t30.p4.w202",0.746186557735169,0.712492293250092,30
"b4.t30.p4.w203",0.00910255773709343,-0.0201619212057428,30
"b4.t30.p4.w205",-0.193078039607607,-0.0719389025682114,30
"b4.t30.p4.w206",0.234465036772626,0.33572669291051,30
"b4.t30.p4.w207",0.107775944978217,0.0907863240958466,30
"b4.t30.p4.w209",0.554344530770344,0.52735705625205,30
"b4.t30.p4.w210",-0.145014481156526,-0.0725401427055216,30
"b4.t30.p4.w212",0.0152136578488253,0.0307108759789662,30
"b4.t30.p4.w214",2.05008746767337,1.94732567739563,30
"b4.t30.p4.w215",1.72954119051981,1.62091421550765,30
"b4.t30.p4.w216",-0.0178342438689911,-0.0496870504128802,30
"b4.t30.p4.w217",0.443468031264173,0.385499779965785,30
"b4.t30.p4.w218",1.834264933394,1.72914309508045,30
"b4.t30.p4.w219",-0.0168124341841578,-0.00827860973712126,30
"b4.t30.p4.w220",1.20238544315532,1.13240266018891,30
"b4.t30.p4.w221",0.819544552264309,0.819871251903252,30
"b4.t30.p4.w224",0.180650754001051,0.145360159834686,30
"b4.t30.p4.w225",-0.0237265086974212,-0.0789781449386968,30
"b4.t30.p4.w226",-0.0341761748509745,-0.0166660397075701,30
"b4.t30.p4.w227",0.481464782733789,0.349716804757939,30
"b4.t30.p4.w228",-0.0605325626545066,-0.091878088274104,30
"b4.t30.p4.w230",-0.0676666302224753,0.00326739690459397,30
"b4.t30.p4.w231",0.207406249192377,0.159518189728472,30
"b4.t30.p4.w233",-0.0779005532012132,-0.135705534065153,30
"b4.t30.p4.w237",-0.0228115525321667,-0.0343794574714004,30
"b4.t30.p5.w241",1.75637399036346,1.66696961917619,30
"b4.t30.p5.w242",1.60395937278666,1.52158548567703,30
"b4.t30.p5.w243",-0.0896336084912035,-0.13764910795949,30
"b4.t30.p5.w244",-0.024488436750891,0.0100375045636378,30
"b4.t30.p5.w246",-0.0408342685757989,-0.117076225626857,30
"b4.t30.p5.w248",1.60554792384199,1.54977489464538,30
"b4.t30.p5.w252",-0.0686019648644943,-0.113866348849311,30
"b4.t30.p5.w253",1.97446903741158,1.87726328897227,30
"b4.t30.p5.w254",1.85934270514971,1.76437809012765,30
"b4.t30.p5.w256",0.469198668829973,0.437355716285887,30
"b4.t30.p5.w258",1.54615702074797,1.47166143234535,30
"b4.t30.p5.w259",0.271864473838353,0.172597868600641,30
"b4.t30.p5.w260",1.64521068683348,1.53614416328208,30
"b4.t30.p5.w261",0.0628778980419443,-0.0103398716420974,30
"b4.t30.p5.w262",1.25650030391374,1.16351331798925,30
"b4.t30.p5.w266",0.957348036083941,0.950442112077416,30
"b4.t30.p5.w267",0.230979239164733,0.228934878578898,30
"b4.t30.p5.w271",1.17614618004001,1.0935947487512,30
"b4.t30.p5.w273",1.34375423894849,1.29595770770787,30
"b4.t30.p5.w275",0.213913324922063,0.227905724993053,30
"b4.t30.p5.w276",1.62800141120468,1.54526396249919,30
"b4.t30.p5.w280",0.195321456089877,0.133621259672786,30
"b4.t30.p5.w281",1.2237224312125,1.13609224090995,30
"b4.t30.p5.w283",0.153682984288117,0.164284373783864,30
"b4.t30.p5.w284",1.5301148641806,1.46515743456923,30
"b4.t30.p5.w286",-0.0226079991697888,-0.0152208118079831,30
"b4.t30.p5.w288",1.78002712661907,1.6964683538146,30
"b4.t30.p5.w290",0.521401209630002,0.351535819808093,30
"b4.t30.p5.w291",-0.0638014633867222,-0.134840166306847,30
"b4.t30.p5.w292",1.38451286137898,1.30635129912037,30
"b4.t30.p5.w294",1.67970178296445,1.58277514498154,30
"b4.t30.p5.w295",1.13083551272944,1.07551038303799,30
"b4.t30.p5.w297",1.53087564100022,1.44963241832925,30
"b4.t30.p5.w299",1.819564373224,1.72298597688812,30
"b4.t30.p5.w300",1.56181830900696,1.47089492362113,30
"b4.t30.p6.w302",0.203725143962104,0.162995498520029,30
"b4.t30.p6.w303",1.54031222875094,1.45713922553151,30
"b4.t30.p6.w305",-0.0551775379990375,-0.116099435563589,30
"b4.t30.p6.w306",1.03589990723079,0.988315502260833,30
"b4.t30.p6.w310",-0.0760907385239894,-0.135482862945462,30
"b4.t30.p6.w311",-0.0498169438177048,-0.0331881694282577,30
"b4.t30.p6.w313",-0.0309143698501098,-0.0502811587538022,30
"b4.t30.p6.w314",0.197223428016694,0.148338849925871,30
"b4.t30.p6.w316",0.273049567561608,0.234393855833848,30
"b4.t30.p6.w318",0.385396657342845,0.331185099368565,30
"b4.t30.p6.w319",0.202260692335398,0.110815716206453,30
"b4.t30.p6.w327",0.247175273591744,0.238796866399632,30
"b4.t30.p6.w328",1.27681927210513,1.19438389540093,30
"b4.t30.p6.w329",1.46916898711301,1.37469955703539,30
"b4.t30.p6.w331",-0.0725897504785006,-0.0985943130864052,30
"b4.t30.p6.w334",-0.345336753380298,-0.147267040792313,30
"b4.t30.p6.w335",0.15165315466883,0.195284274252579,30
"b4.t30.p6.w336",-0.0763338918913077,-0.155139868662035,30
"b4.t30.p6.w337",0.754980430462926,0.702657787741592,30
"b4.t30.p6.w338",-0.0878588250874445,-0.156696076310247,30
"b4.t30.p6.w339",0.553783006423942,0.530881392200932,30
"b4.t30.p6.w340",-0.0764783704588385,-0.129600836776978,30
"b4.t30.p6.w341",0.0743024173011555,0.0806841528021021,30
"b4.t30.p6.w344",-0.0975208004956885,-0.153947533176637,30
"b4.t30.p6.w345",0.260423395751387,0.334464609631249,30
"b4.t30.p6.w346",1.73040774149656,1.6576224355962,30
"b4.t30.p6.w347",0.318727368250183,0.355733183590804,30
"b4.t30.p6.w349",0.167259703753837,0.260356200580069,30
"b4.t30.p6.w351",1.6527853819804,1.53178642241366,30
"b4.t30.p6.w352",0.0410011327876022,0.0421104857367773,30
"b4.t30.p6.w354",0.160590672856208,0.119940142615014,30
"b4.t30.p6.w355",0.142946384662035,0.146806347884134,30
"b4.t30.p6.w359",-0.0197397408965904,-0.0579680569322856,30
"b4.t30.p7.w361",0.0461709282292367,0.080619981248543,30
"b4.t30.p7.w362",-0.122061839800583,-0.0563266154100512,30
"b4.t30.p7.w363",1.68398001232288,1.52614435286383,30
"b4.t30.p7.w365",1.40190705090351,1.2785375202415,30
"b4.t30.p7.w367",0.195174855815782,0.330992146018892,30
"b4.t30.p7.w368",0.101133276392281,0.0329047523543557,30
"b4.t30.p7.w369",-0.271840916753427,-0.15973794586249,30
"b4.t30.p7.w370",1.5071319273282,1.36147853620335,30
"b4.t30.p7.w371",-0.0688641618670862,-0.087754181271677,30
"b4.t30.p7.w372",0.0574521058194883,0.0919705803700401,30
"b4.t30.p7.w375",0.027326075237337,-0.0605943607941374,30
"b4.t30.p7.w376",0.275055573936951,0.207632264582825,30
"b4.t30.p7.w379",-0.103658280539305,0.0710310429706026,30
"b4.t30.p7.w382",-0.0390593127024997,0.0157768947980856,30
"b4.t30.p7.w384",-0.0509464282072271,-0.0164347767604589,30
"b4.t30.p7.w387",-0.106542081019569,-0.133116492132371,30
"b4.t30.p7.w388",1.49832179662435,1.34955518672285,30
"b4.t30.p7.w389",0.613412774125859,0.570835342736318,30
"b4.t30.p7.w391",0.0924242547974113,0.0418449522426654,30
"b4.t30.p7.w392",0.0528652211394049,0.0700050616601795,30
"b4.t30.p7.w394",-0.0457285138890737,-0.0840201351743432,30
"b4.t30.p7.w396",0.48337655758663,0.437623281706172,30
"b4.t30.p7.w398",-0.0915773492042928,-0.118109412977426,30
"b4.t30.p7.w400",-0.0658207773555822,-0.118998551016922,30
"b4.t30.p7.w404",1.29679326143968,1.14210909500073,30
"b4.t30.p7.w405",1.44129864440383,1.30133260467512,30
"b4.t30.p7.w406",1.15869834229577,1.01088954381725,30
"b4.t30.p7.w407",1.45964548531738,1.2703576802231,30
"b4.t30.p7.w408",0.32427275220786,0.250366847291849,30
"b4.t30.p7.w409",1.58443852235677,1.38179288447268,30
"b4.t30.p7.w410",-0.0248302849418205,0.164118082140102,30
"b4.t30.p7.w412",1.61312424549096,1.44035299998269,30
"b4.t30.p7.w414",0.1250316000181,0.0880490180545765,30
"b4.t30.p7.w419",0.607400303795222,0.621867109449446,30
"b4.t30.p8.w421",-0.0870246462878738,-0.135683307629841,30
"b4.t30.p8.w422",0.391736890497143,0.295359219147795,30
"b4.t30.p8.w423",1.22968349135044,1.0987503256479,30
"b4.t30.p8.w424",0.0201825574048683,-0.03671137569028,30
"b4.t30.p8.w425",0.549464454660302,0.594150597980313,30
"b4.t30.p8.w430",-0.0606344750646101,-0.167600914038418,30
"b4.t30.p8.w431",-0.078437671130741,-0.0464777214291629,30
"b4.t30.p8.w434",0.389815652464445,0.317994702812008,30
"b4.t30.p8.w436",0.395736471134943,0.462426526828486,30
"b4.t30.p8.w437",1.64425979203745,1.40914692779133,30
"b4.t30.p8.w438",-0.0739251491714022,-0.0487127949256639,30
"b4.t30.p8.w439",1.51403862354408,1.30223916114285,30
"b4.t30.p8.w441",0.335710428268898,0.295033951755122,30
"b4.t30.p8.w444",0.0320299524730816,0.0282652794936231,30
"b4.t30.p8.w445",-0.279294558233347,-0.124178395790622,30
"b4.t30.p8.w450",-0.0892367352020619,-0.0114431436438994,30
"b4.t30.p8.w451",1.52935926345421,1.32696261836202,30
"b4.t30.p8.w453",-0.0369714462661053,-0.0271867044659007,30
"b4.t30.p8.w454",0.436395286431383,0.543694475485867,30
"b4.t30.p8.w456",1.54664960184161,1.41329730696003,30
"b4.t30.p8.w457",-0.0476018919958202,-0.15698954009883,30
"b4.t30.p8.w458",0.5173808568241,0.54958894230003,30
"b4.t30.p8.w461",-0.0150655214079026,-0.0337952824457027,30
"b4.t30.p8.w462",1.51556265419755,1.30842175228088,30
"b4.t30.p8.w463",-0.0309123337539473,0.0315233721031411,30
"b4.t30.p8.w465",-0.192938817063134,-0.0627423553586789,30
"b4.t30.p8.w466",-0.053543121219628,-0.0773365229454013,30
"b4.t30.p8.w468",0.20366340306175,0.136435396587172,30
"b4.t30.p8.w472",-0.06119363403218,-0.100960470284535,30
"b4.t30.p8.w473",1.18815528516732,1.08403538766879,30
"b4.t30.p8.w475",1.6407713680971,1.49328575124931,30
"b4.t30.p8.w476",1.72983534257307,1.50434844205434,30
"b4.t30.p8.w477",0.0108774872044813,-0.0399223653111399,30
"b4.t30.p8.w479",0.149641320959119,0.289254080868593,30
"b4.t30.p8.w480",0.135099642522264,0.231657752720668,30
"b4.t30.p9.w482",1.040176853243,0.888656790606722,30
"b4.t30.p9.w484",-0.446420027477133,-0.217859553367062,30
"b4.t30.p9.w485",0.0178625959140319,-0.0604013465541978,30
"b4.t30.p9.w486",-0.0178781073506926,0.262087276288563,30
"b4.t30.p9.w487",0.432054154482307,0.325446025070056,30
"b4.t30.p9.w489",0.0336535393630802,0.00554016974084388,30
"b4.t30.p9.w491",-0.137302852016963,0.129606013327891,30
"b4.t30.p9.w492",0.626345976843881,0.658661657026333,30
"b4.t30.p9.w493",0.431829262327054,0.321722555035052,30
"b4.t30.p9.w494",-0.429821298559949,-0.209262455984295,30
"b4.t30.p9.w495",0.0933058150329998,0.0645368451007855,30
"b4.t30.p9.w496",1.53310662719751,1.44893519922841,30
"b4.t30.p9.w497",-0.0469679906262338,-0.0931261200280695,30
"b4.t30.p9.w499",1.56249888353885,1.45338264044532,30
"b4.t30.p9.w500",0.284977780969155,0.211697264272021,30
"b4.t30.p9.w501",1.44372914183751,1.27631901920083,30
"b4.t30.p9.w503",1.47610219832684,1.32730210714132,30
"b4.t30.p9.w504",-0.293262606538084,-0.183176934936432,30
"b4.t30.p9.w510",0.232259037223496,0.198846202313022,30
"b4.t30.p9.w511",0.224222492574678,0.17182630106843,30
"b4.t30.p9.w513",1.6679570731402,1.21380322117411,30
"b4.t30.p9.w516",0.0726334475934718,0.146259017888155,30
"b4.t30.p9.w517",1.02853910238682,0.725195377433719,30
"b4.t30.p9.w518",0.936302155287139,0.834501371796968,30
"b4.t30.p9.w519",1.31530215270282,1.19389063950252,30
"b4.t30.p9.w520",-0.114070926224337,-0.15711144024704,30
"b4.t30.p9.w524",0.00815584132867208,0.03274218281169,30
"b4.t30.p9.w527",-0.0164536877572901,-0.0586378510184012,30
"b4.t30.p9.w529",-0.0589646291423824,-0.0807221466015425,30
"b4.t30.p9.w532",1.5339771232116,1.41159027666047,30
"b4.t30.p9.w534",1.53900671028495,1.3668438983034,30
"b4.t30.p9.w535",-0.0183140057613979,-0.0160455459526621,30
"b4.t30.p9.w536",0.193963340403886,0.17423077505739,30
"b4.t30.p9.w537",-0.222671592832666,-0.103365721684817,30
"b4.t30.p9.w538",0.325863367964876,0.255123977233013,30
"b4.t30.p9.w540",-0.0114678685985655,0.1127021567571,30
"b4.t33.p1.w10",1.8171865584013,1.83084183428648,33
"b4.t33.p1.w15",1.78978432233948,1.79447738889037,33
"b4.t33.p1.w17",2.12918102996475,2.16935673541341,33
"b4.t33.p1.w18",1.7109547022878,1.71231099771833,33
"b4.t33.p1.w19",1.85756463076692,1.85569939417053,33
"b4.t33.p1.w2",1.78523828201019,1.79889579985625,33
"b4.t33.p1.w20",1.72793937387403,1.72910628282831,33
"b4.t33.p1.w22",1.6849212350535,1.68769217792577,33
"b4.t33.p1.w26",1.65691344668471,1.65560461389479,33
"b4.t33.p1.w29",1.89020073927366,1.91149994894372,33
"b4.t33.p1.w3",2.08561424223864,2.09759157258011,33
"b4.t33.p1.w30",1.69025219191377,1.69418698926694,33
"b4.t33.p1.w31",1.66283803606084,1.68340124567806,33
"b4.t33.p1.w33",1.85016486328558,1.85618085763231,33
"b4.t33.p1.w34",1.79205442700365,1.8014255520143,33
"b4.t33.p1.w36",2.17773024786345,2.21433081000686,33
"b4.t33.p1.w38",2.17810888318083,2.19380482280461,33
"b4.t33.p1.w4",1.83189984833222,1.82781377239564,33
"b4.t33.p1.w40",1.73321347446836,1.75539814160049,33
"b4.t33.p1.w42",1.80573028370369,1.8142355042065,33
"b4.t33.p1.w46",1.82800173677682,1.84411803193003,33
"b4.t33.p1.w47",1.74857290267938,1.75949024917167,33
"b4.t33.p1.w54",2.40167167346544,2.37922274500594,33
"b4.t33.p1.w57",2.04400809813722,2.07604407939814,33
"b4.t33.p1.w7",1.79478101583618,1.79733805727215,33
"b4.t33.p1.w9",1.81504038189755,1.82500943892902,33
"b4.t33.p2.w100",1.86493937460462,1.87195813128206,33
"b4.t33.p2.w103",1.70763444221748,1.69568099753602,33
"b4.t33.p2.w105",1.91259940199893,1.91384298891406,33
"b4.t33.p2.w106",1.90265626800425,1.89424281185106,33
"b4.t33.p2.w107",1.73558438433663,1.73563069462409,33
"b4.t33.p2.w108",1.79164657706115,1.79204202042132,33
"b4.t33.p2.w113",1.67895691849384,1.68404865830125,33
"b4.t33.p2.w61",1.74675975256569,1.74464565789964,33
"b4.t33.p2.w62",1.57524011444373,1.57159029518805,33
"b4.t33.p2.w64",1.79221129864622,1.79748007700133,33
"b4.t33.p2.w65",1.91146293549693,1.9100755821864,33
"b4.t33.p2.w68",2.03050948669229,2.02092573245902,33
"b4.t33.p2.w69",1.84313987457663,1.83843173935795,33
"b4.t33.p2.w70",1.98472942913102,1.97475635976867,33
"b4.t33.p2.w72",1.88330323401432,1.87064616649709,33
"b4.t33.p2.w73",1.86608170798064,1.87216978779985,33
"b4.t33.p2.w75",1.83055843766181,1.82249069710154,33
"b4.t33.p2.w80",1.82838990975285,1.82668352420789,33
"b4.t33.p2.w81",1.75404374022868,1.75782235477232,33
"b4.t33.p2.w83",1.76815509264005,1.75355913146287,33
"b4.t33.p2.w86",1.88100747529929,1.87911608560882,33
"b4.t33.p2.w91",1.62588490417277,1.6302404747389,33
"b4.t33.p2.w92",1.71565404562705,1.70749377277558,33
"b4.t33.p2.w95",1.84361998456797,1.8445847934386,33
"b4.t33.p2.w99",2.03873637369484,2.04262723910402,33
"b4.t35.p1.w1",1.98287785825231,1.99230124519071,35
"b4.t35.p1.w10",1.81110426446363,1.81840829934383,35
"b4.t35.p1.w11",1.69837090843522,1.6914025419305,35
"b4.t35.p1.w16",1.68509560698539,1.68951818658639,35
"b4.t35.p1.w17",1.90081776435622,1.91488594017655,35
"b4.t35.p1.w19",1.92971894309145,1.94588555632693,35
"b4.t35.p1.w2",1.75323939363312,1.75671940660531,35
"b4.t35.p1.w22",1.81359581583963,1.80275133269508,35
"b4.t35.p1.w25",1.5749985197137,1.57097526906751,35
"b4.t35.p1.w27",1.55447046621008,1.5482379450632,35
"b4.t35.p1.w3",1.77526649202069,1.78046436891323,35
"b4.t35.p1.w32",1.9200362706596,1.91052593266253,35
"b4.t35.p1.w35",1.94927260020212,1.9441342117378,35
"b4.t35.p1.w37",2.07002073106888,2.06482443086359,35
"b4.t35.p1.w38",1.73192935634662,1.73847222543863,35
"b4.t35.p1.w4",1.92348854285206,1.91487369248079,35
"b4.t35.p1.w47",1.73827049094409,1.73917902496673,35
"b4.t35.p1.w49",1.8793618403845,1.88199579051559,35
"b4.t35.p1.w5",1.80633577847491,1.80609164032657,35
"b4.t35.p1.w55",1.80000256677337,1.80612365148727,35
"b4.t35.p1.w60",1.71442517361261,1.73039741032427,35
"b4.t35.p1.w7",1.74984767562493,1.76000221404967,35
"b4.t35.p1.w8",1.71586298275724,1.71529146797228,35
"b4.t35.p1.w9",1.7535861666719,1.75586654284894,35
"b4.t35.p2.w100",1.95758359288128,1.96209674016946,35
"b4.t35.p2.w101",1.75083928419484,1.7477115658883,35
"b4.t35.p2.w103",1.6672334252131,1.66117564996175,35
"b4.t35.p2.w104",1.76353273480768,1.75612894265132,35
"b4.t35.p2.w111",1.73682748383264,1.73487943472415,35
"b4.t35.p2.w114",1.70887935810775,1.71036688429522,35
"b4.t35.p2.w115",1.75525022072294,1.75622114648263,35
"b4.t35.p2.w117",1.69183905703166,1.70523473672173,35
"b4.t35.p2.w119",1.65212456745746,1.65293328746256,35
"b4.t35.p2.w120",1.7488479612443,1.75125312240154,35
"b4.t35.p2.w62",1.90780297714824,1.91599979159741,35
"b4.t35.p2.w63",1.72083710982693,1.71902966704397,35
"b4.t35.p2.w66",1.72130552427973,1.7240523664584,35
"b4.t35.p2.w72",1.77764096875443,1.77969414391844,35
"b4.t35.p2.w73",1.63576692352695,1.63741496015059,35
"b4.t35.p2.w74",1.65612088034982,1.65298317402006,35
"b4.t35.p2.w77",1.88224794951754,1.88503925063422,35
"b4.t35.p2.w78",1.73728424400044,1.74286984141836,35
"b4.t35.p2.w79",1.97847119805368,1.98160537648321,35
"b4.t35.p2.w82",1.81307986096254,1.80082654970632,35
"b4.t35.p2.w84",1.702089060842,1.70077449981217,35
"b4.t35.p2.w87",1.71166163795442,1.71890484094604,35
"b4.t35.p2.w88",1.56452606007156,1.56233593825096,35
"b4.t35.p2.w89",1.7908682703985,1.78668109752202,35
"b4.t35.p2.w94",1.75373865259371,1.74369769554718,35
"b4.t35.p2.w96",1.58364368291574,1.58107747964253,35
"b4.t35.p2.w97",1.53229682052004,1.52990850692366,35
"b4.t39.p1.w11",0.351519289301326,0.238917122113141,39
"b4.t39.p1.w14",0.544056269720503,0.536206746159631,39
"b4.t39.p1.w17",0.395119326767342,0.374008857586401,39
"b4.t39.p1.w18",0.593348246203834,0.585596537769675,39
"b4.t39.p1.w20",0.567867396410449,0.559182241169991,39
"b4.t39.p1.w22",0.529101505400788,0.528934146085937,39
"b4.t39.p1.w25",0.476978706425492,0.465750614206708,39
"b4.t39.p1.w26",0.818244891529482,0.818436141657807,39
"b4.t39.p1.w27",0.927327624711873,0.929851198846596,39
"b4.t39.p1.w28",0.650328532131847,0.644778570179459,39
"b4.t39.p1.w29",0.594394400203538,0.584287708121972,39
"b4.t39.p1.w3",0.532018455951704,0.522523377992344,39
"b4.t39.p1.w31",0.43030103880328,0.4207448048662,39
"b4.t39.p1.w32",0.690440183926804,0.683619854236392,39
"b4.t39.p1.w35",0.916620170807077,0.915076147362873,39
"b4.t39.p1.w36",0.529840989288645,0.518700060170334,39
"b4.t39.p1.w39",0.725163206253743,0.718642733703558,39
"b4.t39.p1.w40",0.763110540589273,0.756039120492759,39
"b4.t39.p1.w42",0.633891884304022,0.631984192329528,39
"b4.t39.p1.w48",0.766470567597877,0.762200154897298,39
"b4.t39.p1.w49",0.906603943153475,0.904771572300039,39
"b4.t39.p1.w50",0.507052764884942,0.504736027096339,39
"b4.t39.p1.w55",0.652126407579722,0.642000473813326,39
"b4.t39.p1.w57",0.56302944837983,0.534323089383296,39
"b4.t39.p1.w58",0.611314648305718,0.576721392590755,39
"b4.t39.p1.w59",0.331053609787832,0.34593716114364,39
"b4.t39.p1.w6",0.466901347133819,0.46313493216919,39
"b4.t39.p2.w100",0.562627439959116,0.558961450677996,39
"b4.t39.p2.w101",0.420510213261564,0.402157148408118,39
"b4.t39.p2.w102",0.308438972617579,0.284211837011253,39
"b4.t39.p2.w104",0.41690070557999,0.411379346823504,39
"b4.t39.p2.w107",0.542335937829463,0.547077139925066,39
"b4.t39.p2.w112",0.636595208633085,0.632988446108329,39
"b4.t39.p2.w114",0.464882481318134,0.453814611918218,39
"b4.t39.p2.w117",0.363651046886064,0.362805934324441,39
"b4.t39.p2.w118",0.755103974526261,0.756865300431503,39
"b4.t39.p2.w63",0.654969990653291,0.654783063274901,39
"b4.t39.p2.w64",0.279993673512125,0.269223519383961,39
"b4.t39.p2.w69",0.747360546315039,0.742042337816127,39
"b4.t39.p2.w70",0.714195598570066,0.712188046235308,39
"b4.t39.p2.w71",0.688098108617781,0.681172109894061,39
"b4.t39.p2.w72",0.666850599911313,0.666076571923779,39
"b4.t39.p2.w74",0.726534402658713,0.724404107980239,39
"b4.t39.p2.w86",0.654627251668708,0.644744259887617,39
"b4.t39.p2.w88",0.497538250910813,0.508831670711945,39
"b4.t39.p2.w90",0.440272051780485,0.421647014720927,39
"b4.t39.p2.w92",0.61819083268476,0.620066894357207,39
"b4.t39.p2.w94",0.652615522104427,0.650087948768209,39
"b4.t39.p2.w95",0.814736317121216,0.817921102621524,39
"b4.t39.p2.w96",0.581374830696588,0.577080357359996,39
"b4.t39.p2.w99",0.658057961621362,0.653491317833424,39
"b4.t43.p1.w10",-0.0587922193059576,-0.114879806477309,43
"b4.t43.p1.w13",-0.0703689160679466,-0.114071411167858,43
"b4.t43.p1.w19",-0.0697919000052334,-0.0953791515451571,43
"b4.t43.p1.w20",-0.0963569543033059,-0.119221065755141,43
"b4.t43.p1.w21",-0.0557646634177199,-0.0797530788494405,43
"b4.t43.p1.w23",-0.120977796010915,-0.175034932728267,43
"b4.t43.p1.w24",-0.0333196405702474,-0.113244531446391,43
"b4.t43.p1.w25",-0.10740092130436,-0.19091981254545,43
"b4.t43.p1.w29",-0.0518901051426637,-0.177486349627066,43
"b4.t43.p1.w36",-0.112212916998513,-0.177567117912189,43
"b4.t43.p1.w40",-0.0998225248499336,-0.15193660048251,43
"b4.t43.p1.w42",-0.0946284989658975,-0.149740884148859,43
"b4.t43.p1.w43",-0.0894744118898476,-0.216895479080004,43
"b4.t43.p1.w44",-0.118481151888229,-0.232386148665245,43
"b4.t43.p1.w46",-0.102465017424672,-0.174917695239802,43
"b4.t43.p1.w51",-0.145517031166897,-0.221324382624413,43
"b4.t43.p1.w52",-0.176743917641971,-0.209296200776403,43
"b4.t43.p1.w53",-0.132606379012467,-0.224138797601603,43
"b4.t43.p1.w8",-0.0252754222419342,-0.15476558636914,43
"b4.t43.p1.w9",-0.058928771355882,-0.121485673786856,43
"b4.t43.p2.w100",-0.076690689170257,-0.0736636497193794,43
"b4.t43.p2.w102",0.197809614456759,0.142081647037046,43
"b4.t43.p2.w103",-3.59705443747518e-16,0,43
"b4.t43.p2.w107",-0.441534309673716,-0.125220568498795,43
"b4.t43.p2.w112",-0.0658870894114998,-0.0848988424258675,43
"b4.t43.p2.w115",-0.0464893983970056,-0.0790041746409652,43
"b4.t43.p2.w116",-0.0346536427105169,-0.0276123103473948,43
"b4.t43.p2.w117",-0.0314589145484838,-0.0693815348640519,43
"b4.t43.p2.w120",-0.0125038762545948,-0.0550405079335193,43
"b4.t43.p2.w61",-0.00139891035320915,-0.0564042727205677,43
"b4.t43.p2.w63",-0.0866369215658142,-0.0346236805868759,43
"b4.t43.p2.w64",-0.0348560050589848,-0.0565276680850448,43
"b4.t43.p2.w66",-0.0908741092112095,-0.0964475995381388,43
"b4.t43.p2.w71",-0.114302127056968,-0.16401233991974,43
"b4.t43.p2.w75",-0.0586807378907319,-0.108391352655616,43
"b4.t43.p2.w76",-0.0974979182485183,-0.109649771817738,43
"b4.t43.p2.w77",-0.0341263807322973,-0.0659514791274601,43
"b4.t43.p2.w79",-0.458880572325354,-0.108196828353543,43
"b4.t43.p2.w80",-0.0334260076092836,-0.128586460503282,43
"b4.t43.p2.w82",-0.035097763140105,-0.0726070037240975,43
"b4.t43.p2.w84",-0.0342729639293635,-0.102088519056692,43
"b4.t43.p2.w87",-0.0877341673026354,-0.118743515560764,43
"b4.t43.p2.w88",-0.0376673628670307,-0.067649988776904,43
"b4.t43.p2.w89",-0.0612633816320109,-0.0696687638597126,43
"b4.t43.p2.w90",-0.0258076086392667,-0.0842086202523459,43
"b4.t43.p2.w92",0.0196178899114839,0.064226865488647,43
"b4.t43.p2.w95",-0.0472353645805608,-0.0728133028774705,43
"b4.t43.p2.w96",-0.045589646711868,-0.165866775639682,43
"b4.t43.p2.w97",-7.19410887495036e-16,0,43
"b4.t43.p2.w98",0.0239170840093403,0.0499624220638687,43
"b4.t43.p2.w99",-0.0518837348487201,-0.094854672342272,43
"b4.t8.p1.w1",-0.0450498313626954,-0.0435842180052494,8
"b4.t8.p1.w11",0.0319879453232593,0.0374757928643361,8
"b4.t8.p1.w14",-0.0206591332599286,-0.0355334643368282,8
"b4.t8.p1.w15",0.149502745041048,0.0757713545584007,8
"b4.t8.p1.w18",-0.0330002934937079,-0.076250400139642,8
"b4.t8.p1.w21",-0.0175796851551163,-0.0357107624422228,8
"b4.t8.p1.w23",0.285590321296877,0.248229657063248,8
"b4.t8.p1.w25",-0.0115634897197998,-0.0450664111599755,8
"b4.t8.p1.w28",0,0,8
"b4.t8.p1.w31",0.0162575375371889,-0.0277722419916783,8
"b4.t8.p1.w32",0.304237095441408,0.247436343070187,8
"b4.t8.p1.w34",0.0212136246105936,-0.0340153129519715,8
"b4.t8.p1.w38",0.0191147817981912,-0.0323353696420355,8
"b4.t8.p1.w39",0.0668416672740053,0.0496572355015156,8
"b4.t8.p1.w4",-0.0167506654399526,-0.0803505615299668,8
"b4.t8.p1.w41",-0.00539927680048347,0.00990150968923885,8
"b4.t8.p1.w45",0.283413092555755,0.234050603813152,8
"b4.t8.p1.w46",0.134717927003634,0.0713575554319384,8
"b4.t8.p1.w47",0.278359250185667,0.236504998015449,8
"b4.t8.p1.w48",0.034847946655546,0.0140563222969617,8
"b4.t8.p1.w49",0.0772675762617584,0.0319332190680259,8
"b4.t8.p1.w5",0.287610420291972,0.236538618002862,8
"b4.t8.p1.w51",-0.0414773799118613,-0.0594436258780456,8
"b4.t8.p1.w55",0.217614666343365,0.136742658043819,8
"b4.t8.p1.w56",0.268563755673892,0.239922058918075,8
"b4.t8.p1.w57",0.290168726108541,0.243394952123209,8
"b4.t8.p1.w9",-0.0300641765863611,-0.0434219171587477,8
"b4.t8.p2.w100",0.0294015041490123,0.0507498627946664,8
"b4.t8.p2.w103",0.0424890962532966,-0.00315563437695858,8
"b4.t8.p2.w104",0.0196584741963306,0.0697724915426333,8
"b4.t8.p2.w105",0.2941543314046,0.256425303373153,8
"b4.t8.p2.w107",-0.125311330234593,0.0209915449679909,8
"b4.t8.p2.w112",-0.0407927261762026,-0.0709135336209123,8
"b4.t8.p2.w113",0.0372246335478636,-0.0331194711056238,8
"b4.t8.p2.w115",0.3305593360711,0.26712501038554,8
"b4.t8.p2.w116",0.269086816133278,0.214609494723394,8
"b4.t8.p2.w117",0.271972417846196,0.26035588860635,8
"b4.t8.p2.w120",-0.172234617915304,-0.0494626285201946,8
"b4.t8.p2.w62",0.293663873129967,0.219716570777802,8
"b4.t8.p2.w65",-0.0468497317873172,0.0268511084161394,8
"b4.t8.p2.w66",0.0497328121529359,0.0951890514628014,8
"b4.t8.p2.w72",0.0676012970066659,0.0767937786379534,8
"b4.t8.p2.w80",-0.0023310183861763,-0.0276190329045206,8
"b4.t8.p2.w82",0.0644440417208657,-0.0320644277953396,8
"b4.t8.p2.w83",0.26767651595255,0.252587918211704,8
"b4.t8.p2.w84",-0.120575653658917,-0.0146426598333431,8
"b4.t8.p2.w89",0.0372658195925474,0.0150290012742228,8
"b4.t8.p2.w90",-0.0276892888639039,0.0541412054263995,8
"b4.t8.p2.w92",0.303370637790033,0.237290348500749,8
"b4.t8.p2.w95",-0.0335005495474561,-0.0430750580201164,8
"b4.t8.p2.w96",-0.027762815895571,-0.0587681291411863,8
